"ID_de_la_réponse";"Date_de_soumission";"Dernière_page";"Langue_de_départ";"Tête_de_série";"Date_de_lancement";"Date_de_la_dernière_action";"Quel_est_votre_âge_?";"Vous_êtes_:";"Dans_quel_département_habitez-vous?";"Quel_est_votre_niveau_d'étude_? ";"A_quel_niveau_social_vous_situez-vous,_selon-vous_? _[Niveau_social_]";"Avez-vous_des_difficultés_financières_?";"Fumez-vous_?_(autre_que_la_cigarette_électronique)";"Avez-vous_des_maladies_ou_des_problèmes_de_santé_durables?";"Avez-vous_une_formation_professionnalisante_dans_le_domaine_de_la_santé?";"Travaillez-vous_dans_le_domaine_de_la_petite_enfance?";"Combien_d'enfants_avez-vous_à_charge?";"Quel_âge_ont_vos_enfants?";"Qui_consultez-vous_le_plus_souvent_pour_votre_(vos)_enfant(s)?_[Médecin_généraliste]";"Qui_consultez-vous_le_plus_souvent_pour_votre_(vos)_enfant(s)?_[Pédiatre]";"Qui_consultez-vous_le_plus_souvent_pour_votre_(vos)_enfant(s)?_[PMI]";"Qui_consultez-vous_le_plus_souvent_pour_votre_(vos)_enfant(s)?_[Urgences]";"Qui_consultez-vous_le_plus_souvent_pour_votre_(vos)_enfant(s)?_[Autre]";"Quels_sont_les_accidents_domestiques_auxquels_l'enfant_est_confronté_selon_vous_? ";"Un_de_vos_enfants_a-t-il_déjà_subi_une_brûlure_nécessitant_des_soins_médicaux_(médecin_traitant,_pédiatre_ou_urgences)?";"Pensez-vous_être_bien_informé_sur_les_risques_de_brûlures_des_enfants?";"Par_quel_moyen_êtes-vous_informé?_[Le_carnet_de_santé]";"Par_quel_moyen_êtes-vous_informé?_[La_brochure_réalisée_par_le_gouvernement]";"Par_quel_moyen_êtes-vous_informé?_[Le_médecin_qui_suit_votre_enfant]";"Par_quel_moyen_êtes-vous_informé?_[Une_formation_personnelle_aux_gestes_de_1er_secours]";"Par_quel_moyen_êtes-vous_informé?_[Un_accompagnement_à_la_périnatalité]";"Par_quel_moyen_êtes-vous_informé?_[Une_intervention_à_la_maternité]";"Par_quel_moyen_êtes-vous_informé?_[La_PMI]";"Par_quel_moyen_êtes-vous_informé?_[Autre]";"Quel_est_le_type_de_brûlures_le_plus_fréquent_selon_vous?";"Quelles_sont_les_brûlures_thermiques_les_plus_fréquentes_selon_vous?";"Parmi_les_brûlures_par_liquide_chaud_quelle_est_la_proportion_de_brûlures_par_liquides_alimentaires_selon_vous?";"Vous_diriez_que_les_brûlures_sont_le_plus_souvent_:";"Vous_diriez_que_les_brûlures_sont_le_plus_souvent_:_[Autre]";"Dans_quelle_tranche_d'âge_les_brûlures_nécessitant_une_hospitalisation_sont-elles_plus_fréquentes_selon_vous?";"Dans_quelle_tranche_d'âge_les_brûlures_nécessitant_une_hospitalisation_sont-elles_plus_graves_selon_vous?";"Vous_diriez_que_les_brûlures_sont_plus_fréquentes_:";"Quelle_est_la_pièce_la_plus_à_risque_de_brûlures_selon_vous?";"Quelle_est_la_pièce_la_plus_à_risque_de_brûlures_selon_vous?_[Autre]";"Par_quels_moyens_l'enfant_risque-t-il_de_se_brûler_à_domicile_selon_vous?";"Selon_vous,_en_3_secondes,_un_enfant_peut-il_se_brûler_avec_de_l'eau_à_60°C?";"Quelle_est_la_température_de_l'eau_du_bain_idéale_pour_un_nourrisson_selon_vous?";"Selon_vous,_parmi_les_circonstances_suivantes,_lesquelles_sont_à_risque_de_brûlures?_[L'enfant_est_laissé_seul_dans_son_bain]";"Selon_vous,_parmi_les_circonstances_suivantes,_lesquelles_sont_à_risque_de_brûlures?_[L'enfant_est_laissé_seul_sur_sa_chaise_haute]";"Selon_vous,_parmi_les_circonstances_suivantes,_lesquelles_sont_à_risque_de_brûlures?_[L'enfant_a_accès_aux_produits_d'entretien]";"Selon_vous,_parmi_les_circonstances_suivantes,_lesquelles_sont_à_risque_de_brûlures?_[L'enfant_joue_près_de_la_cuisinière]";"Selon_vous,_parmi_les_circonstances_suivantes,_lesquelles_sont_à_risque_de_brûlures?_[L'enfant_est_laissé_seul_sur_la_table_à_langer]";"Selon_vous,_parmi_les_circonstances_suivantes,_lesquelles_sont_à_risque_de_brûlures?_[L'enfant_s'agrippe_à_la_nappe_de_la_table]";"Quelle_zone_sensible_du_corps_de_l'adulte_permet_d'évaluer_la_température_du_biberon_selon_vous?";"Quels_moyens_de_prévention_et_de_protection_avez-vous_mis_en_place_chez_vous?_[Vous_vérifiez_toujours_la_température_de_l'eau_du_bain_avant_de_baigner_votre_enfant]";"Quels_moyens_de_prévention_et_de_protection_avez-vous_mis_en_place_chez_vous?_[Vous_avez_installé_sur_vos_robinets_des_dispositifs_de_sécurité_pour_contrôler_la_température_de_l'eau]";"Quels_moyens_de_prévention_et_de_protection_avez-vous_mis_en_place_chez_vous?_[Vous_êtes_toujours_dans_la_salle_de_bain_avec_votre_enfant_de_moins_de_4_ans_quand_il_prend_son_bain]";"Quels_moyens_de_prévention_et_de_protection_avez-vous_mis_en_place_chez_vous?_[Vous_avez_fermé_l'accès_à_la_cuisine_à_votre_enfant]";"Quels_moyens_de_prévention_et_de_protection_avez-vous_mis_en_place_chez_vous?_[Vous_tournez_systématiquement_les_manches_des_poêles_et_casseroles_pour_éviter_qu'ils_dépassent_de_la_cuisinière]";"Quels_moyens_de_prévention_et_de_protection_avez-vous_mis_en_place_chez_vous?_[Votre_four_est_équipé_d'une_porte_froide_ou_d'une_grille_de_protection]";"Quels_moyens_de_prévention_et_de_protection_avez-vous_mis_en_place_chez_vous?_[Vous_vérifiez_toujours_la_température_des_aliments_que_vous_donnez_à_votre_enfant]";"Quels_moyens_de_prévention_et_de_protection_avez-vous_mis_en_place_chez_vous?_[Vous_ne_chauffez_jamais_le_biberon_au_micro-onde]";"Quels_moyens_de_prévention_et_de_protection_avez-vous_mis_en_place_chez_vous?_[Vous_agitez_toujours_bien_le_biberon_avant_de_le_donner_à_votre_enfant]";"Quels_moyens_de_prévention_et_de_protection_avez-vous_mis_en_place_chez_vous?_[Votre_enfant_n'est_jamais_dans_la_même_pièce_que_vous_quand_vous_utilisez_le_fer_à_repasser]";"Quels_moyens_de_prévention_et_de_protection_avez-vous_mis_en_place_chez_vous?_[Vous_éloignez_votre_enfant_de_vous_quand_vous_buvez_une_boisson_chaude]";"Quels_moyens_de_prévention_et_de_protection_avez-vous_mis_en_place_chez_vous?_[Vous_mettez_toujours_les_briquets/bougies/allumettes_hors_d'accès_pour_votre_enfant]";"Quels_moyens_de_prévention_et_de_protection_avez-vous_mis_en_place_chez_vous?_[Vous_ne_fumez_jamais_près_de_votre_enfant]";"Quels_moyens_de_prévention_et_de_protection_avez-vous_mis_en_place_chez_vous?_[Votre_enfant_est_toujours_à_distance_d'un_barbecue_ou_d'une_cheminée_allumée]";"Quels_moyens_de_prévention_et_de_protection_avez-vous_mis_en_place_chez_vous?_[Vous_n'allumez_jamais_votre_barbecue_et/ou_cheminée_avec_de_l'alcool]";"Quels_moyens_de_prévention_et_de_protection_avez-vous_mis_en_place_chez_vous?_[Vos_installations_électriques_sont_aux_normes_et_vérifiées_régulièrement]";"Quels_moyens_de_prévention_et_de_protection_avez-vous_mis_en_place_chez_vous?_[Vos_prises_électriques_sont_équipées_d'une_sécurité_enfant]";"Quels_moyens_de_prévention_et_de_protection_avez-vous_mis_en_place_chez_vous?_[Vous_protégez_toujours_votre_enfant_du_soleil_(chapeau,_lumettes,_short_long,_T-shirt_à_manches_longues,_crème_solaire_adaptée)]";"Quels_moyens_de_prévention_et_de_protection_avez-vous_mis_en_place_chez_vous?_[Vous_n'exposez_pas_votre_enfant_au_soleil_aux_heures_les_plus_chaudes]";"Quels_moyens_de_prévention_et_de_protection_avez-vous_mis_en_place_chez_vous?_[Aucun]";"Quels_moyens_de_prévention_et_de_protection_avez-vous_mis_en_place_chez_vous?_[Autre]";"Comment_évaluez-vous_votre_capacité_à_réagir_en_cas_de_brûlures?";"Un_adulte_prépare_le_biberon_de_lait_pour_son_enfant_de_18_mois._Il_le_met_au_micro-onde_puis_le_pose_sur_le_bord_de_la_table_de_la_cuisine_le_temps_d'aller_chercher_la_poudre_de_lait._L'enfant,_très_rapide_depuis_l'acquisiton_de_la_marche,_veut_attraper_son_biberon_et_se_renverse_l'eau_chaude_sur_son_avant-bras._Il_a_un_body_avec_des_manches_longues_en_coton_qui_l'a_protégé._Il_se_met_tout_de_suite_à_pleurer._Son_bras_rougit_mais_aucune_cloque_n'apparait._Dans_ce_cas-là_que_feriez-vous?_[Vous_laissez_tel_quel_parce_que_la_brûlure_n'est_pas_grave]";"Un_adulte_prépare_le_biberon_de_lait_pour_son_enfant_de_18_mois._Il_le_met_au_micro-onde_puis_le_pose_sur_le_bord_de_la_table_de_la_cuisine_le_temps_d'aller_chercher_la_poudre_de_lait._L'enfant,_très_rapide_depuis_l'acquisiton_de_la_marche,_veut_attraper_son_biberon_et_se_renverse_l'eau_chaude_sur_son_avant-bras._Il_a_un_body_avec_des_manches_longues_en_coton_qui_l'a_protégé._Il_se_met_tout_de_suite_à_pleurer._Son_bras_rougit_mais_aucune_cloque_n'apparait._Dans_ce_cas-là_que_feriez-vous?_[Vous_enlevez_le_body]";"Un_adulte_prépare_le_biberon_de_lait_pour_son_enfant_de_18_mois._Il_le_met_au_micro-onde_puis_le_pose_sur_le_bord_de_la_table_de_la_cuisine_le_temps_d'aller_chercher_la_poudre_de_lait._L'enfant,_très_rapide_depuis_l'acquisiton_de_la_marche,_veut_attraper_son_biberon_et_se_renverse_l'eau_chaude_sur_son_avant-bras._Il_a_un_body_avec_des_manches_longues_en_coton_qui_l'a_protégé._Il_se_met_tout_de_suite_à_pleurer._Son_bras_rougit_mais_aucune_cloque_n'apparait._Dans_ce_cas-là_que_feriez-vous?_[Vous_mettez_rapidement_sous_l'eau_fraiche_entre_15°C_et_20°C_pendant_environ_5_minutes]";"Un_adulte_prépare_le_biberon_de_lait_pour_son_enfant_de_18_mois._Il_le_met_au_micro-onde_puis_le_pose_sur_le_bord_de_la_table_de_la_cuisine_le_temps_d'aller_chercher_la_poudre_de_lait._L'enfant,_très_rapide_depuis_l'acquisiton_de_la_marche,_veut_attraper_son_biberon_et_se_renverse_l'eau_chaude_sur_son_avant-bras._Il_a_un_body_avec_des_manches_longues_en_coton_qui_l'a_protégé._Il_se_met_tout_de_suite_à_pleurer._Son_bras_rougit_mais_aucune_cloque_n'apparait._Dans_ce_cas-là_que_feriez-vous?_[Vous_mettez_rapidement_sous_l'eau_fraiche_entre_15°C_et_20°C_pendant_environ_20_minutes]";"Un_adulte_prépare_le_biberon_de_lait_pour_son_enfant_de_18_mois._Il_le_met_au_micro-onde_puis_le_pose_sur_le_bord_de_la_table_de_la_cuisine_le_temps_d'aller_chercher_la_poudre_de_lait._L'enfant,_très_rapide_depuis_l'acquisiton_de_la_marche,_veut_attraper_son_biberon_et_se_renverse_l'eau_chaude_sur_son_avant-bras._Il_a_un_body_avec_des_manches_longues_en_coton_qui_l'a_protégé._Il_se_met_tout_de_suite_à_pleurer._Son_bras_rougit_mais_aucune_cloque_n'apparait._Dans_ce_cas-là_que_feriez-vous?_[Vous_pouvez_mettre_de_la_crème_grasse_type_vaseline]";"Un_adulte_prépare_le_biberon_de_lait_pour_son_enfant_de_18_mois._Il_le_met_au_micro-onde_puis_le_pose_sur_le_bord_de_la_table_de_la_cuisine_le_temps_d'aller_chercher_la_poudre_de_lait._L'enfant,_très_rapide_depuis_l'acquisiton_de_la_marche,_veut_attraper_son_biberon_et_se_renverse_l'eau_chaude_sur_son_avant-bras._Il_a_un_body_avec_des_manches_longues_en_coton_qui_l'a_protégé._Il_se_met_tout_de_suite_à_pleurer._Son_bras_rougit_mais_aucune_cloque_n'apparait._Dans_ce_cas-là_que_feriez-vous?_[Si_vous_n'avez_pas_de_crème_grasse_vous_pouvez_mettre_de_l'huile_de_karité_sur_la_brûlure]";"Un_adulte_prépare_le_biberon_de_lait_pour_son_enfant_de_18_mois._Il_le_met_au_micro-onde_puis_le_pose_sur_le_bord_de_la_table_de_la_cuisine_le_temps_d'aller_chercher_la_poudre_de_lait._L'enfant,_très_rapide_depuis_l'acquisiton_de_la_marche,_veut_attraper_son_biberon_et_se_renverse_l'eau_chaude_sur_son_avant-bras._Il_a_un_body_avec_des_manches_longues_en_coton_qui_l'a_protégé._Il_se_met_tout_de_suite_à_pleurer._Son_bras_rougit_mais_aucune_cloque_n'apparait._Dans_ce_cas-là_que_feriez-vous?_[Vous_appelez_le_médecin_qui_suit_votre_enfant_ou_le_15_si_vous_avez_un_doute]";"Votre_enfant_de_2_ans_est_très_curieux_et_vous_regarde_attentivement_en_train_de_préparer_son_bain._Pour_que_l'eau_chaude_arrive_rapidement_vous_avez_ouvert_le_robinet_d'eau_chaude_à_fond._C'est_à_ce_moment-là_que_votre_enfant_profite_de_votre_inattention_pour_mettre_sa_main_sous_l'eau._il_se_met_à_hurler._Sa_main_et_son_poignet_sont_tout_rouges_et_une_cloque_apparait_sur_le_dos_de_la_main._Votre_enfant_porte_un_joli_bracelet._Dans_ce_cas-là_que_feriez-vous?_[Vous_essayez_de_lui_enlever_le_bracelet_et_si_vous_n'y_arrivez_pas_vous_le_couper]";"Votre_enfant_de_2_ans_est_très_curieux_et_vous_regarde_attentivement_en_train_de_préparer_son_bain._Pour_que_l'eau_chaude_arrive_rapidement_vous_avez_ouvert_le_robinet_d'eau_chaude_à_fond._C'est_à_ce_moment-là_que_votre_enfant_profite_de_votre_inattention_pour_mettre_sa_main_sous_l'eau._il_se_met_à_hurler._Sa_main_et_son_poignet_sont_tout_rouges_et_une_cloque_apparait_sur_le_dos_de_la_main._Votre_enfant_porte_un_joli_bracelet._Dans_ce_cas-là_que_feriez-vous?_[Vous_mettez_la_main_de_votre_enfant_sous_l'eau_pendant_environ_5_minutes]";"Votre_enfant_de_2_ans_est_très_curieux_et_vous_regarde_attentivement_en_train_de_préparer_son_bain._Pour_que_l'eau_chaude_arrive_rapidement_vous_avez_ouvert_le_robinet_d'eau_chaude_à_fond._C'est_à_ce_moment-là_que_votre_enfant_profite_de_votre_inattention_pour_mettre_sa_main_sous_l'eau._il_se_met_à_hurler._Sa_main_et_son_poignet_sont_tout_rouges_et_une_cloque_apparait_sur_le_dos_de_la_main._Votre_enfant_porte_un_joli_bracelet._Dans_ce_cas-là_que_feriez-vous?_[Vous_mettez_la_main_de_votre_enfant_sous_l'eau_pendant_environ_20_minutes]";"Votre_enfant_de_2_ans_est_très_curieux_et_vous_regarde_attentivement_en_train_de_préparer_son_bain._Pour_que_l'eau_chaude_arrive_rapidement_vous_avez_ouvert_le_robinet_d'eau_chaude_à_fond._C'est_à_ce_moment-là_que_votre_enfant_profite_de_votre_inattention_pour_mettre_sa_main_sous_l'eau._il_se_met_à_hurler._Sa_main_et_son_poignet_sont_tout_rouges_et_une_cloque_apparait_sur_le_dos_de_la_main._Votre_enfant_porte_un_joli_bracelet._Dans_ce_cas-là_que_feriez-vous?_[Une_fois_la_peau_refroidie_vous_essuyez_la_main_de_votre_enfant_en_frottant_avec_une_serviette_de_toilette]";"Votre_enfant_de_2_ans_est_très_curieux_et_vous_regarde_attentivement_en_train_de_préparer_son_bain._Pour_que_l'eau_chaude_arrive_rapidement_vous_avez_ouvert_le_robinet_d'eau_chaude_à_fond._C'est_à_ce_moment-là_que_votre_enfant_profite_de_votre_inattention_pour_mettre_sa_main_sous_l'eau._il_se_met_à_hurler._Sa_main_et_son_poignet_sont_tout_rouges_et_une_cloque_apparait_sur_le_dos_de_la_main._Votre_enfant_porte_un_joli_bracelet._Dans_ce_cas-là_que_feriez-vous?_[Vous_coupez_les_cloques]";"Votre_enfant_de_2_ans_est_très_curieux_et_vous_regarde_attentivement_en_train_de_préparer_son_bain._Pour_que_l'eau_chaude_arrive_rapidement_vous_avez_ouvert_le_robinet_d'eau_chaude_à_fond._C'est_à_ce_moment-là_que_votre_enfant_profite_de_votre_inattention_pour_mettre_sa_main_sous_l'eau._il_se_met_à_hurler._Sa_main_et_son_poignet_sont_tout_rouges_et_une_cloque_apparait_sur_le_dos_de_la_main._Votre_enfant_porte_un_joli_bracelet._Dans_ce_cas-là_que_feriez-vous?_[Vous_mettez_de_l'éosine_sur_les_plaies_où_la_peau_s'est_enlevée]";"Votre_enfant_de_2_ans_est_très_curieux_et_vous_regarde_attentivement_en_train_de_préparer_son_bain._Pour_que_l'eau_chaude_arrive_rapidement_vous_avez_ouvert_le_robinet_d'eau_chaude_à_fond._C'est_à_ce_moment-là_que_votre_enfant_profite_de_votre_inattention_pour_mettre_sa_main_sous_l'eau._il_se_met_à_hurler._Sa_main_et_son_poignet_sont_tout_rouges_et_une_cloque_apparait_sur_le_dos_de_la_main._Votre_enfant_porte_un_joli_bracelet._Dans_ce_cas-là_que_feriez-vous?_[Vous_lui_donnez_une_dose_de_doliprane_en_fonction_de_son_poids]";"Votre_enfant_de_2_ans_est_très_curieux_et_vous_regarde_attentivement_en_train_de_préparer_son_bain._Pour_que_l'eau_chaude_arrive_rapidement_vous_avez_ouvert_le_robinet_d'eau_chaude_à_fond._C'est_à_ce_moment-là_que_votre_enfant_profite_de_votre_inattention_pour_mettre_sa_main_sous_l'eau._il_se_met_à_hurler._Sa_main_et_son_poignet_sont_tout_rouges_et_une_cloque_apparait_sur_le_dos_de_la_main._Votre_enfant_porte_un_joli_bracelet._Dans_ce_cas-là_que_feriez-vous?_[Vous_appelez_le_15_ou_le_112]";"Un_adulte_allume_un_feu_dans_la_cheminée._Pour_aller_plus_vite_il_décide_de_mettre_de_l'alcool._Lorsqu'il_asperge_le_feu_d'alcool_il_y_a_un_retour_de_flamme_important._L'adulte_a_un_réflexe_de_recul._Ce_n'est_malheureusement_pas_le_cas_pour_l'enfant_de_3_ans_qui_était_à_côté_de_lui_et_qui_n'a_pas_bougé._Il_a_donc_tout_le_torse_brûlé._Ces_vêtements_qui_étaient_en_synthétique_ont_fondu_sur_sa_peau._vous_êtes_étonné_du_peu_de_réaction_de_l'enfant_vis-à-vis_de_la_douleur_par_rapport_à_l'étendue_de_la_brûlure._Dans_ce_cas-là_que_feriez-vous?_[Vous_vous_dites_que_s'il_n'a_pas_mal_c'est_que_la_brûlure_n'est_pas_grave]";"Un_adulte_allume_un_feu_dans_la_cheminée._Pour_aller_plus_vite_il_décide_de_mettre_de_l'alcool._Lorsqu'il_asperge_le_feu_d'alcool_il_y_a_un_retour_de_flamme_important._L'adulte_a_un_réflexe_de_recul._Ce_n'est_malheureusement_pas_le_cas_pour_l'enfant_de_3_ans_qui_était_à_côté_de_lui_et_qui_n'a_pas_bougé._Il_a_donc_tout_le_torse_brûlé._Ces_vêtements_qui_étaient_en_synthétique_ont_fondu_sur_sa_peau._vous_êtes_étonné_du_peu_de_réaction_de_l'enfant_vis-à-vis_de_la_douleur_par_rapport_à_l'étendue_de_la_brûlure._Dans_ce_cas-là_que_feriez-vous?_[Vous_essayez_de_lui_enlever_ses_vêtements_à_tout_prix]";"Un_adulte_allume_un_feu_dans_la_cheminée._Pour_aller_plus_vite_il_décide_de_mettre_de_l'alcool._Lorsqu'il_asperge_le_feu_d'alcool_il_y_a_un_retour_de_flamme_important._L'adulte_a_un_réflexe_de_recul._Ce_n'est_malheureusement_pas_le_cas_pour_l'enfant_de_3_ans_qui_était_à_côté_de_lui_et_qui_n'a_pas_bougé._Il_a_donc_tout_le_torse_brûlé._Ces_vêtements_qui_étaient_en_synthétique_ont_fondu_sur_sa_peau._vous_êtes_étonné_du_peu_de_réaction_de_l'enfant_vis-à-vis_de_la_douleur_par_rapport_à_l'étendue_de_la_brûlure._Dans_ce_cas-là_que_feriez-vous?_[Vous_le_mettez_entièrement_sous_l'eau_froide]";"Un_adulte_allume_un_feu_dans_la_cheminée._Pour_aller_plus_vite_il_décide_de_mettre_de_l'alcool._Lorsqu'il_asperge_le_feu_d'alcool_il_y_a_un_retour_de_flamme_important._L'adulte_a_un_réflexe_de_recul._Ce_n'est_malheureusement_pas_le_cas_pour_l'enfant_de_3_ans_qui_était_à_côté_de_lui_et_qui_n'a_pas_bougé._Il_a_donc_tout_le_torse_brûlé._Ces_vêtements_qui_étaient_en_synthétique_ont_fondu_sur_sa_peau._vous_êtes_étonné_du_peu_de_réaction_de_l'enfant_vis-à-vis_de_la_douleur_par_rapport_à_l'étendue_de_la_brûlure._Dans_ce_cas-là_que_feriez-vous?_[Vous_lui_donnez_à_boire_et_à_manger_s'il_le_souhaite]";"Un_adulte_allume_un_feu_dans_la_cheminée._Pour_aller_plus_vite_il_décide_de_mettre_de_l'alcool._Lorsqu'il_asperge_le_feu_d'alcool_il_y_a_un_retour_de_flamme_important._L'adulte_a_un_réflexe_de_recul._Ce_n'est_malheureusement_pas_le_cas_pour_l'enfant_de_3_ans_qui_était_à_côté_de_lui_et_qui_n'a_pas_bougé._Il_a_donc_tout_le_torse_brûlé._Ces_vêtements_qui_étaient_en_synthétique_ont_fondu_sur_sa_peau._vous_êtes_étonné_du_peu_de_réaction_de_l'enfant_vis-à-vis_de_la_douleur_par_rapport_à_l'étendue_de_la_brûlure._Dans_ce_cas-là_que_feriez-vous?_[Vous_le_couvrez_vite_d'une_couverture_pour_éviter_qu'il_se_refroidisse]";"Un_adulte_allume_un_feu_dans_la_cheminée._Pour_aller_plus_vite_il_décide_de_mettre_de_l'alcool._Lorsqu'il_asperge_le_feu_d'alcool_il_y_a_un_retour_de_flamme_important._L'adulte_a_un_réflexe_de_recul._Ce_n'est_malheureusement_pas_le_cas_pour_l'enfant_de_3_ans_qui_était_à_côté_de_lui_et_qui_n'a_pas_bougé._Il_a_donc_tout_le_torse_brûlé._Ces_vêtements_qui_étaient_en_synthétique_ont_fondu_sur_sa_peau._vous_êtes_étonné_du_peu_de_réaction_de_l'enfant_vis-à-vis_de_la_douleur_par_rapport_à_l'étendue_de_la_brûlure._Dans_ce_cas-là_que_feriez-vous?_[Vous_appelez_le_15_ou_le_112]";"Avec_l'arrivée_des_beaux_jours_vous_avez_envie_de_profiter_du_soleil._Vous_décidez_de_vous_mettre_sur_une_chaise_longue_dans_votre_jardin_et_vous_installez_votre_enfant_de_6_mois_dans_son_transat_à_côté_de_vous._Vous_ne_lui_mettez_pas_de_crème_parce_que_vous_n'en_avez_pas_pour_son_âge_et_vous_vous_dites_qu'au_mois_d'avril_le_soleil_n'est_pas_dangereux._Au_bout_de_20_minutes_votre_enfant_rougit_au_niveau_des_bras_et_du_visage._Dans_ce_cas-là_que_feriez-vous?_[Vous_le_laissez_au_soleil,_ça_ne_fait_pas_longtemps_qu'il_est_exposé]";"Avec_l'arrivée_des_beaux_jours_vous_avez_envie_de_profiter_du_soleil._Vous_décidez_de_vous_mettre_sur_une_chaise_longue_dans_votre_jardin_et_vous_installez_votre_enfant_de_6_mois_dans_son_transat_à_côté_de_vous._Vous_ne_lui_mettez_pas_de_crème_parce_que_vous_n'en_avez_pas_pour_son_âge_et_vous_vous_dites_qu'au_mois_d'avril_le_soleil_n'est_pas_dangereux._Au_bout_de_20_minutes_votre_enfant_rougit_au_niveau_des_bras_et_du_visage._Dans_ce_cas-là_que_feriez-vous?_[La_peau_de_votre_enfant_est_plus_fragile,_il_est_donc_plus_sensible_au_soleil_que_vous]";"Avec_l'arrivée_des_beaux_jours_vous_avez_envie_de_profiter_du_soleil._Vous_décidez_de_vous_mettre_sur_une_chaise_longue_dans_votre_jardin_et_vous_installez_votre_enfant_de_6_mois_dans_son_transat_à_côté_de_vous._Vous_ne_lui_mettez_pas_de_crème_parce_que_vous_n'en_avez_pas_pour_son_âge_et_vous_vous_dites_qu'au_mois_d'avril_le_soleil_n'est_pas_dangereux._Au_bout_de_20_minutes_votre_enfant_rougit_au_niveau_des_bras_et_du_visage._Dans_ce_cas-là_que_feriez-vous?_[Vous_lui_donnez_beaucoup_à_boire]";"Avec_l'arrivée_des_beaux_jours_vous_avez_envie_de_profiter_du_soleil._Vous_décidez_de_vous_mettre_sur_une_chaise_longue_dans_votre_jardin_et_vous_installez_votre_enfant_de_6_mois_dans_son_transat_à_côté_de_vous._Vous_ne_lui_mettez_pas_de_crème_parce_que_vous_n'en_avez_pas_pour_son_âge_et_vous_vous_dites_qu'au_mois_d'avril_le_soleil_n'est_pas_dangereux._Au_bout_de_20_minutes_votre_enfant_rougit_au_niveau_des_bras_et_du_visage._Dans_ce_cas-là_que_feriez-vous?_[Vous_le_rafraichissez_avec_un_bain_tiède]";"Avec_l'arrivée_des_beaux_jours_vous_avez_envie_de_profiter_du_soleil._Vous_décidez_de_vous_mettre_sur_une_chaise_longue_dans_votre_jardin_et_vous_installez_votre_enfant_de_6_mois_dans_son_transat_à_côté_de_vous._Vous_ne_lui_mettez_pas_de_crème_parce_que_vous_n'en_avez_pas_pour_son_âge_et_vous_vous_dites_qu'au_mois_d'avril_le_soleil_n'est_pas_dangereux._Au_bout_de_20_minutes_votre_enfant_rougit_au_niveau_des_bras_et_du_visage._Dans_ce_cas-là_que_feriez-vous?_[Vous_retirez_la_peau_qui_pèle]";"Avec_l'arrivée_des_beaux_jours_vous_avez_envie_de_profiter_du_soleil._Vous_décidez_de_vous_mettre_sur_une_chaise_longue_dans_votre_jardin_et_vous_installez_votre_enfant_de_6_mois_dans_son_transat_à_côté_de_vous._Vous_ne_lui_mettez_pas_de_crème_parce_que_vous_n'en_avez_pas_pour_son_âge_et_vous_vous_dites_qu'au_mois_d'avril_le_soleil_n'est_pas_dangereux._Au_bout_de_20_minutes_votre_enfant_rougit_au_niveau_des_bras_et_du_visage._Dans_ce_cas-là_que_feriez-vous?_[Vous_surveillez_sa_température]";"Avec_l'arrivée_des_beaux_jours_vous_avez_envie_de_profiter_du_soleil._Vous_décidez_de_vous_mettre_sur_une_chaise_longue_dans_votre_jardin_et_vous_installez_votre_enfant_de_6_mois_dans_son_transat_à_côté_de_vous._Vous_ne_lui_mettez_pas_de_crème_parce_que_vous_n'en_avez_pas_pour_son_âge_et_vous_vous_dites_qu'au_mois_d'avril_le_soleil_n'est_pas_dangereux._Au_bout_de_20_minutes_votre_enfant_rougit_au_niveau_des_bras_et_du_visage._Dans_ce_cas-là_que_feriez-vous?_[Vous_consultez_un_médecin_ou_appelez_le_15_ou_le_112]";"Seriez-vous_intéressé(e)_par_une_formation?";"Temps_total_:";"Durée_pour_le_groupe_:_Profil";"Durée_pour_la_question:_age";"Durée_pour_la_question:_Sexe";"Durée_pour_la_question:_departement";"Durée_pour_la_question:_Etude";"Durée_pour_la_question:_Social";"Durée_pour_la_question:_Finances";"Durée_pour_la_question:_tabac";"Durée_pour_la_question:_sante";"Durée_pour_la_question:_Formation";"Durée_pour_la_question:_enfance";"Durée_pour_la_question:_Enfants";"Durée_pour_la_question:_ageenfants";"Durée_pour_la_question:_consultation";"Durée_pour_la_question:_Accidents";"Durée_pour_le_groupe_:_Connaissances";"Durée_pour_la_question:_antedecents";"Durée_pour_la_question:_Information";"Durée_pour_la_question:_Moyen";"Durée_pour_la_question:_Frequence";"Durée_pour_la_question:_Thermiques";"Durée_pour_la_question:_Alimentaire";"Durée_pour_la_question:_Origine";"Durée_pour_la_question:_frequencehospit";"Durée_pour_la_question:_gravitehospit";"Durée_pour_la_question:_frequencesexe";"Durée_pour_la_question:_piece";"Durée_pour_la_question:_moyens";"Durée_pour_la_question:_eau";"Durée_pour_la_question:_temperature";"Durée_pour_la_question:_circonstances";"Durée_pour_la_question:_corps";"Durée_pour_le_groupe_:_En_pratique";"Durée_pour_la_question:_prevention";"Durée_pour_le_groupe_:_Cas_cliniques";"Durée_pour_la_question:_reaction";"Durée_pour_la_question:_cas1";"Durée_pour_la_question:_cas2";"Durée_pour_la_question:_cas3";"Durée_pour_la_question:_cas4";"Durée_pour_le_groupe_:_En_apprendre_d'avantage...";"Durée_pour_la_question:_ensavoirplus"
"3";"";"";"fr";"1358314407";"2025-10-10 11:54:17";"2025-10-10 11:54:17";"";"N/A";"";"";"";"N/A";"N/A";"N/A";"N/A";"N/A";"";"";"N/A";"N/A";"N/A";"N/A";"";"";"N/A";"";"N/A";"N/A";"N/A";"N/A";"N/A";"N/A";"N/A";"";"";"";"";"";"";"";"";"";"";"";"";"";"";"N/A";"N/A";"N/A";"N/A";"N/A";"N/A";"";"N/A";"N/A";"N/A";"N/A";"N/A";"N/A";"N/A";"N/A";"N/A";"N/A";"N/A";"N/A";"N/A";"N/A";"N/A";"N/A";"N/A";"N/A";"N/A";"N/A";"";"";"N/A";"N/A";"N/A";"N/A";"N/A";"N/A";"N/A";"N/A";"N/A";"N/A";"N/A";"N/A";"N/A";"N/A";"N/A";"N/A";"N/A";"N/A";"N/A";"N/A";"N/A";"N/A";"N/A";"N/A";"N/A";"N/A";"N/A";"N/A";"N/A";"0";"";"";"";"";"";"";"";"";"";"";"";"";"";"";"";"";"";"";"";"";"";"";"";"";"";"";"";"";"";"";"";"";"";"";"";"";"";"";"";"";"";""
"4";"2025-10-10 12:28:08";"5";"fr";"297730992";"2025-10-10 12:18:00";"2025-10-10 12:28:08";"30";"Féminin";"44";"≥ Bac + 3";"8";"Non";"Non";"Non";"Non";"Non";"1";"16mois";"Non";"Oui";"Non";"Non";"";"Chutes et intoxications";"Non";"4";"Non";"Non";"Non";"Oui";"Non";"Non";"Non";"";"Thermique";"Liquide chaud";"Plus de 60%";"Accidentelles";"";"Les 0-4 ans";"Les 15-24 ans";"Autant chez les filles/femmes que les garçons/hommes";"La cuisine";"";"Produits ménagers, plaques de cuisson/four, thé/café";"Oui, et la brûlure est grave";"35°C";"Oui";"Non";"Oui";"Oui";"Non";"Oui";"Le poignet (côté paume de la main)";"Oui";"Non";"Oui";"Non";"Oui";"Oui";"Oui";"Non";"Non";"Non";"Oui";"Oui";"Oui";"Oui";"Oui";"Non";"Non";"Oui";"Oui";"Non";"";"3";"Non";"Non";"Oui";"Non";"Oui";"Non";"Oui";"Oui";"Oui";"Non";"Non";"Non";"Non";"Oui";"Oui";"Non";"Non";"Oui";"Non";"Non";"Oui";"Non";"Non";"Oui";"Non";"Non";"Oui";"Non";"Oui";"609.08";"89.58";"";"";"";"";"";"";"";"";"";"";"";"";"";"";"250.05";"";"";"";"";"";"";"";"";"";"";"";"";"";"";"";"";"61.75";"";"201.94";"";"";"";"";"";"5.76";""
"5";"2025-10-10 12:45:36";"5";"fr";"1020534482";"2025-10-10 12:30:40";"2025-10-10 12:45:36";"31";"Féminin";"37";"≥ Bac + 3";"8";"Non";"Oui";"Non";"Non";"Non";"1";"2 ans";"Oui";"Non";"Non";"Non";"";"Chutes 
Brûlures 
Morsures animaux 
Noyades
Étouffements ";"Non";"1";"Non";"Non";"Non";"Non";"Non";"Non";"Non";"Pas informée ";"Thermique";"Liquide chaud";"Environ 40%";"Accidentelles";"";"Les 0-4 ans";"Les 0-4 ans";"Autant chez les filles/femmes que les garçons/hommes";"La cuisine";"";"Plaques. Eau chaude dans un récipient ";"Oui, et la brûlure est grave";"37°C";"Non";"Non";"Oui";"Oui";"Non";"Oui";"Le coude";"Oui";"Non";"Oui";"Non";"Oui";"Oui";"Oui";"Non";"Oui";"Oui";"Oui";"Oui";"Oui";"Oui";"Oui";"Oui";"Non";"Oui";"Non";"Non";"";"5";"Non";"Non";"Oui";"Non";"Oui";"Non";"Oui";"Non";"Oui";"Non";"Non";"Non";"Non";"Non";"Oui";"Non";"Non";"Non";"Non";"Non";"Oui";"Non";"Oui";"Oui";"Non";"Non";"Oui";"Non";"Oui";"896.87";"177.62";"";"";"";"";"";"";"";"";"";"";"";"";"";"";"488.61";"";"";"";"";"";"";"";"";"";"";"";"";"";"";"";"";"63.75";"";"160.07";"";"";"";"";"";"6.82";""
"6";"";"";"fr";"988052067";"2025-10-10 18:13:03";"2025-10-10 18:13:03";"";"N/A";"";"";"";"N/A";"N/A";"N/A";"N/A";"N/A";"";"";"N/A";"N/A";"N/A";"N/A";"";"";"N/A";"";"N/A";"N/A";"N/A";"N/A";"N/A";"N/A";"N/A";"";"";"";"";"";"";"";"";"";"";"";"";"";"";"N/A";"N/A";"N/A";"N/A";"N/A";"N/A";"";"N/A";"N/A";"N/A";"N/A";"N/A";"N/A";"N/A";"N/A";"N/A";"N/A";"N/A";"N/A";"N/A";"N/A";"N/A";"N/A";"N/A";"N/A";"N/A";"N/A";"";"";"N/A";"N/A";"N/A";"N/A";"N/A";"N/A";"N/A";"N/A";"N/A";"N/A";"N/A";"N/A";"N/A";"N/A";"N/A";"N/A";"N/A";"N/A";"N/A";"N/A";"N/A";"N/A";"N/A";"N/A";"N/A";"N/A";"N/A";"N/A";"N/A";"0";"";"";"";"";"";"";"";"";"";"";"";"";"";"";"";"";"";"";"";"";"";"";"";"";"";"";"";"";"";"";"";"";"";"";"";"";"";"";"";"";"";""
"8";"2025-10-11 14:52:12";"5";"fr";"1458571634";"2025-10-11 14:41:17";"2025-10-11 14:52:12";"39";"Féminin";"97";"≥ Bac + 3";"7";"Non";"Non";"Non";"Oui";"Oui";"5";"13/11/8/5/1";"Oui";"Non";"Non";"Non";"";"Plaie au menton chute de la balançoire
Fracture poignet en velo
Traumatisme genou en ski";"Oui";"5";"Non";"Non";"Non";"Oui";"Non";"Non";"Non";"";"Thermique";"Liquide chaud";"Plus de 60%";"Accidentelles";"";"Les 0-4 ans";"Les 0-4 ans";"Chez les filles/femmes";"La cuisine";"";"The chaud casserole … plat chaud 
Gaziniere
Friteuse…

Salle de bain bain trop chaud ";"Oui, et la brûlure est superficielle";"37°C";"Oui";"Non";"Oui";"Oui";"Non";"Oui";"La paume de la main";"Oui";"Non";"Oui";"Oui";"Oui";"Oui";"Oui";"Non";"Oui";"Non";"Oui";"Oui";"Non";"Oui";"Oui";"Oui";"Non";"Oui";"Non";"Non";"";"4";"Non";"Oui";"Non";"Oui";"Oui";"Non";"Oui";"Oui";"Non";"Oui";"Non";"Non";"Non";"Oui";"Non";"Non";"Non";"Oui";"Oui";"Oui";"Oui";"Non";"Oui";"Oui";"Oui";"Non";"Oui";"Non";"Oui";"656.66";"107.12";"";"";"";"";"";"";"";"";"";"";"";"";"";"";"199.18";"";"";"";"";"";"";"";"";"";"";"";"";"";"";"";"";"84.13";"";"254.48";"";"";"";"";"";"11.75";""
"9";"2025-10-11 16:24:09";"5";"fr";"994807669";"2025-10-11 15:00:51";"2025-10-11 16:24:09";"36";"Féminin";"56";"≥ Bac + 3";"4";"Non";"Non";"Non";"Oui";"Non";"3";"7 ans - 6 ans - 4 ans";"Oui";"Non";"Non";"Non";"";"Brûlure poêle / cheminée
Noyade";"Non";"5";"Non";"Non";"Non";"Oui";"Non";"Non";"Non";"";"Thermique";"Liquide chaud";"Plus de 60%";"Accidentelles";"";"Les 0-4 ans";"Les 0-4 ans";"Autant chez les filles/femmes que les garçons/hommes";"La cuisine";"";"Casserole contenant un liquide brûlant 
Cheminée ";"Oui, et la brûlure est superficielle";"37°C";"Non";"Non";"Oui";"Oui";"Non";"Non";"Le poignet (côté paume de la main)";"Oui";"Non";"Oui";"Non";"Oui";"Non";"Oui";"Non";"Non";"Non";"Oui";"Non";"Non";"Oui";"Non";"Non";"Non";"Oui";"Non";"Non";"";"5";"Non";"Oui";"Oui";"Non";"Non";"Oui";"Non";"Oui";"Non";"Oui";"Non";"Non";"Non";"Oui";"Non";"Non";"Non";"Non";"Non";"Oui";"Oui";"Non";"Oui";"Oui";"Oui";"Non";"Oui";"Non";"Non";"4999.53";"119.89";"";"";"";"";"";"";"";"";"";"";"";"";"";"";"1480.84";"";"";"";"";"";"";"";"";"";"";"";"";"";"";"";"";"39.57";"";"3330.84";"";"";"";"";"";"28.39";""
"10";"2025-10-11 15:33:42";"5";"fr";"290382322";"2025-10-11 15:25:34";"2025-10-11 15:33:42";"35";"Féminin";"97";"Baccalauréat - Bac +2";"6";"Non";"Non";"Non";"Non";"Non";"2";"6 ans - 5 ans";"Oui";"Non";"Non";"Non";"";"Écorchures ";"Non";"2";"Oui";"Non";"Non";"Oui";"Non";"Non";"Non";"";"Thermique";"Liquide chaud";"Plus de 60%";"Accidentelles";"";"Les 0-4 ans";"Les 5-14 ans";"Autant chez les filles/femmes que les garçons/hommes";"La cuisine";"";"Four, plaque de cuisson";"Oui, et la brûlure est superficielle";"37°C";"Non";"Non";"Non";"Oui";"Non";"Oui";"Le poignet (côté paume de la main)";"Oui";"Oui";"Oui";"Oui";"Oui";"Oui";"Oui";"Oui";"Oui";"Oui";"Oui";"Oui";"Oui";"Oui";"Oui";"Oui";"Oui";"Oui";"Oui";"Non";"";"3";"Non";"Oui";"Non";"Oui";"Non";"Non";"Oui";"Oui";"Non";"Oui";"Non";"Non";"Non";"Non";"Oui";"Non";"Non";"Non";"Non";"Non";"Oui";"Non";"Oui";"Oui";"Non";"Non";"Oui";"Oui";"N/A";"489.18";"109.7";"";"";"";"";"";"";"";"";"";"";"";"";"";"";"161.43";"";"";"";"";"";"";"";"";"";"";"";"";"";"";"";"";"49.74";"";"155.66";"";"";"";"";"";"12.65";""
"11";"2025-10-11 15:49:23";"5";"fr";"270610171";"2025-10-11 15:30:41";"2025-10-11 15:49:23";"39";"Féminin";"26";"≥ Bac + 3";"9";"Non";"Non";"Non";"Oui";"Non";"4";"2 ans - 6 ans - 9 ans - 12 ans";"Oui";"Non";"Non";"Non";"";"Chutes (escaliers, table à langer, piscine..) , brûlures, étouffement ";"Non";"5";"Non";"Non";"Non";"Oui";"Non";"Non";"Non";"Les informations";"Thermique";"Liquide chaud";"Plus de 60%";"Accidentelles";"";"Les 5-14 ans";"Les 0-4 ans";"Autant chez les filles/femmes que les garçons/hommes";"La cuisine";"";"Eau de cuisson, plaque chauffante, repas trop chaud, feu de cheminée, fer à repasser ";"Oui, et la brûlure est grave";"37°C";"Oui";"Oui";"Oui";"Oui";"Non";"Oui";"Le poignet (côté paume de la main)";"Oui";"Non";"Oui";"Non";"Oui";"Oui";"Oui";"Non";"Oui";"Non";"Oui";"Oui";"Non";"Non";"Oui";"Non";"Oui";"Oui";"Oui";"Non";"";"3";"Non";"Oui";"Oui";"Non";"Oui";"Non";"Oui";"Oui";"Non";"Oui";"Non";"Non";"Non";"Oui";"Oui";"Non";"Non";"Oui";"Non";"Non";"Oui";"Non";"Oui";"Non";"Oui";"Non";"Oui";"Non";"Oui";"1123.72";"362.59";"";"";"";"";"";"";"";"";"";"";"";"";"";"";"479.24";"";"";"";"";"";"";"";"";"";"";"";"";"";"";"";"";"70.72";"";"204.54";"";"";"";"";"";"6.63";""
"12";"2025-10-11 15:52:46";"5";"fr";"134617137";"2025-10-11 15:44:37";"2025-10-11 15:52:46";"29";"Féminin";"92";"≥ Bac + 3";"7";"Non";"Non";"Non";"Non";"Non";"2";"1 et demi - 3 ans";"Oui";"Non";"Non";"Non";"";"Piles, produits ménagers, prises électriques, noyades.";"Non";"4";"Non";"Non";"Non";"Non";"Non";"Non";"Non";"Éducation ";"Thermique";"Liquide chaud";"Plus de 60%";"Accidentelles";"";"";"";"Autant chez les filles/femmes que les garçons/hommes";"La cuisine";"";"Four, plaque, cheminée ";"Oui, et la brûlure est superficielle";"37°C";"Non";"Non";"Oui";"Oui";"Non";"Oui";"Le poignet (côté dos de la main)";"Oui";"Non";"Oui";"Non";"Oui";"Oui";"Oui";"Oui";"Oui";"Oui";"Non";"Oui";"Non";"Oui";"Oui";"Oui";"Oui";"Oui";"Oui";"Non";"";"3";"Non";"Oui";"Oui";"Non";"Non";"Non";"Non";"Oui";"Non";"Oui";"Non";"Non";"Non";"Oui";"Oui";"Non";"Non";"Oui";"Oui";"Oui";"Oui";"Non";"Oui";"Oui";"Oui";"Non";"Oui";"Non";"Non";"492.17";"107.47";"";"";"";"";"";"";"";"";"";"";"";"";"";"";"164.57";"";"";"";"";"";"";"";"";"";"";"";"";"";"";"";"";"52.65";"";"160.51";"";"";"";"";"";"6.97";""
"13";"2025-10-11 15:52:01";"5";"fr";"1356323162";"2025-10-11 15:45:12";"2025-10-11 15:52:01";"30";"Féminin";"62";"≥ Bac + 3";"7";"Non";"Non";"Non";"Non";"Non";"1";"1";"Oui";"Non";"Non";"Non";"";"Brûlure 
Chute 
Coupure";"Non";"1";"Oui";"Non";"Non";"Non";"Non";"Non";"Non";"";"Thermique";"Liquide chaud";"Plus de 60%";"Accidentelles";"";"Les 0-4 ans";"Les 0-4 ans";"Autant chez les filles/femmes que les garçons/hommes";"La cuisine";"";"Lors de la cuisine
Four
";"Oui, et la brûlure est superficielle";"37°C";"Non";"Non";"Oui";"Oui";"Oui";"Oui";"Le dos de la main";"Oui";"Non";"Oui";"Non";"Oui";"Oui";"Oui";"Oui";"Oui";"Oui";"Non";"Non";"Oui";"Non";"Non";"Oui";"Oui";"Oui";"Oui";"Non";"";"1";"Non";"Oui";"Oui";"Non";"Non";"Non";"Oui";"Oui";"Non";"Oui";"Non";"Non";"Non";"Non";"Oui";"Non";"Oui";"Oui";"Non";"Non";"Oui";"Non";"Oui";"Oui";"Non";"Non";"Oui";"Oui";"Oui";"410.29";"90.11";"";"";"";"";"";"";"";"";"";"";"";"";"";"";"130.77";"";"";"";"";"";"";"";"";"";"";"";"";"";"";"";"";"54.87";"";"129.03";"";"";"";"";"";"5.51";""
"14";"2025-10-11 15:52:18";"5";"fr";"877155178";"2025-10-11 15:46:21";"2025-10-11 15:52:18";"50";"Masculin";"78";"≥ Bac + 3";"8";"Non";"Oui";"Non";"Non";"Non";"4";"18 14 10 10 mois";"Oui";"Oui";"Non";"Non";"";"Avaler des choses ";"Non";"0";"Non";"Non";"Oui";"Non";"Non";"Non";"Non";"";"Par frottement";"Liquide chaud";"Environ 40%";"Accidentelles";"";"Les 0-4 ans";"Les 0-4 ans";"Autant chez les filles/femmes que les garçons/hommes";"La cuisine";"";"Cuisine ";"Oui, et la brûlure est grave";"37°C";"Oui";"Oui";"Oui";"Oui";"Oui";"Oui";"Le dos de la main";"Oui";"Non";"Oui";"Non";"Non";"Non";"Non";"Non";"Oui";"Non";"Non";"Non";"Non";"Non";"Non";"Non";"Oui";"Oui";"Oui";"Non";"";"3";"Non";"Oui";"Oui";"Non";"Non";"Non";"Non";"Non";"Oui";"Non";"Non";"Non";"Oui";"Non";"Non";"Non";"Oui";"Oui";"Non";"Non";"Non";"Non";"Oui";"Oui";"Non";"Non";"Non";"Non";"Oui";"359.85";"96.06";"";"";"";"";"";"";"";"";"";"";"";"";"";"";"110.56";"";"";"";"";"";"";"";"";"";"";"";"";"";"";"";"";"35.66";"";"109.69";"";"";"";"";"";"7.88";""
"15";"2025-10-11 15:58:36";"5";"fr";"1839400195";"2025-10-11 15:47:29";"2025-10-11 15:58:36";"38";"Féminin";"83";"≥ Bac + 3";"7";"Non";"Non";"Non";"Non";"Non";"6";"13 années - 11 années - 9 années - 8 années - 5 années - 1 année";"Non";"Oui";"Non";"Non";"";"Chutes, blessures avec objet coupant, étouffement ";"Non";"5";"Non";"Non";"Non";"Oui";"Non";"Non";"Non";"";"Thermique";"Liquide chaud";"Plus de 60%";"Accidentelles";"";"Les 15-24 ans";"Les 0-4 ans";"Chez les garçons/hommes";"La cuisine";"";"Accident lors du déplacement de liquide chaud";"Oui, et la brûlure est grave";"37°C";"Oui";"Non";"Oui";"Oui";"Non";"Oui";"La bouche";"Oui";"Non";"Oui";"Non";"Oui";"Oui";"Oui";"Non";"Oui";"Non";"Oui";"Oui";"Oui";"Oui";"Oui";"Oui";"Non";"Oui";"Oui";"Non";"";"3";"Non";"Oui";"Oui";"Non";"Oui";"Non";"Oui";"Non";"Oui";"Non";"Non";"Non";"Non";"Oui";"Non";"Non";"Non";"Oui";"Non";"Non";"Oui";"Non";"Oui";"Oui";"Oui";"Non";"Oui";"Non";"Oui";"668.93";"312.2";"";"";"";"";"";"";"";"";"";"";"";"";"";"";"163.26";"";"";"";"";"";"";"";"";"";"";"";"";"";"";"";"";"61.5";"";"126.25";"";"";"";"";"";"5.72";""
"16";"2025-10-11 22:42:00";"5";"fr";"769924921";"2025-10-11 22:30:08";"2025-10-11 22:42:00";"39";"Féminin";"56";"≥ Bac + 3";"6";"Non";"Non";"Non";"Non";"Non";"3";"4 ans - 7 ans - 10 ans";"Oui";"Non";"Non";"Non";"";"Brûlure 
Coupure 
Chute escaliers ";"Non";"3";"Non";"Non";"Non";"Oui";"Non";"Non";"Non";"";"Thermique";"Liquide chaud";"Environ 40%";"Accidentelles";"";"Les 0-4 ans";"Les 0-4 ans";"Autant chez les filles/femmes que les garçons/hommes";"La cuisine";"";"Renverser une casserole 
Toucher le four ";"";"37°C";"Non";"Non";"Oui";"Oui";"Non";"Oui";"Le poignet (côté paume de la main)";"Non";"Non";"Non";"Non";"Oui";"Oui";"Non";"Non";"Non";"Non";"Non";"Oui";"Non";"Oui";"Oui";"Oui";"Non";"Non";"Non";"Non";"";"2";"Non";"Non";"Oui";"Non";"Non";"Non";"Oui";"Non";"Non";"Oui";"Non";"Non";"Non";"Non";"Oui";"Non";"Non";"Non";"Non";"Non";"Oui";"Non";"Non";"Oui";"Non";"Non";"Oui";"Non";"N/A";"713.4";"229.45";"";"";"";"";"";"";"";"";"";"";"";"";"";"";"217.32";"";"";"";"";"";"";"";"";"";"";"";"";"";"";"";"";"60.4";"";"200.45";"";"";"";"";"";"5.78";""
"17";"";"3";"fr";"635462227";"2025-10-12 10:16:06";"2025-10-12 10:30:31";"36";"Féminin";"56";"Baccalauréat - Bac +2";"5";"Non";"Non";"Non";"Oui";"Non";"1";"3";"Oui";"Non";"Non";"Non";"";"Dans le jardin, des chutes du toboggan ";"Non";"1";"Non";"Non";"Non";"Oui";"Non";"Non";"Non";"";"Thermique";"Flamme/feu";"Moins de 10%";"Accidentelles";"";"Les 5-14 ans";"";"Autant chez les filles/femmes que les garçons/hommes";"La cuisine";"";"En cuisinant, voulant toucher les casseroles en pleine cuisson ";"Oui, et la brûlure est grave";"37°C";"Non";"Non";"Oui";"Oui";"Non";"Non";"Le poignet (côté paume de la main)";"Oui";"Non";"Oui";"Non";"Oui";"Oui";"Oui";"Non";"Non";"Non";"Non";"Non";"Non";"Oui";"Non";"Non";"Oui";"Oui";"Oui";"Non";"";"";"N/A";"N/A";"N/A";"N/A";"N/A";"N/A";"N/A";"N/A";"N/A";"N/A";"N/A";"N/A";"N/A";"N/A";"N/A";"N/A";"N/A";"N/A";"N/A";"N/A";"N/A";"N/A";"N/A";"N/A";"N/A";"N/A";"N/A";"N/A";"N/A";"865.32";"547.16";"";"";"";"";"";"";"";"";"";"";"";"";"";"";"249.28";"";"";"";"";"";"";"";"";"";"";"";"";"";"";"";"";"68.88";"";"";"";"";"";"";"";"";""
"18";"";"3";"fr";"300003384";"2025-10-13 11:31:58";"2025-10-13 11:43:22";"28";"Féminin";"37";"≥ Bac + 3";"9";"Non";"Non";"Non";"Oui";"Non";"1";"9 mois";"Oui";"Non";"Non";"Non";"";"Etouffement par des petits objets, pendant les repas
Chutes
Noyade
Electrocution
Ingurgitation de produits toxiques
Brûlure";"Non";"3";"Non";"Non";"Non";"Oui";"Non";"Non";"Non";"Accident survenu dans la famille.";"Thermique";"Liquide chaud";"Environ 40%";"Accidentelles";"";"Les 5-14 ans";"Les 5-14 ans";"Chez les garçons/hommes";"La cuisine";"";"Dans le bain, des plats chauds, cheminées, bougies";"Oui, et la brûlure est grave";"37°C";"Oui";"Non";"Oui";"Oui";"Non";"Oui";"Le poignet (côté paume de la main)";"Oui";"Non";"Oui";"Non";"Non";"Oui";"Oui";"Oui";"Oui";"Non";"Oui";"Oui";"Oui";"Oui";"Oui";"Oui";"Oui";"Oui";"Oui";"Non";"";"";"Non";"Non";"Non";"Non";"Non";"Non";"Non";"Non";"Non";"Non";"Non";"Non";"Non";"Non";"Non";"Non";"Non";"Non";"Non";"Non";"Non";"Non";"Non";"Non";"Non";"Non";"Non";"Non";"N/A";"685.3";"244.95";"";"";"";"";"";"";"";"";"";"";"";"";"";"";"338.76";"";"";"";"";"";"";"";"";"";"";"";"";"";"";"";"";"87.46";"";"14.13";"";"";"";"";"";"";""
"19";"";"";"fr";"1708507602";"2025-10-13 11:31:59";"2025-10-13 11:31:59";"";"N/A";"";"";"";"N/A";"N/A";"N/A";"N/A";"N/A";"";"";"N/A";"N/A";"N/A";"N/A";"";"";"N/A";"";"N/A";"N/A";"N/A";"N/A";"N/A";"N/A";"N/A";"";"";"";"";"";"";"";"";"";"";"";"";"";"";"N/A";"N/A";"N/A";"N/A";"N/A";"N/A";"";"N/A";"N/A";"N/A";"N/A";"N/A";"N/A";"N/A";"N/A";"N/A";"N/A";"N/A";"N/A";"N/A";"N/A";"N/A";"N/A";"N/A";"N/A";"N/A";"N/A";"";"";"N/A";"N/A";"N/A";"N/A";"N/A";"N/A";"N/A";"N/A";"N/A";"N/A";"N/A";"N/A";"N/A";"N/A";"N/A";"N/A";"N/A";"N/A";"N/A";"N/A";"N/A";"N/A";"N/A";"N/A";"N/A";"N/A";"N/A";"N/A";"N/A";"0";"";"";"";"";"";"";"";"";"";"";"";"";"";"";"";"";"";"";"";"";"";"";"";"";"";"";"";"";"";"";"";"";"";"";"";"";"";"";"";"";"";""
"20";"2025-10-13 12:14:47";"5";"fr";"74779935";"2025-10-13 12:03:27";"2025-10-13 12:14:47";"37";"Féminin";"73";"≥ Bac + 3";"7";"Non";"Non";"Non";"Oui";"Oui";"2";"4 ans - 9 ans";"Non";"Oui";"Non";"Non";"";"Eau bouillante 
Chute escalier ou autre hauteur 
Prise électrique 
Médicaments ou produits toxiques 
Noyade (piscine)
";"Non";"4";"Non";"Non";"Non";"Oui";"Non";"Non";"Non";"";"Thermique";"Liquide chaud";"Environ 40%";"Accidentelles";"";"Les 0-4 ans";"Les 0-4 ans";"Autant chez les filles/femmes que les garçons/hommes";"La cuisine";"";"Bouilloire 
Eau dans casserole 
Café thé chaud 
Robinet trop chaud ";"Oui, et la brûlure est superficielle";"37°C";"Oui";"Oui";"Oui";"Oui";"Non";"Oui";"Le dos de la main";"Oui";"Non";"Oui";"Non";"Oui";"Oui";"Oui";"Non";"Oui";"Oui";"Oui";"Oui";"Non";"Oui";"Oui";"Oui";"Oui";"Oui";"Oui";"Non";"";"5";"Non";"Oui";"Non";"Oui";"Non";"Non";"Oui";"Oui";"Non";"Oui";"Non";"Non";"Non";"Oui";"Oui";"Non";"Non";"Oui";"Non";"Oui";"Oui";"Non";"Oui";"Oui";"Oui";"Non";"Oui";"Non";"N/A";"681.86";"195.19";"";"";"";"";"";"";"";"";"";"";"";"";"";"";"242.36";"";"";"";"";"";"";"";"";"";"";"";"";"";"";"";"";"77.11";"";"154.34";"";"";"";"";"";"12.86";""
"21";"";"0";"fr";"785949481";"2025-10-13 12:49:16";"2025-10-13 12:49:54";"";"N/A";"";"";"";"N/A";"N/A";"N/A";"N/A";"N/A";"";"";"Non";"Non";"Non";"Non";"";"";"N/A";"";"N/A";"N/A";"N/A";"N/A";"N/A";"N/A";"N/A";"";"";"";"";"";"";"";"";"";"";"";"";"";"";"N/A";"N/A";"N/A";"N/A";"N/A";"N/A";"";"N/A";"N/A";"N/A";"N/A";"N/A";"N/A";"N/A";"N/A";"N/A";"N/A";"N/A";"N/A";"N/A";"N/A";"N/A";"N/A";"N/A";"N/A";"N/A";"N/A";"";"";"N/A";"N/A";"N/A";"N/A";"N/A";"N/A";"N/A";"N/A";"N/A";"N/A";"N/A";"N/A";"N/A";"N/A";"N/A";"N/A";"N/A";"N/A";"N/A";"N/A";"N/A";"N/A";"N/A";"N/A";"N/A";"N/A";"N/A";"N/A";"N/A";"38.91";"38.91";"";"";"";"";"";"";"";"";"";"";"";"";"";"";"";"";"";"";"";"";"";"";"";"";"";"";"";"";"";"";"";"";"";"";"";"";"";"";"";"";""
"22";"2025-10-13 15:28:53";"5";"fr";"475601733";"2025-10-13 15:22:14";"2025-10-13 15:28:53";"30";"Féminin";"78";"≥ Bac + 3";"4";"Oui";"Non";"Oui";"Oui";"Non";"1";"18 mois";"Non";"Oui";"Non";"Oui";"";"Brûlure cutanée 
Électrocution 
Noyade 
Étouffement 
Coupures profondes ";"Non";"4";"Non";"Non";"Oui";"Oui";"Non";"Non";"Non";"";"Thermique";"Liquide chaud";"Plus de 60%";"Accidentelles";"";"Les 0-4 ans";"Les 0-4 ans";"Autant chez les filles/femmes que les garçons/hommes";"La cuisine";"";"Tire objets 
Objets qui tombent ";"Oui, et la brûlure est grave";"37°C";"Oui";"Oui";"Oui";"Oui";"Oui";"Oui";"Le poignet (côté paume de la main)";"Oui";"Non";"Non";"Non";"Oui";"Non";"Oui";"Non";"Non";"Non";"Non";"Oui";"Non";"Oui";"Non";"Non";"Oui";"Non";"Non";"Non";"";"4";"Non";"Non";"Oui";"Non";"Non";"Non";"Oui";"Oui";"Oui";"Non";"Non";"Non";"Non";"Oui";"Oui";"Non";"Non";"Oui";"Non";"Non";"Oui";"Non";"Oui";"Oui";"Oui";"Non";"Oui";"Oui";"Oui";"398.17";"103.08";"";"";"";"";"";"";"";"";"";"";"";"";"";"";"140.9";"";"";"";"";"";"";"";"";"";"";"";"";"";"";"";"";"42.13";"";"106";"";"";"";"";"";"6.06";""
"23";"";"0";"fr";"2117078027";"2025-10-13 15:25:05";"2025-10-13 15:25:30";"";"N/A";"";"";"";"N/A";"N/A";"N/A";"N/A";"N/A";"";"";"Non";"Non";"Non";"Non";"";"";"N/A";"";"N/A";"N/A";"N/A";"N/A";"N/A";"N/A";"N/A";"";"";"";"";"";"";"";"";"";"";"";"";"";"";"N/A";"N/A";"N/A";"N/A";"N/A";"N/A";"";"N/A";"N/A";"N/A";"N/A";"N/A";"N/A";"N/A";"N/A";"N/A";"N/A";"N/A";"N/A";"N/A";"N/A";"N/A";"N/A";"N/A";"N/A";"N/A";"N/A";"";"";"N/A";"N/A";"N/A";"N/A";"N/A";"N/A";"N/A";"N/A";"N/A";"N/A";"N/A";"N/A";"N/A";"N/A";"N/A";"N/A";"N/A";"N/A";"N/A";"N/A";"N/A";"N/A";"N/A";"N/A";"N/A";"N/A";"N/A";"N/A";"N/A";"25.03";"25.03";"";"";"";"";"";"";"";"";"";"";"";"";"";"";"";"";"";"";"";"";"";"";"";"";"";"";"";"";"";"";"";"";"";"";"";"";"";"";"";"";""
"24";"";"4";"fr";"688922515";"2025-10-13 15:53:50";"2025-10-13 20:01:25";"43";"Féminin";"85";"≥ Bac + 3";"10";"Non";"Non";"Non";"Non";"Non";"2";"8 ans et 13 ans";"Oui";"Non";"Non";"Non";"";"Brûlures, chutes, traumatismes";"Non";"4";"Oui";"Oui";"Oui";"Non";"Non";"Non";"Non";"";"Chimique";"Liquide chaud";"Plus de 60%";"Accidentelles";"";"Les 5-14 ans";"";"Chez les garçons/hommes";"La cuisine";"";"Casserole ";"Oui, et la brûlure est superficielle";"35°C";"Non";"Non";"Oui";"Oui";"Non";"Oui";"";"Oui";"Non";"Oui";"Non";"Oui";"Oui";"Oui";"Non";"Non";"Oui";"Oui";"Non";"Non";"Non";"Non";"Non";"Non";"Non";"Non";"Non";"";"3";"Non";"Oui";"Oui";"Non";"Non";"Non";"Oui";"Oui";"Non";"Oui";"Non";"Non";"Non";"Non";"Oui";"Non";"Non";"Non";"Non";"Non";"Oui";"Non";"Oui";"Non";"Oui";"Non";"Oui";"Non";"N/A";"1384.28";"673.71";"";"";"";"";"";"";"";"";"";"";"";"";"";"";"320.74";"";"";"";"";"";"";"";"";"";"";"";"";"";"";"";"";"92.84";"";"296.99";"";"";"";"";"";"";""
"25";"";"";"fr";"775586174";"2025-10-14 08:25:03";"2025-10-14 08:25:03";"";"N/A";"";"";"";"N/A";"N/A";"N/A";"N/A";"N/A";"";"";"N/A";"N/A";"N/A";"N/A";"";"";"N/A";"";"N/A";"N/A";"N/A";"N/A";"N/A";"N/A";"N/A";"";"";"";"";"";"";"";"";"";"";"";"";"";"";"N/A";"N/A";"N/A";"N/A";"N/A";"N/A";"";"N/A";"N/A";"N/A";"N/A";"N/A";"N/A";"N/A";"N/A";"N/A";"N/A";"N/A";"N/A";"N/A";"N/A";"N/A";"N/A";"N/A";"N/A";"N/A";"N/A";"";"";"N/A";"N/A";"N/A";"N/A";"N/A";"N/A";"N/A";"N/A";"N/A";"N/A";"N/A";"N/A";"N/A";"N/A";"N/A";"N/A";"N/A";"N/A";"N/A";"N/A";"N/A";"N/A";"N/A";"N/A";"N/A";"N/A";"N/A";"N/A";"N/A";"0";"";"";"";"";"";"";"";"";"";"";"";"";"";"";"";"";"";"";"";"";"";"";"";"";"";"";"";"";"";"";"";"";"";"";"";"";"";"";"";"";"";""
"26";"";"1";"fr";"226070037";"2025-10-14 17:22:29";"2025-10-14 17:24:07";"29";"Féminin";"68";"≥ Bac + 3";"7";"Non";"Non";"Non";"Oui";"Oui";"1";"1 an";"Oui";"Non";"Non";"Non";"";"Produits ménagers ";"N/A";"";"N/A";"N/A";"N/A";"N/A";"N/A";"N/A";"N/A";"";"";"";"";"";"";"";"";"";"";"";"";"";"";"N/A";"N/A";"N/A";"N/A";"N/A";"N/A";"";"N/A";"N/A";"N/A";"N/A";"N/A";"N/A";"N/A";"N/A";"N/A";"N/A";"N/A";"N/A";"N/A";"N/A";"N/A";"N/A";"N/A";"N/A";"N/A";"N/A";"";"";"N/A";"N/A";"N/A";"N/A";"N/A";"N/A";"N/A";"N/A";"N/A";"N/A";"N/A";"N/A";"N/A";"N/A";"N/A";"N/A";"N/A";"N/A";"N/A";"N/A";"N/A";"N/A";"N/A";"N/A";"N/A";"N/A";"N/A";"N/A";"N/A";"98.37";"98.37";"";"";"";"";"";"";"";"";"";"";"";"";"";"";"";"";"";"";"";"";"";"";"";"";"";"";"";"";"";"";"";"";"";"";"";"";"";"";"";"";""
"27";"2025-10-14 17:49:53";"5";"fr";"1905336019";"2025-10-14 17:41:04";"2025-10-14 17:49:53";"28";"Féminin";"88";"Baccalauréat - Bac +2";"5";"Oui";"Oui";"Oui";"Non";"Non";"1";"5";"Oui";"Non";"Non";"Non";"";"Point suture, contusions simples, hématomes chute ";"Non";"1";"Oui";"Non";"Non";"Non";"Non";"Non";"Non";"";"Thermique";"Liquide chaud";"Environ 40%";"Accidentelles";"";"";"";"Autant chez les filles/femmes que les garçons/hommes";"La cuisine";"";"Plaque cuisson, eau qui bout, four non protégé par vitre anti chaud, briquet qui traîne… allumettes ";"Oui, et la brûlure est grave";"37°C";"Non";"Non";"Oui";"Oui";"Non";"Oui";"Le poignet (côté paume de la main)";"Oui";"Non";"Oui";"Non";"Non";"Oui";"Oui";"Non";"Non";"Non";"Oui";"Oui";"Oui";"Oui";"Non";"Oui";"Oui";"Oui";"Oui";"Non";"";"4";"Non";"Non";"Non";"Oui";"Non";"Non";"Oui";"Non";"Non";"Oui";"Non";"Non";"Non";"Non";"Oui";"Non";"Non";"Non";"Non";"Non";"Oui";"Non";"Oui";"Oui";"Non";"Non";"Oui";"Oui";"N/A";"530.55";"141.06";"";"";"";"";"";"";"";"";"";"";"";"";"";"";"176.49";"";"";"";"";"";"";"";"";"";"";"";"";"";"";"";"";"49.91";"";"155.56";"";"";"";"";"";"7.53";""
"28";"2025-10-14 18:33:49";"5";"fr";"295700762";"2025-10-14 18:26:22";"2025-10-14 18:33:49";"28";"Féminin";"57";"≥ Bac + 3";"7";"Non";"Non";"Non";"Non";"Oui";"2";"3 ans et 2 mois";"Non";"Oui";"Non";"Non";"";"Chutes (lit, canapé …)";"Non";"3";"Non";"Non";"Non";"Oui";"Non";"Non";"Non";"";"Thermique";"Liquide chaud";"Moins de 10%";"Accidentelles";"";"Les 0-4 ans";"Les 0-4 ans";"Autant chez les filles/femmes que les garçons/hommes";"La cuisine";"";"Toucher une casserole, faire tomber une tasse contenant un liquide chaud";"";"37°C";"Non";"Non";"Non";"Oui";"Non";"Oui";"La bouche";"Oui";"Non";"Oui";"Non";"Non";"Oui";"Oui";"Oui";"Oui";"Non";"Non";"Oui";"Oui";"Oui";"Oui";"Oui";"Non";"Oui";"Non";"Non";"";"3";"Non";"Non";"Non";"Oui";"Non";"Non";"Oui";"Oui";"Non";"Oui";"Non";"Non";"Non";"Oui";"Oui";"Non";"Non";"Non";"Non";"Non";"Oui";"Non";"Non";"Oui";"Non";"Non";"Oui";"Non";"Oui";"447.13";"91.88";"";"";"";"";"";"";"";"";"";"";"";"";"";"";"161.2";"";"";"";"";"";"";"";"";"";"";"";"";"";"";"";"";"55.02";"";"134.16";"";"";"";"";"";"4.87";""
"30";"";"1";"fr";"1762486232";"2025-10-15 11:37:31";"2025-10-15 11:41:38";"31";"Féminin";"92";"≥ Bac + 3";"5";"Non";"Oui";"Non";"Non";"Non";"2";"3 ans - 7 mois";"Oui";"Non";"Oui";"Non";"";"Chute
Brûlure 
Ingestion produit toxique";"N/A";"";"N/A";"N/A";"N/A";"N/A";"N/A";"N/A";"N/A";"";"";"";"";"";"";"";"";"";"";"";"";"";"";"N/A";"N/A";"N/A";"N/A";"N/A";"N/A";"";"N/A";"N/A";"N/A";"N/A";"N/A";"N/A";"N/A";"N/A";"N/A";"N/A";"N/A";"N/A";"N/A";"N/A";"N/A";"N/A";"N/A";"N/A";"N/A";"N/A";"";"";"N/A";"N/A";"N/A";"N/A";"N/A";"N/A";"N/A";"N/A";"N/A";"N/A";"N/A";"N/A";"N/A";"N/A";"N/A";"N/A";"N/A";"N/A";"N/A";"N/A";"N/A";"N/A";"N/A";"N/A";"N/A";"N/A";"N/A";"N/A";"N/A";"247.51";"247.51";"";"";"";"";"";"";"";"";"";"";"";"";"";"";"";"";"";"";"";"";"";"";"";"";"";"";"";"";"";"";"";"";"";"";"";"";"";"";"";"";""
"31";"2025-10-15 14:38:10";"5";"fr";"874117323";"2025-10-15 14:23:09";"2025-10-15 14:38:10";"41";"Féminin";"78";"≥ Bac + 3";"5";"Non";"Non";"Oui";"Non";"Non";"5";"24 ans 18 ans 14 ans 10 ans 10 mois";"Non";"Oui";"Non";"Non";"";"Mon enfant de 10 mois serait confronté à des accidents domestiques dans la cuisine avec la porte du réfrigérateur ou bien avec le four ainsi que les couverts et les magnets sur la porte du réfrigérateur et lave vaisselle qui peuvent tomber.
Il est également confronté aux accidents domestiques, liés à la table basse à la bordure du canapé aux prises électriques, que nous avons déjà sécurisées aux portes de placards qui s’ouvrent au coin du piano aux portes qui peuvent claquer, il y a donc des portes aux escaliers il y a donc des barrières devant chacun aux petits objets qui pourraient se retrouver au sol aux étagères qu’il va être temps de vider dans le bureau du papa il n’est pas encore allé à l’extérieur uniquement dans le jardin avec une nappe africaine posée au sol mais sans surveillance il aurait pu manger de l’herbe n’importe quel autre petite choses fleurs. 
Je ne sors pas le fer à repasser en sa présence, il y a un chat à la maison qui a peur du bébé donc nous surveillons également";"Non";"1";"Oui";"Non";"Non";"Non";"Non";"Non";"Non";"Internet ";"Thermique";"Liquide chaud";"Environ 40%";"Accidentelles";"";"Les 5-14 ans";"";"Autant chez les filles/femmes que les garçons/hommes";"La cuisine";"";"Fer à repasser, eau, brûlante, bouilloire, four, frottement sur le tapis Mug trop chaud si près de l’enfant ";"Oui, et la brûlure est grave";"37°C";"Oui";"Non";"Oui";"Oui";"Non";"Oui";"Le poignet (côté dos de la main)";"Oui";"Non";"Oui";"Non";"Oui";"Oui";"Oui";"Oui";"Oui";"Oui";"Oui";"Oui";"Non";"Oui";"Oui";"Oui";"Oui";"Oui";"Oui";"Non";"";"3";"Non";"Non";"Non";"Oui";"Non";"Non";"Oui";"Non";"Non";"Oui";"Non";"Non";"Non";"Non";"Oui";"Non";"Non";"Non";"Non";"Non";"Oui";"Non";"Non";"Non";"Non";"Non";"Non";"Oui";"Oui";"902.75";"369.52";"";"";"";"";"";"";"";"";"";"";"";"";"";"";"232.45";"";"";"";"";"";"";"";"";"";"";"";"";"";"";"";"";"79.02";"";"212.22";"";"";"";"";"";"9.54";""
"32";"2025-10-16 09:58:40";"5";"fr";"303171917";"2025-10-16 09:48:53";"2025-10-16 09:58:40";"36";"Féminin";"78";"≥ Bac + 3";"9";"Non";"Non";"Non";"Non";"Non";"1";"3ans";"Oui";"Oui";"Non";"Non";"";"Medicaments, produits menagers, chutes diverses, brûlures ";"Non";"2";"Oui";"Non";"Non";"Non";"Non";"Non";"Non";"";"Thermique";"Flamme/feu";"Environ 40%";"Accidentelles";"";"Les 0-4 ans";"Les 0-4 ans";"Autant chez les filles/femmes que les garçons/hommes";"La cuisine";"";"Plaques, four, robinets, l'eau ";"Oui, et la brûlure est grave";"37°C";"Oui";"Non";"Oui";"Oui";"Non";"Oui";"Le dos de la main";"Oui";"Non";"Oui";"Non";"Oui";"Oui";"Oui";"Oui";"Non";"Non";"Non";"Non";"Non";"Oui";"Non";"Oui";"Oui";"Oui";"Non";"Non";"";"2";"Non";"Non";"Non";"Oui";"Non";"Non";"Oui";"Non";"Non";"Oui";"Non";"Non";"Non";"Non";"Oui";"Non";"Non";"Oui";"Non";"Non";"Oui";"Non";"Oui";"Oui";"Non";"Non";"Oui";"Oui";"Oui";"585.27";"241.46";"";"";"";"";"";"";"";"";"";"";"";"";"";"";"170.87";"";"";"";"";"";"";"";"";"";"";"";"";"";"";"";"";"50.01";"";"115.79";"";"";"";"";"";"7.14";""
"33";"";"1";"fr";"861676131";"2025-10-16 11:38:28";"2025-10-16 11:40:32";"39";"Masculin";"64";"≥ Bac + 3";"7";"Non";"Non";"Non";"Non";"Non";"2";"3 et 7";"Non";"Oui";"Non";"Non";"";"Chute de casserole, brûlure fer à repasser, chute baignoire, accident lors de la traversée de la route";"N/A";"";"N/A";"N/A";"N/A";"N/A";"N/A";"N/A";"N/A";"";"";"";"";"";"";"";"";"";"";"";"";"";"";"N/A";"N/A";"N/A";"N/A";"N/A";"N/A";"";"N/A";"N/A";"N/A";"N/A";"N/A";"N/A";"N/A";"N/A";"N/A";"N/A";"N/A";"N/A";"N/A";"N/A";"N/A";"N/A";"N/A";"N/A";"N/A";"N/A";"";"";"N/A";"N/A";"N/A";"N/A";"N/A";"N/A";"N/A";"N/A";"N/A";"N/A";"N/A";"N/A";"N/A";"N/A";"N/A";"N/A";"N/A";"N/A";"N/A";"N/A";"N/A";"N/A";"N/A";"N/A";"N/A";"N/A";"N/A";"N/A";"N/A";"123.73";"123.73";"";"";"";"";"";"";"";"";"";"";"";"";"";"";"";"";"";"";"";"";"";"";"";"";"";"";"";"";"";"";"";"";"";"";"";"";"";"";"";"";""
"34";"";"1";"fr";"438975922";"2025-10-16 11:43:23";"2025-10-16 11:47:19";"39";"Féminin";"78";"≥ Bac + 3";"8";"Non";"Non";"Non";"Non";"Non";"1";"3 ans ";"Non";"Oui";"Non";"Non";"";"Chutes, brûlures, médicaments, ustensiles de cuisines, picures d’ insectes, ";"N/A";"";"N/A";"N/A";"N/A";"N/A";"N/A";"N/A";"N/A";"";"";"";"";"";"";"";"";"";"";"";"";"";"";"N/A";"N/A";"N/A";"N/A";"N/A";"N/A";"";"N/A";"N/A";"N/A";"N/A";"N/A";"N/A";"N/A";"N/A";"N/A";"N/A";"N/A";"N/A";"N/A";"N/A";"N/A";"N/A";"N/A";"N/A";"N/A";"N/A";"";"";"N/A";"N/A";"N/A";"N/A";"N/A";"N/A";"N/A";"N/A";"N/A";"N/A";"N/A";"N/A";"N/A";"N/A";"N/A";"N/A";"N/A";"N/A";"N/A";"N/A";"N/A";"N/A";"N/A";"N/A";"N/A";"N/A";"N/A";"N/A";"N/A";"235.37";"235.37";"";"";"";"";"";"";"";"";"";"";"";"";"";"";"";"";"";"";"";"";"";"";"";"";"";"";"";"";"";"";"";"";"";"";"";"";"";"";"";"";""
"35";"2025-10-16 18:25:59";"5";"fr";"1793305542";"2025-10-16 18:12:46";"2025-10-16 18:25:59";"36";"Masculin";"78";"Inférieur au baccalauréat";"6";"Oui";"Oui";"Non";"Non";"Non";"2";"4 ans 8 ans";"Non";"Oui";"Non";"Non";"";"Électrocution noyade chute brûlure étouffement ";"Non";"5";"Non";"Non";"Oui";"Non";"Non";"Non";"Non";"";"Thermique";"Liquide chaud";"Environ 40%";"Accidentelles";"";"Les 0-4 ans";"Les 0-4 ans";"Autant chez les filles/femmes que les garçons/hommes";"La cuisine";"";"Casserole bain ";"Oui, et la brûlure est superficielle";"37°C";"Oui";"Non";"Oui";"Oui";"Non";"Non";"Le poignet (côté paume de la main)";"Oui";"Non";"Oui";"Non";"Oui";"Oui";"Oui";"Oui";"Oui";"Non";"Non";"Oui";"Oui";"Oui";"Oui";"Oui";"Oui";"Oui";"Oui";"Non";"";"5";"Non";"Oui";"Non";"Non";"Oui";"Non";"Non";"Oui";"Non";"Non";"Non";"Non";"Non";"Non";"Oui";"Non";"Non";"Non";"Non";"Non";"Oui";"Non";"Oui";"Oui";"Oui";"Non";"Oui";"Non";"N/A";"793.15";"283.62";"";"";"";"";"";"";"";"";"";"";"";"";"";"";"238.48";"";"";"";"";"";"";"";"";"";"";"";"";"";"";"";"";"77.26";"";"181.48";"";"";"";"";"";"12.31";""
"36";"";"2";"fr";"1505981387";"2025-10-16 18:39:16";"2025-10-16 18:46:05";"32";"Masculin";"78";"≥ Bac + 3";"7";"Non";"Non";"Oui";"Non";"Non";"1";"7 mois";"Non";"Oui";"Non";"Non";"";"S’étouffer
Électrocuter
Chuter
Avaler un produit chimique 
Brûler 
Noyer";"Non";"1";"Oui";"Non";"Non";"Non";"Non";"Non";"Non";"";"Thermique";"Solide chaud";"Plus de 60%";"Accidentelles";"";"Les 0-4 ans";"Les 5-14 ans";"Chez les garçons/hommes";"La cuisine";"";"Renversement d’une boisson chaude
Ampoule
 ";"Oui, et la brûlure est grave";"37°C";"Oui";"Non";"Non";"Oui";"Non";"Oui";"Le poignet (côté paume de la main)";"N/A";"N/A";"N/A";"N/A";"N/A";"N/A";"N/A";"N/A";"N/A";"N/A";"N/A";"N/A";"N/A";"N/A";"N/A";"N/A";"N/A";"N/A";"N/A";"N/A";"";"";"N/A";"N/A";"N/A";"N/A";"N/A";"N/A";"N/A";"N/A";"N/A";"N/A";"N/A";"N/A";"N/A";"N/A";"N/A";"N/A";"N/A";"N/A";"N/A";"N/A";"N/A";"N/A";"N/A";"N/A";"N/A";"N/A";"N/A";"N/A";"N/A";"409.54";"210.62";"";"";"";"";"";"";"";"";"";"";"";"";"";"";"198.92";"";"";"";"";"";"";"";"";"";"";"";"";"";"";"";"";"";"";"";"";"";"";"";"";"";""
"37";"2025-10-17 09:25:54";"5";"fr";"115431877";"2025-10-17 09:12:41";"2025-10-17 09:25:54";"38";"Féminin";"37";"≥ Bac + 3";"5";"Non";"Non";"Non";"Non";"Non";"1";"4 ans";"Non";"Oui";"Non";"Non";"";"Risque de chutes, d'ingérer des produits chimiques (produits nettoyants, lessive, shampoing/gel douche...), brûlure, étouffement (objet, jouet, nourriture) ";"Non";"4";"Non";"Non";"Non";"Oui";"Non";"Non";"Non";"Par la famille (personne proche dans le milieu médical)";"Thermique";"Liquide chaud";"Environ 40%";"Accidentelles";"";"Les 5-14 ans";"Les 5-14 ans";"Chez les garçons/hommes";"La cuisine";"";"L'autonomie pour le lavage des mains ou la douche peut entraîner le fait que l'enfant mette de l'eau trop chaude, l'enfant peut faire basculer une casserole avec de l'eau qui boue, le four, la cheminée ou le poêle...";"Oui, et la brûlure est superficielle";"37°C";"Oui";"Non";"Oui";"Oui";"Non";"Non";"Le poignet (côté paume de la main)";"Oui";"Oui";"Oui";"Non";"Oui";"Oui";"Oui";"Non";"Oui";"Non";"Non";"Non";"Non";"Oui";"Oui";"Non";"Non";"Oui";"Oui";"Non";"Beaucoup de prévention auprès de notre fils/explications des risques ";"3";"Non";"Non";"Non";"Oui";"Non";"Non";"Oui";"Non";"Non";"Oui";"Non";"Non";"Non";"Non";"Oui";"Non";"Non";"Non";"Non";"Non";"Oui";"Non";"Non";"Non";"Non";"Non";"Oui";"Oui";"Oui";"787.08";"196.42";"";"";"";"";"";"";"";"";"";"";"";"";"";"";"344.33";"";"";"";"";"";"";"";"";"";"";"";"";"";"";"";"";"99.33";"";"138.06";"";"";"";"";"";"8.94";""
"38";"2025-10-17 11:29:31";"5";"fr";"885909510";"2025-10-17 11:18:09";"2025-10-17 11:29:31";"37";"Féminin";"78";"≥ Bac + 3";"8";"Non";"Non";"Non";"Oui";"Non";"2";"1 an - 4 ans";"Non";"Oui";"Non";"Non";"";"Cuisine : brûlures coupe
Repas : Nourriture suffoquer 
Frères et soeurs : jeux
Animaux : morsures
Portes : pincement 
Objets tranchants : ciseaux couteau 
Produits ménagers et médicaments 
Appareils électriques : brûlure électrisation
Bain : noyade";"Non";"4";"Oui";"Non";"Oui";"Oui";"Non";"Non";"Non";"";"Thermique";"Liquide chaud";"Environ 40%";"Accidentelles";"";"Les 0-4 ans";"Les 15-24 ans";"Chez les garçons/hommes";"La cuisine";"";"Poêles
Nourriture 
Thé café
Bain
Biberon
Cheminée poêle
";"Oui, et la brûlure est grave";"35°C";"Oui";"Oui";"Oui";"Oui";"Oui";"Oui";"Le poignet (côté paume de la main)";"Oui";"Non";"Oui";"Non";"Oui";"Non";"Oui";"Non";"Oui";"Non";"Oui";"Oui";"Non";"Oui";"Non";"Oui";"Non";"Oui";"Oui";"Non";"";"4";"Non";"Non";"Oui";"Non";"Oui";"Non";"Non";"Non";"Non";"Oui";"Non";"Non";"Non";"Non";"Oui";"Non";"Non";"Oui";"Non";"Oui";"Oui";"Non";"Oui";"Non";"Non";"Non";"Oui";"Non";"Oui";"683.34";"271.2";"";"";"";"";"";"";"";"";"";"";"";"";"";"";"182.16";"";"";"";"";"";"";"";"";"";"";"";"";"";"";"";"";"79.62";"";"141.58";"";"";"";"";"";"8.78";""
"39";"";"";"fr";"1763775436";"2025-10-17 15:13:38";"2025-10-17 15:13:38";"";"N/A";"";"";"";"N/A";"N/A";"N/A";"N/A";"N/A";"";"";"N/A";"N/A";"N/A";"N/A";"";"";"N/A";"";"N/A";"N/A";"N/A";"N/A";"N/A";"N/A";"N/A";"";"";"";"";"";"";"";"";"";"";"";"";"";"";"N/A";"N/A";"N/A";"N/A";"N/A";"N/A";"";"N/A";"N/A";"N/A";"N/A";"N/A";"N/A";"N/A";"N/A";"N/A";"N/A";"N/A";"N/A";"N/A";"N/A";"N/A";"N/A";"N/A";"N/A";"N/A";"N/A";"";"";"N/A";"N/A";"N/A";"N/A";"N/A";"N/A";"N/A";"N/A";"N/A";"N/A";"N/A";"N/A";"N/A";"N/A";"N/A";"N/A";"N/A";"N/A";"N/A";"N/A";"N/A";"N/A";"N/A";"N/A";"N/A";"N/A";"N/A";"N/A";"N/A";"0";"";"";"";"";"";"";"";"";"";"";"";"";"";"";"";"";"";"";"";"";"";"";"";"";"";"";"";"";"";"";"";"";"";"";"";"";"";"";"";"";"";""
"40";"2025-10-17 19:42:15";"5";"fr";"17483032";"2025-10-17 19:27:41";"2025-10-17 19:42:15";"41";"Féminin";"78";"≥ Bac + 3";"7";"Non";"Oui";"Non";"Non";"Non";"6";"10 ans - 8 ans - 6 ans - 4 ans - 2ans - 8 mois";"Non";"Oui";"Non";"Non";"";"Brûlures,  se cogner contre des radiateurs, table basse, rambardes, doigts dans les portes, fenêtres brisees";"Non";"4";"Oui";"Non";"Non";"Non";"Non";"Non";"Non";"Brûlure d'une nièce ";"Thermique";"Liquide chaud";"Plus de 60%";"Accidentelles";"";"Les 0-4 ans";"Les 15-24 ans";"Chez les filles/femmes";"La cuisine";"";"Plaques électriques et grille pain. Tasses d'eau chaude ";"Oui, et la brûlure est superficielle";"37°C";"Non";"Non";"Non";"Non";"Non";"Oui";"Le coude";"Oui";"Non";"Oui";"Non";"Oui";"Non";"Oui";"Non";"Oui";"Non";"Oui";"Oui";"Oui";"Oui";"Oui";"Oui";"Non";"Oui";"Oui";"Non";"";"2";"Non";"Non";"Oui";"Non";"Oui";"Non";"Oui";"Non";"Oui";"Non";"Non";"Non";"Non";"Oui";"Oui";"Non";"Non";"Oui";"Non";"Oui";"Oui";"Non";"Oui";"Oui";"Oui";"Non";"Oui";"Oui";"N/A";"876.31";"169.48";"";"";"";"";"";"";"";"";"";"";"";"";"";"";"158.43";"";"";"";"";"";"";"";"";"";"";"";"";"";"";"";"";"433.17";"";"105.27";"";"";"";"";"";"9.96";""
"41";"2025-10-18 14:40:06";"5";"fr";"1172676082";"2025-10-18 14:29:13";"2025-10-18 14:40:06";"30";"Féminin";"78";"≥ Bac + 3";"8";"Non";"Non";"Non";"Oui";"Oui";"1";"9 mois";"Non";"Oui";"Non";"Non";"";"Chute 
Brûlure 
Choc 
Produits ménagers 
Prises électriques 
Suspension a des meubles non attachés au mur 
Doigts dans les portes ";"Non";"5";"Oui";"Non";"Oui";"Oui";"Oui";"Non";"Non";"";"Thermique";"Liquide chaud";"Plus de 60%";"Accidentelles";"";"Les 0-4 ans";"Les 0-4 ans";"Autant chez les filles/femmes que les garçons/hommes";"La cuisine";"";"Cuisine 
Bouilloire 
Aliments chauds bouillants 
Liquides chauds 
Bougies 
Cheminée barbecue
";"Oui, et la brûlure est grave";"37°C";"Non";"Non";"Oui";"Oui";"Non";"Oui";"Le poignet (côté paume de la main)";"Oui";"Non";"Oui";"Non";"Oui";"Oui";"Oui";"Non";"Oui";"Oui";"Oui";"Oui";"Non";"Oui";"Non";"Oui";"Oui";"Oui";"Oui";"Non";"";"3";"Non";"Oui";"Non";"Oui";"Oui";"Non";"Oui";"Oui";"Non";"Oui";"Non";"Non";"Non";"Non";"Oui";"Non";"Non";"Non";"Non";"Non";"Oui";"Non";"Non";"Non";"Non";"Non";"Oui";"Oui";"Oui";"655.01";"154.15";"";"";"";"";"";"";"";"";"";"";"";"";"";"";"222.52";"";"";"";"";"";"";"";"";"";"";"";"";"";"";"";"";"100.06";"";"171.65";"";"";"";"";"";"6.63";""
"42";"";"";"fr";"474041822";"2025-10-18 15:18:29";"2025-10-18 15:18:29";"";"N/A";"";"";"";"N/A";"N/A";"N/A";"N/A";"N/A";"";"";"N/A";"N/A";"N/A";"N/A";"";"";"N/A";"";"N/A";"N/A";"N/A";"N/A";"N/A";"N/A";"N/A";"";"";"";"";"";"";"";"";"";"";"";"";"";"";"N/A";"N/A";"N/A";"N/A";"N/A";"N/A";"";"N/A";"N/A";"N/A";"N/A";"N/A";"N/A";"N/A";"N/A";"N/A";"N/A";"N/A";"N/A";"N/A";"N/A";"N/A";"N/A";"N/A";"N/A";"N/A";"N/A";"";"";"N/A";"N/A";"N/A";"N/A";"N/A";"N/A";"N/A";"N/A";"N/A";"N/A";"N/A";"N/A";"N/A";"N/A";"N/A";"N/A";"N/A";"N/A";"N/A";"N/A";"N/A";"N/A";"N/A";"N/A";"N/A";"N/A";"N/A";"N/A";"N/A";"0";"";"";"";"";"";"";"";"";"";"";"";"";"";"";"";"";"";"";"";"";"";"";"";"";"";"";"";"";"";"";"";"";"";"";"";"";"";"";"";"";"";""
"43";"2025-10-18 22:05:41";"5";"fr";"927188638";"2025-10-18 21:57:02";"2025-10-18 22:05:41";"31";"Féminin";"92";"≥ Bac + 3";"5";"Non";"Non";"Non";"Non";"Non";"2";"1 an - 3 ans ";"Non";"Oui";"Non";"Non";"";"Cuisine, escalier, jardin, voiture, se couper, se brûler, tomber de haut, ";"Non";"2";"Non";"Non";"Non";"Non";"Non";"Non";"Non";"Pas informés";"Par frottement";"Solide chaud";"Plus de 60%";"Accidentelles";"";"Les 0-4 ans";"Les 5-14 ans";"Chez les garçons/hommes";"La cuisine";"";"Casserole d’eau des pâtes, four, aliment trop chaud, assiette réchauffée au micro-ondes ondés trop chaude, lisseur cheveux encore chaud, ";"Oui, et la brûlure est grave";"35°C";"Oui";"Non";"Oui";"Oui";"Non";"Oui";"La bouche";"Oui";"Non";"Oui";"Non";"Oui";"Oui";"Oui";"Oui";"Oui";"Non";"Oui";"Oui";"Non";"Non";"Non";"Oui";"Oui";"Oui";"Oui";"Non";"";"1";"Non";"Oui";"Oui";"Non";"Non";"Non";"Non";"Non";"Oui";"Non";"Non";"Non";"Oui";"Oui";"Non";"Non";"Non";"Non";"Non";"Non";"Oui";"Non";"Non";"Oui";"Non";"Non";"Non";"Non";"Oui";"519.51";"114.36";"";"";"";"";"";"";"";"";"";"";"";"";"";"";"186.7";"";"";"";"";"";"";"";"";"";"";"";"";"";"";"";"";"53.32";"";"158.02";"";"";"";"";"";"7.11";""
"44";"";"0";"fr";"1529840188";"2025-10-20 10:57:30";"2025-10-20 10:58:19";"";"N/A";"";"";"";"N/A";"N/A";"N/A";"N/A";"N/A";"";"";"Non";"Non";"Non";"Non";"";"";"N/A";"";"N/A";"N/A";"N/A";"N/A";"N/A";"N/A";"N/A";"";"";"";"";"";"";"";"";"";"";"";"";"";"";"N/A";"N/A";"N/A";"N/A";"N/A";"N/A";"";"N/A";"N/A";"N/A";"N/A";"N/A";"N/A";"N/A";"N/A";"N/A";"N/A";"N/A";"N/A";"N/A";"N/A";"N/A";"N/A";"N/A";"N/A";"N/A";"N/A";"";"";"N/A";"N/A";"N/A";"N/A";"N/A";"N/A";"N/A";"N/A";"N/A";"N/A";"N/A";"N/A";"N/A";"N/A";"N/A";"N/A";"N/A";"N/A";"N/A";"N/A";"N/A";"N/A";"N/A";"N/A";"N/A";"N/A";"N/A";"N/A";"N/A";"49.85";"49.85";"";"";"";"";"";"";"";"";"";"";"";"";"";"";"";"";"";"";"";"";"";"";"";"";"";"";"";"";"";"";"";"";"";"";"";"";"";"";"";"";""
"45";"2025-10-20 11:20:46";"5";"fr";"311928218";"2025-10-20 11:10:19";"2025-10-20 11:20:46";"43";"Féminin";"11";"≥ Bac + 3";"7";"Non";"Non";"Non";"Oui";"Oui";"5";"16-14-13-11-1";"Oui";"Non";"Non";"Non";"";"Chute brûlure poison étouffement animaux ";"Non";"4";"Oui";"Non";"Non";"Non";"Non";"Non";"Non";"Media, réseaux sociaux ";"Thermique";"Liquide chaud";"Plus de 60%";"Accidentelles";"";"Les 0-4 ans";"";"Autant chez les filles/femmes que les garçons/hommes";"La cuisine";"";"Casserole Eau chaude, thé-café, bain-douche ";"Oui, et la brûlure est grave";"37°C";"Oui";"Oui";"Oui";"Oui";"Oui";"Oui";"Le poignet (côté paume de la main)";"Oui";"Non";"Oui";"Non";"Oui";"Oui";"Oui";"Oui";"Oui";"Non";"Non";"Oui";"Oui";"Oui";"Oui";"Oui";"Oui";"Non";"Oui";"Non";"";"4";"Non";"Oui";"Oui";"Non";"Non";"Non";"Oui";"Oui";"Non";"Oui";"Non";"Non";"Non";"Non";"Oui";"Non";"Non";"Non";"Non";"Non";"Oui";"Non";"Oui";"Oui";"Non";"Non";"Oui";"Oui";"Oui";"626.36";"145.56";"";"";"";"";"";"";"";"";"";"";"";"";"";"";"204.03";"";"";"";"";"";"";"";"";"";"";"";"";"";"";"";"";"70.25";"";"193.3";"";"";"";"";"";"13.22";""
"46";"";"2";"fr";"550896231";"2025-10-20 12:30:28";"2025-10-20 12:35:11";"63";"Féminin";"78";"≥ Bac + 3";"7";"Oui";"Oui";"Oui";"Oui";"Oui";"2";"31 et 27";"Oui";"Oui";"Non";"Non";"";"Brûlures et chutes";"Non";"5";"Non";"Non";"Non";"Oui";"Non";"Non";"Non";"Lecture";"Thermique";"Liquide chaud";"Environ 40%";"Accidentelles";"";"Les 0-4 ans";"Les 0-4 ans";"Chez les garçons/hommes";"La cuisine";"";"Liquide et plats";"Oui, et la brûlure est grave";"37°C";"Non";"Non";"Non";"Oui";"Non";"Oui";"Le dos de la main";"N/A";"N/A";"N/A";"N/A";"N/A";"N/A";"N/A";"N/A";"N/A";"N/A";"N/A";"N/A";"N/A";"N/A";"N/A";"N/A";"N/A";"N/A";"N/A";"N/A";"";"";"N/A";"N/A";"N/A";"N/A";"N/A";"N/A";"N/A";"N/A";"N/A";"N/A";"N/A";"N/A";"N/A";"N/A";"N/A";"N/A";"N/A";"N/A";"N/A";"N/A";"N/A";"N/A";"N/A";"N/A";"N/A";"N/A";"N/A";"N/A";"N/A";"282.36";"109.92";"";"";"";"";"";"";"";"";"";"";"";"";"";"";"172.44";"";"";"";"";"";"";"";"";"";"";"";"";"";"";"";"";"";"";"";"";"";"";"";"";"";""
"47";"";"";"fr";"269829083";"2025-10-20 12:33:01";"2025-10-20 12:33:01";"";"N/A";"";"";"";"N/A";"N/A";"N/A";"N/A";"N/A";"";"";"N/A";"N/A";"N/A";"N/A";"";"";"N/A";"";"N/A";"N/A";"N/A";"N/A";"N/A";"N/A";"N/A";"";"";"";"";"";"";"";"";"";"";"";"";"";"";"N/A";"N/A";"N/A";"N/A";"N/A";"N/A";"";"N/A";"N/A";"N/A";"N/A";"N/A";"N/A";"N/A";"N/A";"N/A";"N/A";"N/A";"N/A";"N/A";"N/A";"N/A";"N/A";"N/A";"N/A";"N/A";"N/A";"";"";"N/A";"N/A";"N/A";"N/A";"N/A";"N/A";"N/A";"N/A";"N/A";"N/A";"N/A";"N/A";"N/A";"N/A";"N/A";"N/A";"N/A";"N/A";"N/A";"N/A";"N/A";"N/A";"N/A";"N/A";"N/A";"N/A";"N/A";"N/A";"N/A";"0";"";"";"";"";"";"";"";"";"";"";"";"";"";"";"";"";"";"";"";"";"";"";"";"";"";"";"";"";"";"";"";"";"";"";"";"";"";"";"";"";"";""
"48";"";"1";"fr";"244696496";"2025-10-20 12:34:04";"2025-10-20 12:56:01";"34";"Féminin";"92";"≥ Bac + 3";"8";"Non";"Non";"Non";"Non";"Non";"2";"4 mois - 2 ans";"Oui";"Non";"Non";"Non";"";"Brûlures (four, casseroles..), ingestion de produits managers, chute d'objets ou de meubles, ingestion de petits objets, chute dans les escaliers, coincer les mains dans les portes, chute dans la baignoire, chute du lit, étouffement par sac";"N/A";"";"N/A";"N/A";"N/A";"N/A";"N/A";"N/A";"N/A";"";"";"";"";"";"";"";"";"";"";"";"";"";"";"N/A";"N/A";"N/A";"N/A";"N/A";"N/A";"";"N/A";"N/A";"N/A";"N/A";"N/A";"N/A";"N/A";"N/A";"N/A";"N/A";"N/A";"N/A";"N/A";"N/A";"N/A";"N/A";"N/A";"N/A";"N/A";"N/A";"";"";"N/A";"N/A";"N/A";"N/A";"N/A";"N/A";"N/A";"N/A";"N/A";"N/A";"N/A";"N/A";"N/A";"N/A";"N/A";"N/A";"N/A";"N/A";"N/A";"N/A";"N/A";"N/A";"N/A";"N/A";"N/A";"N/A";"N/A";"N/A";"N/A";"1316.53";"1316.53";"";"";"";"";"";"";"";"";"";"";"";"";"";"";"";"";"";"";"";"";"";"";"";"";"";"";"";"";"";"";"";"";"";"";"";"";"";"";"";"";""
"49";"2025-10-20 18:04:41";"5";"fr";"1651943103";"2025-10-20 17:53:53";"2025-10-20 18:04:41";"34";"Féminin";"92";"≥ Bac + 3";"8";"Non";"Non";"Non";"Non";"Non";"2";"2 ans - 4 mois";"Oui";"Non";"Non";"Non";"";"Brûlures, chutes, ingestion de produits ménagers ou de petits objets, chutes de meubles";"Non";"3";"Oui";"Non";"Non";"Non";"Non";"Non";"Non";"";"Thermique";"Liquide chaud";"Plus de 60%";"Accidentelles";"";"Les 5-14 ans";"Les 5-14 ans";"Autant chez les filles/femmes que les garçons/hommes";"La cuisine";"";"Four, plaques,  barbecue, casserole, boisson chaude";"Oui, et la brûlure est superficielle";"37°C";"Non";"Non";"Oui";"Oui";"Oui";"Oui";"Le poignet (côté paume de la main)";"Oui";"Non";"Oui";"Non";"Oui";"Non";"Oui";"Oui";"Oui";"Oui";"Non";"Oui";"Oui";"Oui";"Oui";"Non";"Oui";"Oui";"Oui";"Non";"";"3";"Non";"Oui";"Non";"Oui";"Non";"Non";"Oui";"Oui";"Non";"Oui";"Non";"Non";"Non";"Oui";"Oui";"Non";"Non";"Non";"Non";"Non";"Oui";"Non";"Oui";"Oui";"Oui";"Non";"Oui";"Non";"Oui";"650.21";"94.79";"";"";"";"";"";"";"";"";"";"";"";"";"";"";"277.37";"";"";"";"";"";"";"";"";"";"";"";"";"";"";"";"";"45.5";"";"225.59";"";"";"";"";"";"6.96";""
"50";"2025-10-20 18:35:04";"5";"fr";"1212394723";"2025-10-20 18:18:21";"2025-10-20 18:35:04";"28";"Féminin";"78";"≥ Bac + 3";"7";"Non";"Oui";"Non";"Non";"Oui";"3";"4 ans - 3 ans - 1 mois";"Oui";"Oui";"Non";"Non";"";"Chutes, brûlures, intoxications, noyades, étouffements, électrocutions";"Non";"5";"Oui";"Oui";"Non";"Oui";"Non";"Non";"Non";"Formations";"Thermique";"Liquide chaud";"Plus de 60%";"Accidentelles";"";"Les 0-4 ans";"Les 0-4 ans";"Autant chez les filles/femmes que les garçons/hommes";"La cuisine";"";"Boissons chaudes de l'adulte, casseroles, eau chaude ";"Oui, et la brûlure est grave";"37°C";"Oui";"Non";"Oui";"Oui";"Non";"Oui";"Le coude";"Oui";"Non";"Oui";"Oui";"Oui";"Non";"Oui";"Oui";"Oui";"Oui";"Oui";"Oui";"Oui";"Oui";"Oui";"Oui";"Oui";"Oui";"Oui";"Non";"";"5";"Non";"Oui";"Non";"Oui";"Oui";"Oui";"Oui";"Oui";"Non";"Oui";"Non";"Non";"Oui";"Oui";"Oui";"Non";"Non";"Oui";"Non";"Non";"Oui";"Non";"Oui";"Oui";"Oui";"Non";"Oui";"Oui";"Oui";"1005.54";"188.54";"";"";"";"";"";"";"";"";"";"";"";"";"";"";"454.01";"";"";"";"";"";"";"";"";"";"";"";"";"";"";"";"";"187.57";"";"166.76";"";"";"";"";"";"8.66";""
"51";"2025-10-20 21:31:08";"5";"fr";"1163030924";"2025-10-20 21:22:28";"2025-10-20 21:31:08";"29";"Féminin";"78";"≥ Bac + 3";"7";"Non";"Non";"Non";"Non";"Non";"1";"1 an";"Non";"Oui";"Non";"Non";"";"produits chimiques (ingestion, brulure, inhalation ou dans les yeux)
Brûlure 
Étouffement
Chute
Électricité 
Morsure d’animaux
Noyade ";"Non";"4";"Non";"Non";"Non";"Oui";"Non";"Non";"Non";"";"Thermique";"Liquide chaud";"Plus de 60%";"Accidentelles";"";"Les 0-4 ans";"Les 0-4 ans";"Autant chez les filles/femmes que les garçons/hommes";"La cuisine";"";"Aliment chaud (casserole qui se renverse, bouilloire), cheminée, produit chimique , bain/douche";"Oui, et la brûlure est grave";"37°C";"Oui";"Non";"Oui";"Oui";"Non";"Oui";"Le poignet (côté paume de la main)";"Oui";"Non";"Oui";"Non";"Oui";"Oui";"Oui";"Non";"Oui";"Oui";"Non";"Oui";"Oui";"Oui";"Oui";"Oui";"Oui";"Oui";"Oui";"Non";"";"5";"Non";"Non";"Non";"Oui";"Non";"Non";"Oui";"Oui";"Non";"Oui";"Non";"Non";"Non";"Non";"Oui";"Non";"Non";"Oui";"Non";"Non";"Oui";"Non";"Oui";"Oui";"Non";"Non";"Oui";"Oui";"Oui";"521.02";"170.54";"";"";"";"";"";"";"";"";"";"";"";"";"";"";"175.38";"";"";"";"";"";"";"";"";"";"";"";"";"";"";"";"";"52.52";"";"115.42";"";"";"";"";"";"7.16";""
"52";"";"";"fr";"69691343";"2025-10-21 13:52:34";"2025-10-21 13:52:34";"";"N/A";"";"";"";"N/A";"N/A";"N/A";"N/A";"N/A";"";"";"N/A";"N/A";"N/A";"N/A";"";"";"N/A";"";"N/A";"N/A";"N/A";"N/A";"N/A";"N/A";"N/A";"";"";"";"";"";"";"";"";"";"";"";"";"";"";"N/A";"N/A";"N/A";"N/A";"N/A";"N/A";"";"N/A";"N/A";"N/A";"N/A";"N/A";"N/A";"N/A";"N/A";"N/A";"N/A";"N/A";"N/A";"N/A";"N/A";"N/A";"N/A";"N/A";"N/A";"N/A";"N/A";"";"";"N/A";"N/A";"N/A";"N/A";"N/A";"N/A";"N/A";"N/A";"N/A";"N/A";"N/A";"N/A";"N/A";"N/A";"N/A";"N/A";"N/A";"N/A";"N/A";"N/A";"N/A";"N/A";"N/A";"N/A";"N/A";"N/A";"N/A";"N/A";"N/A";"0";"";"";"";"";"";"";"";"";"";"";"";"";"";"";"";"";"";"";"";"";"";"";"";"";"";"";"";"";"";"";"";"";"";"";"";"";"";"";"";"";"";""
"53";"2025-10-21 16:49:26";"5";"fr";"238766604";"2025-10-21 16:41:14";"2025-10-21 16:49:26";"31";"Masculin";"64";"≥ Bac + 3";"7";"Non";"Non";"Oui";"Non";"Non";"1";"8 mois";"Oui";"Non";"Non";"Non";"";"Chutes, animaux, ingestion ";"Non";"0";"Oui";"Non";"Non";"Non";"Non";"Non";"Non";"";"Thermique";"Liquide chaud";"Plus de 60%";"Accidentelles";"";"Les 0-4 ans";"Les 0-4 ans";"Autant chez les filles/femmes que les garçons/hommes";"La cuisine";"";"Lait chaud, purée, bain, chauffage, feu";"Oui, et la brûlure est grave";"37°C";"Oui";"Non";"Non";"Oui";"Non";"Oui";"Le dos de la main";"Oui";"Non";"Oui";"Non";"Non";"Non";"Oui";"Oui";"Non";"Non";"Non";"Oui";"Oui";"Oui";"Non";"Oui";"Non";"Oui";"Oui";"Non";"";"3";"Non";"Non";"Non";"Oui";"Oui";"Non";"Oui";"Non";"Non";"Oui";"Oui";"Non";"Oui";"Oui";"Oui";"Non";"Non";"Oui";"Non";"Oui";"Oui";"Non";"Oui";"Oui";"Non";"Non";"Oui";"Non";"Non";"495.1";"107.31";"";"";"";"";"";"";"";"";"";"";"";"";"";"";"191.65";"";"";"";"";"";"";"";"";"";"";"";"";"";"";"";"";"59.51";"";"126.83";"";"";"";"";"";"9.8";""
"54";"2025-10-22 21:04:42";"5";"fr";"1301215168";"2025-10-22 20:47:59";"2025-10-22 21:04:42";"39";"Féminin";"92";"≥ Bac + 3";"5";"Non";"Non";"Oui";"Oui";"Non";"3";"4 mois - 2 ans - 4 ans";"Oui";"Non";"Non";"Non";"";"Chute
Intoxication ";"Non";"4";"Non";"Oui";"Non";"Oui";"Non";"Non";"Non";"";"Thermique";"Liquide chaud";"Plus de 60%";"Accidentelles";"";"Les 5-14 ans";"Les 5-14 ans";"Autant chez les filles/femmes que les garçons/hommes";"La cuisine";"";"Casserole - four - bain - fer a repasser - lampe de chevet ";"Oui, et la brûlure est superficielle";"37°C";"Oui";"Non";"Oui";"Oui";"Non";"Oui";"Le poignet (côté paume de la main)";"Oui";"Non";"Oui";"Non";"Oui";"Non";"Oui";"Oui";"Oui";"Oui";"Oui";"Oui";"Non";"Oui";"Oui";"Oui";"Oui";"Oui";"Oui";"Non";"";"4";"Non";"Non";"Oui";"Non";"Oui";"Non";"Oui";"Oui";"Oui";"Non";"Non";"Non";"Non";"Oui";"Oui";"Non";"Non";"Oui";"Non";"Oui";"Oui";"Non";"Oui";"Oui";"Non";"Non";"Oui";"Non";"Oui";"1003.75";"201.37";"";"";"";"";"";"";"";"";"";"";"";"";"";"";"411.9";"";"";"";"";"";"";"";"";"";"";"";"";"";"";"";"";"116.91";"";"264.36";"";"";"";"";"";"9.21";""
"55";"";"";"fr";"1305128183";"2025-10-23 12:41:47";"2025-10-23 12:41:47";"";"N/A";"";"";"";"N/A";"N/A";"N/A";"N/A";"N/A";"";"";"N/A";"N/A";"N/A";"N/A";"";"";"N/A";"";"N/A";"N/A";"N/A";"N/A";"N/A";"N/A";"N/A";"";"";"";"";"";"";"";"";"";"";"";"";"";"";"N/A";"N/A";"N/A";"N/A";"N/A";"N/A";"";"N/A";"N/A";"N/A";"N/A";"N/A";"N/A";"N/A";"N/A";"N/A";"N/A";"N/A";"N/A";"N/A";"N/A";"N/A";"N/A";"N/A";"N/A";"N/A";"N/A";"";"";"N/A";"N/A";"N/A";"N/A";"N/A";"N/A";"N/A";"N/A";"N/A";"N/A";"N/A";"N/A";"N/A";"N/A";"N/A";"N/A";"N/A";"N/A";"N/A";"N/A";"N/A";"N/A";"N/A";"N/A";"N/A";"N/A";"N/A";"N/A";"N/A";"0";"";"";"";"";"";"";"";"";"";"";"";"";"";"";"";"";"";"";"";"";"";"";"";"";"";"";"";"";"";"";"";"";"";"";"";"";"";"";"";"";"";""
"56";"2025-10-23 14:04:13";"5";"fr";"995346798";"2025-10-23 13:22:07";"2025-10-23 14:04:12";"41";"Féminin";"78";"≥ Bac + 3";"7";"Non";"Non";"Non";"Non";"Non";"3";"11 ans - 4 ans - 3 mois";"Oui";"Oui";"Non";"Non";"";"Chute (escalier, trampoline, table à langer, baignoire)
Étouffement (nourriture, doudou sur le visage)
Noyade (bain)
Intoxication (produits ménagers, bricolage)
Brûlure (four, poêle, barbecue)
Electrocution
Coupure (objets tranchants) ";"Non";"4";"Oui";"Non";"Non";"Oui";"Non";"Non";"Non";"";"Thermique";"Liquide chaud";"Plus de 60%";"Accidentelles";"";"Les 0-4 ans";"Les 0-4 ans";"Autant chez les filles/femmes que les garçons/hommes";"La cuisine";"";"Poêle, four, bouilloire, casserole, produits ménagers, prise électrique défaillante, ampoule, briquet, cigarette, moquette, toboggan en plein soleil, etc. ";"Oui, et la brûlure est superficielle";"37°C";"Non";"Non";"Oui";"Oui";"Non";"Oui";"Le poignet (côté paume de la main)";"Oui";"Non";"Oui";"Non";"Oui";"Oui";"Oui";"Non";"Oui";"Oui";"Non";"Oui";"Oui";"Oui";"Oui";"Oui";"Non";"Oui";"Oui";"Non";"";"3";"Non";"Oui";"Oui";"Non";"Oui";"Non";"Oui";"Oui";"Non";"Oui";"Non";"Non";"Oui";"Oui";"Oui";"Non";"Non";"Oui";"Non";"Non";"Oui";"Non";"Oui";"Oui";"Oui";"Non";"Oui";"Oui";"N/A";"2526.09";"610.69";"";"";"";"";"";"";"";"";"";"";"";"";"";"";"585.9";"";"";"";"";"";"";"";"";"";"";"";"";"";"";"";"";"102.06";"";"1217.46";"";"";"";"";"";"9.98";""
"57";"";"2";"fr";"835362075";"2025-10-24 10:13:21";"2025-10-24 10:20:35";"37";"Féminin";"78";"≥ Bac + 3";"6";"Non";"Non";"Non";"Non";"Non";"1";"21 mois ";"Non";"Oui";"Non";"Non";"";"Les prises de courants, les couverts, le four ";"Non";"4";"Non";"Non";"Non";"Non";"Non";"Non";"Non";"Recherche personnelle ";"Par rayonnement d'une grande source de chaleur";"Liquide chaud";"Environ 40%";"Accidentelles";"";"Les 0-4 ans";"Les 5-14 ans";"Autant chez les filles/femmes que les garçons/hommes";"La salle de bain";"";"Eau du bain , four , casserole , produits chimique dans lequel on rajoute de l’eau puis referme la bouteille (réaction exothermique)";"Oui, et la brûlure est superficielle";"37°C";"Non";"Non";"Oui";"Oui";"Non";"Oui";"Le poignet (côté paume de la main)";"N/A";"N/A";"N/A";"N/A";"N/A";"N/A";"N/A";"N/A";"N/A";"N/A";"N/A";"N/A";"N/A";"N/A";"N/A";"N/A";"N/A";"N/A";"N/A";"N/A";"";"";"N/A";"N/A";"N/A";"N/A";"N/A";"N/A";"N/A";"N/A";"N/A";"N/A";"N/A";"N/A";"N/A";"N/A";"N/A";"N/A";"N/A";"N/A";"N/A";"N/A";"N/A";"N/A";"N/A";"N/A";"N/A";"N/A";"N/A";"N/A";"N/A";"434.12";"167.82";"";"";"";"";"";"";"";"";"";"";"";"";"";"";"266.3";"";"";"";"";"";"";"";"";"";"";"";"";"";"";"";"";"";"";"";"";"";"";"";"";"";""
"58";"2025-10-24 22:24:39";"5";"fr";"258627215";"2025-10-24 22:03:04";"2025-10-24 22:24:39";"36";"Féminin";"78";"≥ Bac + 3";"9";"Non";"Non";"Non";"Non";"Non";"2";"2,9 ans - 7 mois ";"Non";"Oui";"Non";"Non";"";"prises électriques 
Risque de brûlure avec de l'eau bouillante ou thé/café par maladresse des parents 
produits dentretien
Médicaments
Avaler des objets trop petits
objets contondants à sa portée 
Risque de tomber par une fenêtre s'il y a quelque chose pour monter 
Étouffement dans le lit pour les bébés 

";"Non";"3";"Oui";"Non";"Non";"Non";"Non";"Non";"Non";"";"Thermique";"Liquide chaud";"Plus de 60%";"Accidentelles";"";"Les 0-4 ans";"Les 0-4 ans";"Autant chez les filles/femmes que les garçons/hommes";"La cuisine";"";"Four 
Plaques de cuisine 
Radiateurs 
Boissons chaudes 
Eau de cuisson 
Plat renversé ";"";"37°C";"Non";"Non";"Oui";"Oui";"Non";"Oui";"Le poignet (côté paume de la main)";"Non";"Non";"Oui";"Non";"Non";"Oui";"Oui";"Oui";"Oui";"Oui";"Non";"Oui";"Oui";"Oui";"Oui";"Oui";"Oui";"Oui";"Oui";"Non";"j'explique ++ les risques à mon enfant ";"4";"Non";"Oui";"Oui";"Non";"Oui";"Non";"Oui";"Non";"Non";"Oui";"Non";"Non";"Non";"Non";"Oui";"Non";"Non";"Oui";"Non";"Non";"Oui";"Non";"Non";"Oui";"Non";"Non";"Non";"Non";"N/A";"1296.65";"315.72";"";"";"";"";"";"";"";"";"";"";"";"";"";"";"140.8";"";"";"";"";"";"";"";"";"";"";"";"";"";"";"";"";"72.84";"";"760.46";"";"";"";"";"";"6.83";""
"59";"";"";"fr";"1503224760";"2025-10-27 09:42:36";"2025-10-27 09:42:36";"";"N/A";"";"";"";"N/A";"N/A";"N/A";"N/A";"N/A";"";"";"N/A";"N/A";"N/A";"N/A";"";"";"N/A";"";"N/A";"N/A";"N/A";"N/A";"N/A";"N/A";"N/A";"";"";"";"";"";"";"";"";"";"";"";"";"";"";"N/A";"N/A";"N/A";"N/A";"N/A";"N/A";"";"N/A";"N/A";"N/A";"N/A";"N/A";"N/A";"N/A";"N/A";"N/A";"N/A";"N/A";"N/A";"N/A";"N/A";"N/A";"N/A";"N/A";"N/A";"N/A";"N/A";"";"";"N/A";"N/A";"N/A";"N/A";"N/A";"N/A";"N/A";"N/A";"N/A";"N/A";"N/A";"N/A";"N/A";"N/A";"N/A";"N/A";"N/A";"N/A";"N/A";"N/A";"N/A";"N/A";"N/A";"N/A";"N/A";"N/A";"N/A";"N/A";"N/A";"0";"";"";"";"";"";"";"";"";"";"";"";"";"";"";"";"";"";"";"";"";"";"";"";"";"";"";"";"";"";"";"";"";"";"";"";"";"";"";"";"";"";""
"60";"";"";"fr";"798791310";"2025-10-27 12:45:38";"2025-10-27 12:45:38";"";"N/A";"";"";"";"N/A";"N/A";"N/A";"N/A";"N/A";"";"";"N/A";"N/A";"N/A";"N/A";"";"";"N/A";"";"N/A";"N/A";"N/A";"N/A";"N/A";"N/A";"N/A";"";"";"";"";"";"";"";"";"";"";"";"";"";"";"N/A";"N/A";"N/A";"N/A";"N/A";"N/A";"";"N/A";"N/A";"N/A";"N/A";"N/A";"N/A";"N/A";"N/A";"N/A";"N/A";"N/A";"N/A";"N/A";"N/A";"N/A";"N/A";"N/A";"N/A";"N/A";"N/A";"";"";"N/A";"N/A";"N/A";"N/A";"N/A";"N/A";"N/A";"N/A";"N/A";"N/A";"N/A";"N/A";"N/A";"N/A";"N/A";"N/A";"N/A";"N/A";"N/A";"N/A";"N/A";"N/A";"N/A";"N/A";"N/A";"N/A";"N/A";"N/A";"N/A";"0";"";"";"";"";"";"";"";"";"";"";"";"";"";"";"";"";"";"";"";"";"";"";"";"";"";"";"";"";"";"";"";"";"";"";"";"";"";"";"";"";"";""
"61";"2025-10-27 15:38:03";"5";"fr";"602286738";"2025-10-27 15:25:04";"2025-10-27 15:38:03";"35";"Féminin";"91";"≥ Bac + 3";"7";"Non";"Non";"Non";"Non";"Oui";"1";"2 ans";"Non";"Oui";"Non";"Non";"";"Noyade, brûlure, chute, coupure";"Non";"3";"Oui";"Oui";"Non";"Non";"Non";"Non";"Non";"";"Thermique";"Liquide chaud";"Environ 40%";"Accidentelles";"";"Les 0-4 ans";"Les 5-14 ans";"Autant chez les filles/femmes que les garçons/hommes";"La cuisine";"";"Eau qui boue, aliments servis trop chauds, bain trop chaud, aide des parents en cuisine ";"Oui, et la brûlure est superficielle";"37°C";"Non";"Non";"Oui";"Oui";"Non";"Oui";"Le poignet (côté paume de la main)";"Oui";"Non";"Oui";"Non";"Oui";"Oui";"Oui";"Oui";"Oui";"Oui";"Non";"Oui";"Non";"Oui";"Oui";"Oui";"Oui";"Oui";"Oui";"Non";"";"3";"Non";"Non";"Oui";"Non";"Oui";"Oui";"Oui";"Oui";"Oui";"Non";"Non";"Non";"Oui";"Non";"Oui";"Non";"Non";"Non";"Non";"Non";"Oui";"Non";"Oui";"Oui";"Oui";"Non";"Oui";"Non";"Oui";"780.69";"137.85";"";"";"";"";"";"";"";"";"";"";"";"";"";"";"370.4";"";"";"";"";"";"";"";"";"";"";"";"";"";"";"";"";"80.61";"";"181.82";"";"";"";"";"";"10.01";""
"62";"2025-10-27 23:39:05";"5";"fr";"222176126";"2025-10-27 23:18:00";"2025-10-27 23:39:05";"29";"Féminin";"49";"≥ Bac + 3";"5";"Non";"Non";"Oui";"Oui";"Non";"2";"48";"Oui";"Non";"Non";"Non";"";"Brûlure eau bouillante
Électricité
Traumatisme/chute jardin (trampoline, balançoire, mobilier)
Chute escalier
Noyade baignoire";"Non";"4";"Oui";"Non";"Non";"Non";"Non";"Non";"Non";"Métier (infirmiere)";"Thermique";"Liquide chaud";"Environ 40%";"Accidentelles";"";"Les 0-4 ans";"Les 0-4 ans";"Autant chez les filles/femmes que les garçons/hommes";"La cuisine";"";"Cheminée/poêle
Cuisine (plaque de cuisson, four, bouilloire)
Eau chaude
";"Oui, et la brûlure est grave";"37°C";"Non";"Non";"Oui";"Oui";"Non";"Oui";"Le poignet (côté paume de la main)";"Oui";"Non";"Oui";"Non";"Oui";"Oui";"Oui";"Non";"Oui";"Oui";"Non";"Oui";"Non";"Oui";"Non";"Oui";"Oui";"Oui";"Oui";"Non";"";"4";"Non";"Oui";"Oui";"Non";"Oui";"Non";"Oui";"Oui";"Oui";"Non";"Non";"Non";"Non";"Oui";"Oui";"Non";"Non";"Oui";"Non";"Non";"Oui";"Non";"Oui";"Oui";"Non";"Non";"Non";"Non";"Oui";"1266.12";"217.81";"";"";"";"";"";"";"";"";"";"";"";"";"";"";"448.14";"";"";"";"";"";"";"";"";"";"";"";"";"";"";"";"";"97.72";"";"490.22";"";"";"";"";"";"12.23";""
"63";"";"";"fr";"1272645341";"2025-10-28 12:13:07";"2025-10-28 12:13:07";"";"N/A";"";"";"";"N/A";"N/A";"N/A";"N/A";"N/A";"";"";"N/A";"N/A";"N/A";"N/A";"";"";"N/A";"";"N/A";"N/A";"N/A";"N/A";"N/A";"N/A";"N/A";"";"";"";"";"";"";"";"";"";"";"";"";"";"";"N/A";"N/A";"N/A";"N/A";"N/A";"N/A";"";"N/A";"N/A";"N/A";"N/A";"N/A";"N/A";"N/A";"N/A";"N/A";"N/A";"N/A";"N/A";"N/A";"N/A";"N/A";"N/A";"N/A";"N/A";"N/A";"N/A";"";"";"N/A";"N/A";"N/A";"N/A";"N/A";"N/A";"N/A";"N/A";"N/A";"N/A";"N/A";"N/A";"N/A";"N/A";"N/A";"N/A";"N/A";"N/A";"N/A";"N/A";"N/A";"N/A";"N/A";"N/A";"N/A";"N/A";"N/A";"N/A";"N/A";"0";"";"";"";"";"";"";"";"";"";"";"";"";"";"";"";"";"";"";"";"";"";"";"";"";"";"";"";"";"";"";"";"";"";"";"";"";"";"";"";"";"";""
"64";"2025-10-28 17:14:30";"5";"fr";"170431709";"2025-10-28 17:04:44";"2025-10-28 17:14:30";"37";"Féminin";"78";"Baccalauréat - Bac +2";"5";"Non";"Oui";"Non";"Non";"Non";"2";"4 ans - 2 ans";"Non";"Non";"Oui";"Non";"";"Brûlure 
Chute 
Produits d’entretien ";"Non";"3";"Oui";"Non";"Oui";"Non";"Non";"Non";"Oui";"";"Thermique";"Liquide chaud";"Plus de 60%";"Accidentelles";"";"Les 0-4 ans";"Les 0-4 ans";"Autant chez les filles/femmes que les garçons/hommes";"La cuisine";"";"Boisson chaude
Eau de cuisson 
Eau du bain";"Oui, et la brûlure est grave";"37°C";"Oui";"Oui";"Oui";"Oui";"Oui";"Oui";"Le poignet (côté paume de la main)";"Oui";"Non";"Oui";"Non";"Oui";"Non";"Oui";"Oui";"Oui";"Non";"Non";"Oui";"Non";"Non";"Oui";"Non";"Oui";"Oui";"Oui";"Non";"";"3";"Non";"Non";"Oui";"Non";"Oui";"Non";"Oui";"Non";"Non";"Oui";"Non";"Non";"Non";"Non";"Oui";"Non";"Non";"Oui";"Non";"Non";"Oui";"Non";"Oui";"Oui";"Oui";"Non";"Oui";"Oui";"Oui";"588.39";"150.41";"";"";"";"";"";"";"";"";"";"";"";"";"";"";"212.65";"";"";"";"";"";"";"";"";"";"";"";"";"";"";"";"";"65.19";"";"150.25";"";"";"";"";"";"9.89";""
"65";"";"3";"fr";"1365764077";"2025-10-29 11:48:45";"2025-10-29 12:01:53";"38";"Masculin";"38";"≥ Bac + 3";"7";"Non";"Non";"Non";"Oui";"Oui";"1";"2";"Oui";"Oui";"Non";"Non";"";"Prise électrique
Chutes
Ingestion produits toxiques
Brûlures ";"Non";"1";"Non";"Non";"Non";"Oui";"Non";"Non";"Non";"";"Thermique";"Flamme/feu";"Environ 40%";"Accidentelles";"";"Les 0-4 ans";"Les 0-4 ans";"Autant chez les filles/femmes que les garçons/hommes";"La cuisine";"";"Four
Gaz
Casserole ";"Oui, et la brûlure est superficielle";"37°C";"Non";"Non";"Oui";"Oui";"Non";"Oui";"La paume de la main";"Oui";"Non";"Oui";"Non";"Non";"Oui";"Oui";"Non";"Non";"Non";"Non";"Non";"Non";"Oui";"Non";"Non";"Oui";"Oui";"Oui";"Non";"";"";"N/A";"N/A";"N/A";"N/A";"N/A";"N/A";"N/A";"N/A";"N/A";"N/A";"N/A";"N/A";"N/A";"N/A";"N/A";"N/A";"N/A";"N/A";"N/A";"N/A";"N/A";"N/A";"N/A";"N/A";"N/A";"N/A";"N/A";"N/A";"N/A";"788.08";"266.43";"";"";"";"";"";"";"";"";"";"";"";"";"";"";"358.27";"";"";"";"";"";"";"";"";"";"";"";"";"";"";"";"";"163.38";"";"";"";"";"";"";"";"";""
"66";"";"1";"fr";"2070416009";"2025-10-29 15:29:13";"2025-10-29 15:32:05";"31";"Féminin";"64";"≥ Bac + 3";"6";"Non";"Non";"Non";"Oui";"Non";"1";"4,5 mois ";"Oui";"Non";"Non";"Non";"";"Chute, brûlure, étouffement, ";"N/A";"";"N/A";"N/A";"N/A";"N/A";"N/A";"N/A";"N/A";"";"";"";"";"";"";"";"";"";"";"";"";"";"";"N/A";"N/A";"N/A";"N/A";"N/A";"N/A";"";"N/A";"N/A";"N/A";"N/A";"N/A";"N/A";"N/A";"N/A";"N/A";"N/A";"N/A";"N/A";"N/A";"N/A";"N/A";"N/A";"N/A";"N/A";"N/A";"N/A";"";"";"N/A";"N/A";"N/A";"N/A";"N/A";"N/A";"N/A";"N/A";"N/A";"N/A";"N/A";"N/A";"N/A";"N/A";"N/A";"N/A";"N/A";"N/A";"N/A";"N/A";"N/A";"N/A";"N/A";"N/A";"N/A";"N/A";"N/A";"N/A";"N/A";"172.53";"172.53";"";"";"";"";"";"";"";"";"";"";"";"";"";"";"";"";"";"";"";"";"";"";"";"";"";"";"";"";"";"";"";"";"";"";"";"";"";"";"";"";""
"67";"";"1";"fr";"1925162125";"2025-10-29 18:16:13";"2025-10-29 18:46:27";"32";"Féminin";"78";"Baccalauréat - Bac +2";"4";"Oui";"Non";"Non";"Non";"Non";"1";"22 mois";"Non";"Oui";"Non";"Oui";"";"Brûlure 
Doigts dans les portes 
Avaler des produits ménagers ";"N/A";"";"N/A";"N/A";"N/A";"N/A";"N/A";"N/A";"N/A";"";"";"";"";"";"";"";"";"";"";"";"";"";"";"N/A";"N/A";"N/A";"N/A";"N/A";"N/A";"";"N/A";"N/A";"N/A";"N/A";"N/A";"N/A";"N/A";"N/A";"N/A";"N/A";"N/A";"N/A";"N/A";"N/A";"N/A";"N/A";"N/A";"N/A";"N/A";"N/A";"";"";"N/A";"N/A";"N/A";"N/A";"N/A";"N/A";"N/A";"N/A";"N/A";"N/A";"N/A";"N/A";"N/A";"N/A";"N/A";"N/A";"N/A";"N/A";"N/A";"N/A";"N/A";"N/A";"N/A";"N/A";"N/A";"N/A";"N/A";"N/A";"N/A";"1813.2";"1813.2";"";"";"";"";"";"";"";"";"";"";"";"";"";"";"";"";"";"";"";"";"";"";"";"";"";"";"";"";"";"";"";"";"";"";"";"";"";"";"";"";""
"68";"";"2";"fr";"1993130413";"2025-10-31 08:56:09";"2025-10-31 09:02:24";"30";"Féminin";"64";"Baccalauréat - Bac +2";"7";"Non";"Oui";"Non";"Non";"Non";"1";"8";"Non";"Oui";"Non";"Non";"";"Brûlure blessure exposition produit chimique ";"Non";"2";"Non";"Oui";"Non";"Non";"Non";"Non";"Non";"";"Thermique";"Liquide chaud";"Plus de 60%";"Accidentelles";"";"Les 0-4 ans";"Les 0-4 ans";"Autant chez les filles/femmes que les garçons/hommes";"La cuisine";"";"Cuisine casserole divers liquide alimentaire 
Plaque 
Salle de bain eau de douche ";"Oui, et la brûlure est grave";"37°C";"Oui";"Oui";"Oui";"Oui";"Oui";"Oui";"Le poignet (côté paume de la main)";"N/A";"N/A";"N/A";"N/A";"N/A";"N/A";"N/A";"N/A";"N/A";"N/A";"N/A";"N/A";"N/A";"N/A";"N/A";"N/A";"N/A";"N/A";"N/A";"N/A";"";"";"N/A";"N/A";"N/A";"N/A";"N/A";"N/A";"N/A";"N/A";"N/A";"N/A";"N/A";"N/A";"N/A";"N/A";"N/A";"N/A";"N/A";"N/A";"N/A";"N/A";"N/A";"N/A";"N/A";"N/A";"N/A";"N/A";"N/A";"N/A";"N/A";"374.58";"85.23";"";"";"";"";"";"";"";"";"";"";"";"";"";"";"289.35";"";"";"";"";"";"";"";"";"";"";"";"";"";"";"";"";"";"";"";"";"";"";"";"";"";""
"69";"";"1";"fr";"1483816260";"2025-10-31 10:36:26";"2025-10-31 10:41:36";"38";"Féminin";"78";"≥ Bac + 3";"8";"Non";"Non";"Non";"Non";"Non";"2";"6 ans - 16 mois ";"Non";"Oui";"Non";"Non";"";"Eau bouillante - produit ménager - médicaments - escaliers - fenêtres - chaises hautes - portes placard et portes pièces - brûlures - bain - électricité - ";"N/A";"";"N/A";"N/A";"N/A";"N/A";"N/A";"N/A";"N/A";"";"";"";"";"";"";"";"";"";"";"";"";"";"";"N/A";"N/A";"N/A";"N/A";"N/A";"N/A";"";"N/A";"N/A";"N/A";"N/A";"N/A";"N/A";"N/A";"N/A";"N/A";"N/A";"N/A";"N/A";"N/A";"N/A";"N/A";"N/A";"N/A";"N/A";"N/A";"N/A";"";"";"N/A";"N/A";"N/A";"N/A";"N/A";"N/A";"N/A";"N/A";"N/A";"N/A";"N/A";"N/A";"N/A";"N/A";"N/A";"N/A";"N/A";"N/A";"N/A";"N/A";"N/A";"N/A";"N/A";"N/A";"N/A";"N/A";"N/A";"N/A";"N/A";"309.83";"309.83";"";"";"";"";"";"";"";"";"";"";"";"";"";"";"";"";"";"";"";"";"";"";"";"";"";"";"";"";"";"";"";"";"";"";"";"";"";"";"";"";""
"70";"";"3";"fr";"349232301";"2025-10-31 15:27:20";"2025-10-31 15:38:14";"41";"Féminin";"91";"≥ Bac + 3";"7";"Non";"Non";"Non";"Non";"Non";"2";"8 ans - 3 ans";"Oui";"Non";"Non";"Non";"";"Brûlure 
Chutes
Se coincer les doigts 
";"Non";"4";"Non";"Non";"Oui";"Non";"Non";"Non";"Non";"";"Thermique";"Liquide chaud";"Environ 40%";"Accidentelles";"";"Les 0-4 ans";"Les 0-4 ans";"Autant chez les filles/femmes que les garçons/hommes";"La cuisine";"";"Tirer la manche de la casserole";"Oui, et la brûlure est superficielle";"37°C";"Oui";"Non";"Oui";"Oui";"Non";"Oui";"Le poignet (côté paume de la main)";"Oui";"Non";"Oui";"Non";"Oui";"Oui";"Oui";"Non";"Non";"Oui";"Oui";"Oui";"Non";"Non";"Non";"Oui";"Oui";"Oui";"Oui";"Non";"";"";"N/A";"N/A";"N/A";"N/A";"N/A";"N/A";"N/A";"N/A";"N/A";"N/A";"N/A";"N/A";"N/A";"N/A";"N/A";"N/A";"N/A";"N/A";"N/A";"N/A";"N/A";"N/A";"N/A";"N/A";"N/A";"N/A";"N/A";"N/A";"N/A";"654.71";"223.78";"";"";"";"";"";"";"";"";"";"";"";"";"";"";"285.4";"";"";"";"";"";"";"";"";"";"";"";"";"";"";"";"";"145.53";"";"";"";"";"";"";"";"";""
"71";"2025-11-01 10:53:47";"5";"fr";"1195521178";"2025-11-01 10:43:32";"2025-11-01 10:53:47";"26";"Féminin";"78";"Inférieur au baccalauréat";"4";"Oui";"Non";"Non";"Non";"Non";"2";"2ans - 4 mois";"Oui";"Non";"Oui";"Oui";"";"Tomber
Utiliser un couteau de la cuisine
Prendre un produit pour nettoyer 
Se brûler 
Se noyer dans le bain";"Non";"2";"Non";"Non";"Oui";"Non";"Non";"Non";"Oui";"";"Thermique";"Liquide chaud";"Plus de 60%";"Accidentelles";"";"Les 0-4 ans";"Les 0-4 ans";"Autant chez les filles/femmes que les garçons/hommes";"La cuisine";"";"Faire tomber une tasse de café 
Toucher aux marmites ";"";"37°C";"Non";"Oui";"Non";"Oui";"Non";"Oui";"Le dos de la main";"Oui";"Non";"Non";"Non";"Non";"Non";"Oui";"Non";"Oui";"Non";"Non";"Non";"Non";"Non";"Non";"Non";"Oui";"Non";"Oui";"Non";"";"2";"Non";"Oui";"Oui";"Non";"Oui";"Oui";"Oui";"Non";"Oui";"Non";"Non";"Non";"Non";"Oui";"Non";"Non";"Non";"Oui";"Non";"Non";"Oui";"Non";"Oui";"Non";"Oui";"Non";"Non";"Non";"Oui";"616.56";"206.14";"";"";"";"";"";"";"";"";"";"";"";"";"";"";"197.8";"";"";"";"";"";"";"";"";"";"";"";"";"";"";"";"";"59.27";"";"140.44";"";"";"";"";"";"12.91";""
"72";"";"";"fr";"949224620";"2025-11-01 21:49:29";"2025-11-01 21:49:29";"";"N/A";"";"";"";"N/A";"N/A";"N/A";"N/A";"N/A";"";"";"N/A";"N/A";"N/A";"N/A";"";"";"N/A";"";"N/A";"N/A";"N/A";"N/A";"N/A";"N/A";"N/A";"";"";"";"";"";"";"";"";"";"";"";"";"";"";"N/A";"N/A";"N/A";"N/A";"N/A";"N/A";"";"N/A";"N/A";"N/A";"N/A";"N/A";"N/A";"N/A";"N/A";"N/A";"N/A";"N/A";"N/A";"N/A";"N/A";"N/A";"N/A";"N/A";"N/A";"N/A";"N/A";"";"";"N/A";"N/A";"N/A";"N/A";"N/A";"N/A";"N/A";"N/A";"N/A";"N/A";"N/A";"N/A";"N/A";"N/A";"N/A";"N/A";"N/A";"N/A";"N/A";"N/A";"N/A";"N/A";"N/A";"N/A";"N/A";"N/A";"N/A";"N/A";"N/A";"0";"";"";"";"";"";"";"";"";"";"";"";"";"";"";"";"";"";"";"";"";"";"";"";"";"";"";"";"";"";"";"";"";"";"";"";"";"";"";"";"";"";""
"73";"2025-11-03 09:31:11";"5";"fr";"516029963";"2025-11-03 09:20:49";"2025-11-03 09:31:11";"37";"Féminin";"26";"≥ Bac + 3";"7";"Non";"Non";"Non";"Oui";"Non";"2";"""8"" ""2""";"Oui";"Non";"Non";"Non";"";"Brûlure 
Chute
Empoissonnement 
";"Non";"4";"Non";"Non";"Oui";"Oui";"Non";"Non";"Non";"";"Chimique";"Liquide chaud";"Environ 40%";"Accidentelles";"";"Les 0-4 ans";"Les 0-4 ans";"Autant chez les filles/femmes que les garçons/hommes";"La cuisine";"";"Casserole";"Oui, et la brûlure est grave";"37°C";"Non";"Non";"Oui";"Oui";"Non";"Oui";"Le poignet (côté paume de la main)";"Oui";"Non";"Oui";"Non";"Oui";"Oui";"Oui";"Non";"Non";"Non";"Oui";"Oui";"Non";"Oui";"Non";"Oui";"Oui";"Non";"Non";"Non";"";"4";"Non";"Oui";"Non";"Oui";"Oui";"Non";"Oui";"Oui";"Oui";"Non";"Non";"Non";"Non";"Oui";"Oui";"Non";"Non";"Non";"Non";"Non";"Oui";"Non";"Oui";"Oui";"Non";"Non";"Oui";"Oui";"Non";"622.14";"143.11";"";"";"";"";"";"";"";"";"";"";"";"";"";"";"257.27";"";"";"";"";"";"";"";"";"";"";"";"";"";"";"";"";"47.55";"";"168.11";"";"";"";"";"";"6.1";""
"74";"2025-11-03 10:57:46";"5";"fr";"437559085";"2025-11-03 10:48:41";"2025-11-03 10:57:46";"323";"Féminin";"78";"Baccalauréat - Bac +2";"7";"Non";"Non";"Non";"Non";"Non";"2";"3 ans - 3 mois ";"Non";"Oui";"Non";"Non";"";"Chutes , ingestions diverses ( solides / liquides ) , brûlures , noyades , coupures , étranglements. ";"Non";"5";"Non";"Non";"Non";"Oui";"Non";"Non";"Non";"";"Chimique";"Liquide chaud";"Plus de 60%";"Accidentelles";"";"Les 0-4 ans";"Les 0-4 ans";"Autant chez les filles/femmes que les garçons/hommes";"La cuisine";"";"Pendant les préparations des repas";"Oui, et la brûlure est grave";"37°C";"Oui";"Non";"Oui";"Oui";"Non";"Oui";"Le poignet (côté dos de la main)";"Oui";"Non";"Non";"Oui";"Oui";"Oui";"Oui";"Oui";"Oui";"Oui";"Non";"Non";"Non";"Non";"Non";"Non";"Non";"Oui";"Oui";"Non";"";"2";"Non";"Non";"Non";"Oui";"Non";"Non";"Non";"Non";"Non";"Oui";"Non";"Non";"Non";"Non";"Oui";"Non";"Non";"Oui";"Non";"Non";"Oui";"Non";"Oui";"Oui";"Non";"Non";"Oui";"Oui";"Oui";"545.43";"199.98";"";"";"";"";"";"";"";"";"";"";"";"";"";"";"154.64";"";"";"";"";"";"";"";"";"";"";"";"";"";"";"";"";"50.16";"";"128.56";"";"";"";"";"";"12.09";""
"75";"2025-11-03 15:03:35";"5";"fr";"126431865";"2025-11-03 14:48:47";"2025-11-03 15:03:35";"46";"Masculin";"38";"≥ Bac + 3";"5";"Non";"Non";"Non";"Non";"Non";"2";"14années-19 années";"Oui";"Non";"Non";"Non";"";"Traumatisme suite a chute. Brûlure (en cuisine, bbc, cheminée), ingestion de produit toxique, alergie alimentaire, chute d'un balcon d'une fenêtre, noyade";"Non";"4";"Oui";"Non";"Non";"Oui";"Non";"Non";"Non";"Expérience perso";"Thermique";"Liquide chaud";"Plus de 60%";"Accidentelles";"";"Les 0-4 ans";"Les 0-4 ans";"Autant chez les filles/femmes que les garçons/hommes";"La cuisine";"";"Une casserole renversé ";"Oui, et la brûlure est grave";"37°C";"Non";"Non";"Oui";"Oui";"Non";"Non";"Le poignet (côté paume de la main)";"Oui";"Non";"Oui";"Non";"Oui";"Non";"Oui";"Non";"Oui";"Non";"Non";"Oui";"Oui";"Oui";"Oui";"Non";"Non";"Oui";"Oui";"Non";"";"4";"Non";"Oui";"Oui";"Non";"Oui";"Non";"Oui";"Oui";"Non";"Oui";"Non";"Non";"Non";"Non";"Oui";"Non";"Non";"Non";"Non";"Non";"Oui";"Non";"Oui";"Oui";"Oui";"Non";"Non";"Non";"Non";"890.52";"305.11";"";"";"";"";"";"";"";"";"";"";"";"";"";"";"248.42";"";"";"";"";"";"";"";"";"";"";"";"";"";"";"";"";"82.58";"";"236.58";"";"";"";"";"";"17.83";""
"76";"";"";"fr";"1206271294";"2025-11-04 15:29:58";"2025-11-04 15:29:58";"";"N/A";"";"";"";"N/A";"N/A";"N/A";"N/A";"N/A";"";"";"N/A";"N/A";"N/A";"N/A";"";"";"N/A";"";"N/A";"N/A";"N/A";"N/A";"N/A";"N/A";"N/A";"";"";"";"";"";"";"";"";"";"";"";"";"";"";"N/A";"N/A";"N/A";"N/A";"N/A";"N/A";"";"N/A";"N/A";"N/A";"N/A";"N/A";"N/A";"N/A";"N/A";"N/A";"N/A";"N/A";"N/A";"N/A";"N/A";"N/A";"N/A";"N/A";"N/A";"N/A";"N/A";"";"";"N/A";"N/A";"N/A";"N/A";"N/A";"N/A";"N/A";"N/A";"N/A";"N/A";"N/A";"N/A";"N/A";"N/A";"N/A";"N/A";"N/A";"N/A";"N/A";"N/A";"N/A";"N/A";"N/A";"N/A";"N/A";"N/A";"N/A";"N/A";"N/A";"0";"";"";"";"";"";"";"";"";"";"";"";"";"";"";"";"";"";"";"";"";"";"";"";"";"";"";"";"";"";"";"";"";"";"";"";"";"";"";"";"";"";""
"77";"";"0";"fr";"1648463387";"2025-11-04 16:38:20";"2025-11-04 16:38:40";"";"N/A";"";"";"";"N/A";"N/A";"N/A";"N/A";"N/A";"";"";"Non";"Non";"Non";"Non";"";"";"N/A";"";"N/A";"N/A";"N/A";"N/A";"N/A";"N/A";"N/A";"";"";"";"";"";"";"";"";"";"";"";"";"";"";"N/A";"N/A";"N/A";"N/A";"N/A";"N/A";"";"N/A";"N/A";"N/A";"N/A";"N/A";"N/A";"N/A";"N/A";"N/A";"N/A";"N/A";"N/A";"N/A";"N/A";"N/A";"N/A";"N/A";"N/A";"N/A";"N/A";"";"";"N/A";"N/A";"N/A";"N/A";"N/A";"N/A";"N/A";"N/A";"N/A";"N/A";"N/A";"N/A";"N/A";"N/A";"N/A";"N/A";"N/A";"N/A";"N/A";"N/A";"N/A";"N/A";"N/A";"N/A";"N/A";"N/A";"N/A";"N/A";"N/A";"19.26";"19.26";"";"";"";"";"";"";"";"";"";"";"";"";"";"";"";"";"";"";"";"";"";"";"";"";"";"";"";"";"";"";"";"";"";"";"";"";"";"";"";"";""
"78";"";"";"fr";"1743641829";"2025-11-04 19:35:19";"2025-11-04 19:35:19";"";"N/A";"";"";"";"N/A";"N/A";"N/A";"N/A";"N/A";"";"";"N/A";"N/A";"N/A";"N/A";"";"";"N/A";"";"N/A";"N/A";"N/A";"N/A";"N/A";"N/A";"N/A";"";"";"";"";"";"";"";"";"";"";"";"";"";"";"N/A";"N/A";"N/A";"N/A";"N/A";"N/A";"";"N/A";"N/A";"N/A";"N/A";"N/A";"N/A";"N/A";"N/A";"N/A";"N/A";"N/A";"N/A";"N/A";"N/A";"N/A";"N/A";"N/A";"N/A";"N/A";"N/A";"";"";"N/A";"N/A";"N/A";"N/A";"N/A";"N/A";"N/A";"N/A";"N/A";"N/A";"N/A";"N/A";"N/A";"N/A";"N/A";"N/A";"N/A";"N/A";"N/A";"N/A";"N/A";"N/A";"N/A";"N/A";"N/A";"N/A";"N/A";"N/A";"N/A";"0";"";"";"";"";"";"";"";"";"";"";"";"";"";"";"";"";"";"";"";"";"";"";"";"";"";"";"";"";"";"";"";"";"";"";"";"";"";"";"";"";"";""
"79";"";"0";"fr";"1195909158";"2025-11-04 22:27:11";"2025-11-04 22:28:23";"";"N/A";"";"";"";"N/A";"N/A";"N/A";"N/A";"N/A";"";"";"Non";"Non";"Non";"Non";"";"";"N/A";"";"N/A";"N/A";"N/A";"N/A";"N/A";"N/A";"N/A";"";"";"";"";"";"";"";"";"";"";"";"";"";"";"N/A";"N/A";"N/A";"N/A";"N/A";"N/A";"";"N/A";"N/A";"N/A";"N/A";"N/A";"N/A";"N/A";"N/A";"N/A";"N/A";"N/A";"N/A";"N/A";"N/A";"N/A";"N/A";"N/A";"N/A";"N/A";"N/A";"";"";"N/A";"N/A";"N/A";"N/A";"N/A";"N/A";"N/A";"N/A";"N/A";"N/A";"N/A";"N/A";"N/A";"N/A";"N/A";"N/A";"N/A";"N/A";"N/A";"N/A";"N/A";"N/A";"N/A";"N/A";"N/A";"N/A";"N/A";"N/A";"N/A";"72.97";"72.97";"";"";"";"";"";"";"";"";"";"";"";"";"";"";"";"";"";"";"";"";"";"";"";"";"";"";"";"";"";"";"";"";"";"";"";"";"";"";"";"";""
"80";"";"0";"fr";"882288104";"2025-11-05 00:21:00";"2025-11-05 00:21:58";"";"N/A";"";"";"";"N/A";"N/A";"N/A";"N/A";"N/A";"";"";"Non";"Non";"Non";"Non";"";"";"N/A";"";"N/A";"N/A";"N/A";"N/A";"N/A";"N/A";"N/A";"";"";"";"";"";"";"";"";"";"";"";"";"";"";"N/A";"N/A";"N/A";"N/A";"N/A";"N/A";"";"N/A";"N/A";"N/A";"N/A";"N/A";"N/A";"N/A";"N/A";"N/A";"N/A";"N/A";"N/A";"N/A";"N/A";"N/A";"N/A";"N/A";"N/A";"N/A";"N/A";"";"";"N/A";"N/A";"N/A";"N/A";"N/A";"N/A";"N/A";"N/A";"N/A";"N/A";"N/A";"N/A";"N/A";"N/A";"N/A";"N/A";"N/A";"N/A";"N/A";"N/A";"N/A";"N/A";"N/A";"N/A";"N/A";"N/A";"N/A";"N/A";"N/A";"57.47";"57.47";"";"";"";"";"";"";"";"";"";"";"";"";"";"";"";"";"";"";"";"";"";"";"";"";"";"";"";"";"";"";"";"";"";"";"";"";"";"";"";"";""
"81";"";"1";"fr";"307179637";"2025-11-05 01:06:44";"2025-11-05 01:37:27";"35";"Masculin";"99";"≥ Bac + 3";"8";"Non";"Non";"Non";"Non";"Non";"6";"9 ans - 7 ans - 6 ans - 4 ans - 2 ans - 1 mois";"Non";"Non";"Non";"Oui";"";"Chutes et brûlures";"N/A";"";"N/A";"N/A";"N/A";"N/A";"N/A";"N/A";"N/A";"";"";"";"";"";"";"";"";"";"";"";"";"";"";"N/A";"N/A";"N/A";"N/A";"N/A";"N/A";"";"N/A";"N/A";"N/A";"N/A";"N/A";"N/A";"N/A";"N/A";"N/A";"N/A";"N/A";"N/A";"N/A";"N/A";"N/A";"N/A";"N/A";"N/A";"N/A";"N/A";"";"";"N/A";"N/A";"N/A";"N/A";"N/A";"N/A";"N/A";"N/A";"N/A";"N/A";"N/A";"N/A";"N/A";"N/A";"N/A";"N/A";"N/A";"N/A";"N/A";"N/A";"N/A";"N/A";"N/A";"N/A";"N/A";"N/A";"N/A";"N/A";"N/A";"1843.13";"1843.13";"";"";"";"";"";"";"";"";"";"";"";"";"";"";"";"";"";"";"";"";"";"";"";"";"";"";"";"";"";"";"";"";"";"";"";"";"";"";"";"";""
"82";"";"";"fr";"1336207972";"2025-11-05 04:53:35";"2025-11-05 04:53:35";"";"N/A";"";"";"";"N/A";"N/A";"N/A";"N/A";"N/A";"";"";"N/A";"N/A";"N/A";"N/A";"";"";"N/A";"";"N/A";"N/A";"N/A";"N/A";"N/A";"N/A";"N/A";"";"";"";"";"";"";"";"";"";"";"";"";"";"";"N/A";"N/A";"N/A";"N/A";"N/A";"N/A";"";"N/A";"N/A";"N/A";"N/A";"N/A";"N/A";"N/A";"N/A";"N/A";"N/A";"N/A";"N/A";"N/A";"N/A";"N/A";"N/A";"N/A";"N/A";"N/A";"N/A";"";"";"N/A";"N/A";"N/A";"N/A";"N/A";"N/A";"N/A";"N/A";"N/A";"N/A";"N/A";"N/A";"N/A";"N/A";"N/A";"N/A";"N/A";"N/A";"N/A";"N/A";"N/A";"N/A";"N/A";"N/A";"N/A";"N/A";"N/A";"N/A";"N/A";"0";"";"";"";"";"";"";"";"";"";"";"";"";"";"";"";"";"";"";"";"";"";"";"";"";"";"";"";"";"";"";"";"";"";"";"";"";"";"";"";"";"";""
"83";"";"0";"fr";"1692584425";"2025-11-05 07:32:31";"2025-11-05 07:33:08";"";"N/A";"";"";"";"N/A";"N/A";"N/A";"N/A";"N/A";"";"";"Non";"Non";"Non";"Non";"";"";"N/A";"";"N/A";"N/A";"N/A";"N/A";"N/A";"N/A";"N/A";"";"";"";"";"";"";"";"";"";"";"";"";"";"";"N/A";"N/A";"N/A";"N/A";"N/A";"N/A";"";"N/A";"N/A";"N/A";"N/A";"N/A";"N/A";"N/A";"N/A";"N/A";"N/A";"N/A";"N/A";"N/A";"N/A";"N/A";"N/A";"N/A";"N/A";"N/A";"N/A";"";"";"N/A";"N/A";"N/A";"N/A";"N/A";"N/A";"N/A";"N/A";"N/A";"N/A";"N/A";"N/A";"N/A";"N/A";"N/A";"N/A";"N/A";"N/A";"N/A";"N/A";"N/A";"N/A";"N/A";"N/A";"N/A";"N/A";"N/A";"N/A";"N/A";"36.37";"36.37";"";"";"";"";"";"";"";"";"";"";"";"";"";"";"";"";"";"";"";"";"";"";"";"";"";"";"";"";"";"";"";"";"";"";"";"";"";"";"";"";""
"84";"";"0";"fr";"513513697";"2025-11-05 07:50:07";"2025-11-05 07:50:36";"";"N/A";"";"";"";"N/A";"N/A";"N/A";"N/A";"N/A";"";"";"Non";"Non";"Non";"Non";"";"";"N/A";"";"N/A";"N/A";"N/A";"N/A";"N/A";"N/A";"N/A";"";"";"";"";"";"";"";"";"";"";"";"";"";"";"N/A";"N/A";"N/A";"N/A";"N/A";"N/A";"";"N/A";"N/A";"N/A";"N/A";"N/A";"N/A";"N/A";"N/A";"N/A";"N/A";"N/A";"N/A";"N/A";"N/A";"N/A";"N/A";"N/A";"N/A";"N/A";"N/A";"";"";"N/A";"N/A";"N/A";"N/A";"N/A";"N/A";"N/A";"N/A";"N/A";"N/A";"N/A";"N/A";"N/A";"N/A";"N/A";"N/A";"N/A";"N/A";"N/A";"N/A";"N/A";"N/A";"N/A";"N/A";"N/A";"N/A";"N/A";"N/A";"N/A";"29.78";"29.78";"";"";"";"";"";"";"";"";"";"";"";"";"";"";"";"";"";"";"";"";"";"";"";"";"";"";"";"";"";"";"";"";"";"";"";"";"";"";"";"";""
"85";"";"";"fr";"1857637215";"2025-11-05 08:01:12";"2025-11-05 08:01:12";"";"N/A";"";"";"";"N/A";"N/A";"N/A";"N/A";"N/A";"";"";"N/A";"N/A";"N/A";"N/A";"";"";"N/A";"";"N/A";"N/A";"N/A";"N/A";"N/A";"N/A";"N/A";"";"";"";"";"";"";"";"";"";"";"";"";"";"";"N/A";"N/A";"N/A";"N/A";"N/A";"N/A";"";"N/A";"N/A";"N/A";"N/A";"N/A";"N/A";"N/A";"N/A";"N/A";"N/A";"N/A";"N/A";"N/A";"N/A";"N/A";"N/A";"N/A";"N/A";"N/A";"N/A";"";"";"N/A";"N/A";"N/A";"N/A";"N/A";"N/A";"N/A";"N/A";"N/A";"N/A";"N/A";"N/A";"N/A";"N/A";"N/A";"N/A";"N/A";"N/A";"N/A";"N/A";"N/A";"N/A";"N/A";"N/A";"N/A";"N/A";"N/A";"N/A";"N/A";"0";"";"";"";"";"";"";"";"";"";"";"";"";"";"";"";"";"";"";"";"";"";"";"";"";"";"";"";"";"";"";"";"";"";"";"";"";"";"";"";"";"";""
"86";"2025-11-05 08:22:56";"5";"fr";"340365542";"2025-11-05 08:10:47";"2025-11-05 08:22:56";"34";"Masculin";"38";"≥ Bac + 3";"7";"Non";"Non";"Non";"Non";"Non";"2";"5 ans - 3ans";"Oui";"Non";"Non";"Non";"";"Étouffement
Electrocution
Brûlure
Chute escalier
Coupure 


";"Non";"3";"Non";"Oui";"Oui";"Oui";"Non";"Non";"Non";"";"Thermique";"Liquide chaud";"Environ 40%";"Accidentelles";"";"Les 5-14 ans";"Les 0-4 ans";"Autant chez les filles/femmes que les garçons/hommes";"La cuisine";"";"Renverser casserole
Friture
Poêle à bois ";"Oui, et la brûlure est superficielle";"37°C";"Non";"Non";"Oui";"Oui";"Non";"Oui";"La bouche";"Oui";"Non";"Oui";"Non";"Oui";"Oui";"Oui";"Oui";"Oui";"Non";"Oui";"Oui";"Oui";"Oui";"Oui";"Oui";"Non";"Oui";"Oui";"Non";"";"3";"Non";"Non";"Oui";"Non";"Non";"Non";"Oui";"Non";"Non";"Oui";"Non";"Non";"Non";"Non";"Oui";"Non";"Non";"Oui";"Non";"Non";"Oui";"Non";"Oui";"Oui";"Non";"Non";"Oui";"Oui";"Non";"730.34";"267.73";"";"";"";"";"";"";"";"";"";"";"";"";"";"";"264.62";"";"";"";"";"";"";"";"";"";"";"";"";"";"";"";"";"55.84";"";"133.64";"";"";"";"";"";"8.51";""
"87";"";"1";"fr";"997714888";"2025-11-05 08:11:07";"2025-11-05 08:13:57";"31";"Masculin";"38";"≥ Bac + 3";"7";"Non";"Non";"Non";"Non";"Oui";"1";"6 mois";"Oui";"Non";"Non";"Non";"";"Brulure, chute, chute d'objets, étouffement, electrisation";"N/A";"";"N/A";"N/A";"N/A";"N/A";"N/A";"N/A";"N/A";"";"";"";"";"";"";"";"";"";"";"";"";"";"";"N/A";"N/A";"N/A";"N/A";"N/A";"N/A";"";"N/A";"N/A";"N/A";"N/A";"N/A";"N/A";"N/A";"N/A";"N/A";"N/A";"N/A";"N/A";"N/A";"N/A";"N/A";"N/A";"N/A";"N/A";"N/A";"N/A";"";"";"N/A";"N/A";"N/A";"N/A";"N/A";"N/A";"N/A";"N/A";"N/A";"N/A";"N/A";"N/A";"N/A";"N/A";"N/A";"N/A";"N/A";"N/A";"N/A";"N/A";"N/A";"N/A";"N/A";"N/A";"N/A";"N/A";"N/A";"N/A";"N/A";"170.15";"170.15";"";"";"";"";"";"";"";"";"";"";"";"";"";"";"";"";"";"";"";"";"";"";"";"";"";"";"";"";"";"";"";"";"";"";"";"";"";"";"";"";""
"88";"2025-11-05 08:30:48";"5";"fr";"820447744";"2025-11-05 08:20:06";"2025-11-05 08:30:48";"39";"Féminin";"38";"≥ Bac + 3";"7";"Non";"Non";"Oui";"Non";"Non";"4";"4ans-7ans-7ans-9ans";"Non";"Oui";"Non";"Non";"";"Brûlure
Chute
Risque électrique ";"Non";"4";"Non";"Non";"Non";"Oui";"Non";"Non";"Non";"";"Thermique";"Flamme/feu";"Environ 40%";"Accidentelles";"";"Les 0-4 ans";"Les 0-4 ans";"Autant chez les filles/femmes que les garçons/hommes";"La cuisine";"";"Feu de cheminée 
Cuisine
Salle de bain
Électricité ";"Oui, et la brûlure est superficielle";"37°C";"Oui";"Non";"Oui";"Oui";"Non";"Oui";"Le poignet (côté paume de la main)";"Oui";"Non";"Oui";"Non";"Oui";"Oui";"Non";"Non";"Oui";"Non";"Non";"Non";"Non";"Non";"Oui";"Oui";"Non";"Oui";"Oui";"Non";"";"5";"Non";"Oui";"Oui";"Oui";"Non";"Non";"Oui";"Non";"Non";"Oui";"Non";"Non";"Non";"Oui";"Oui";"Non";"Non";"Non";"Non";"Oui";"Oui";"Non";"Non";"Oui";"Non";"Non";"Oui";"Non";"Non";"643.29";"155.39";"";"";"";"";"";"";"";"";"";"";"";"";"";"";"210.2";"";"";"";"";"";"";"";"";"";"";"";"";"";"";"";"";"54.65";"";"215.9";"";"";"";"";"";"7.15";""
"89";"";"";"fr";"215222585";"2025-11-05 08:27:27";"2025-11-05 08:27:27";"";"N/A";"";"";"";"N/A";"N/A";"N/A";"N/A";"N/A";"";"";"N/A";"N/A";"N/A";"N/A";"";"";"N/A";"";"N/A";"N/A";"N/A";"N/A";"N/A";"N/A";"N/A";"";"";"";"";"";"";"";"";"";"";"";"";"";"";"N/A";"N/A";"N/A";"N/A";"N/A";"N/A";"";"N/A";"N/A";"N/A";"N/A";"N/A";"N/A";"N/A";"N/A";"N/A";"N/A";"N/A";"N/A";"N/A";"N/A";"N/A";"N/A";"N/A";"N/A";"N/A";"N/A";"";"";"N/A";"N/A";"N/A";"N/A";"N/A";"N/A";"N/A";"N/A";"N/A";"N/A";"N/A";"N/A";"N/A";"N/A";"N/A";"N/A";"N/A";"N/A";"N/A";"N/A";"N/A";"N/A";"N/A";"N/A";"N/A";"N/A";"N/A";"N/A";"N/A";"0";"";"";"";"";"";"";"";"";"";"";"";"";"";"";"";"";"";"";"";"";"";"";"";"";"";"";"";"";"";"";"";"";"";"";"";"";"";"";"";"";"";""
"90";"";"0";"fr";"322583621";"2025-11-05 08:33:08";"2025-11-05 08:33:40";"";"N/A";"";"";"";"N/A";"N/A";"N/A";"N/A";"N/A";"";"";"Non";"Non";"Non";"Non";"";"";"N/A";"";"N/A";"N/A";"N/A";"N/A";"N/A";"N/A";"N/A";"";"";"";"";"";"";"";"";"";"";"";"";"";"";"N/A";"N/A";"N/A";"N/A";"N/A";"N/A";"";"N/A";"N/A";"N/A";"N/A";"N/A";"N/A";"N/A";"N/A";"N/A";"N/A";"N/A";"N/A";"N/A";"N/A";"N/A";"N/A";"N/A";"N/A";"N/A";"N/A";"";"";"N/A";"N/A";"N/A";"N/A";"N/A";"N/A";"N/A";"N/A";"N/A";"N/A";"N/A";"N/A";"N/A";"N/A";"N/A";"N/A";"N/A";"N/A";"N/A";"N/A";"N/A";"N/A";"N/A";"N/A";"N/A";"N/A";"N/A";"N/A";"N/A";"32.81";"32.81";"";"";"";"";"";"";"";"";"";"";"";"";"";"";"";"";"";"";"";"";"";"";"";"";"";"";"";"";"";"";"";"";"";"";"";"";"";"";"";"";""
"91";"2025-11-05 08:40:31";"5";"fr";"929252466";"2025-11-05 08:33:41";"2025-11-05 08:40:31";"36";"Féminin";"38";"≥ Bac + 3";"6";"Non";"Non";"Non";"Non";"Non";"5";"8ans -7 ans -5 ans -3ans -10mois";"Oui";"Non";"Non";"Non";"";"Chutes, produits menagers";"Non";"3";"Oui";"Non";"Non";"Non";"Non";"Non";"Non";"";"Chimique";"Flamme/feu";"Environ 40%";"Accidentelles";"";"Les 5-14 ans";"Les 0-4 ans";"Autant chez les filles/femmes que les garçons/hommes";"Le salon";"";"Mains sur le poele";"Oui, et la brûlure est grave";"37°C";"Non";"Non";"Oui";"Oui";"Non";"Oui";"La paume de la main";"Non";"Non";"Oui";"Non";"Oui";"Non";"Non";"Non";"Oui";"Oui";"Oui";"Oui";"Non";"Oui";"Non";"Non";"Oui";"Oui";"Oui";"Non";"";"2";"Non";"Oui";"Oui";"Non";"Non";"Non";"Oui";"Oui";"Non";"Oui";"Non";"Non";"Non";"Non";"Oui";"Non";"Non";"Non";"Non";"Non";"Oui";"Non";"Non";"Non";"Non";"Non";"Oui";"Non";"N/A";"409.87";"102.97";"";"";"";"";"";"";"";"";"";"";"";"";"";"";"148.5";"";"";"";"";"";"";"";"";"";"";"";"";"";"";"";"";"48.9";"";"102.9";"";"";"";"";"";"6.6";""
"92";"2025-11-05 08:55:45";"5";"fr";"2011315588";"2025-11-05 08:47:16";"2025-11-05 08:55:45";"33";"Féminin";"38";"≥ Bac + 3";"8";"Non";"Oui";"Non";"Non";"Non";"1";"4 ans";"Non";"Oui";"Non";"Non";"";"Électroménager - escaliers - brûlures ";"Non";"3";"Non";"Non";"Non";"Non";"Non";"Non";"Non";"Famille";"Thermique";"Liquide chaud";"Plus de 60%";"Accidentelles";"";"Les 0-4 ans";"Les 0-4 ans";"Chez les filles/femmes";"La cuisine";"";"Eau chaude de cuisson - four - plaques ";"Oui, et la brûlure est superficielle";"37°C";"Non";"Non";"Oui";"Oui";"Non";"Oui";"Le poignet (côté paume de la main)";"Oui";"Non";"Oui";"Non";"Oui";"Non";"Oui";"Oui";"Oui";"Non";"Oui";"Oui";"Oui";"Oui";"Oui";"Oui";"Non";"Oui";"Oui";"Non";"";"3";"Non";"Oui";"Oui";"Non";"Non";"Non";"Non";"Non";"Non";"Oui";"Non";"Non";"Oui";"Oui";"Oui";"Non";"Oui";"Oui";"Non";"Non";"Oui";"Non";"Oui";"Oui";"Non";"Non";"Oui";"Non";"Oui";"510.9";"135.06";"";"";"";"";"";"";"";"";"";"";"";"";"";"";"182.72";"";"";"";"";"";"";"";"";"";"";"";"";"";"";"";"";"65.09";"";"122.45";"";"";"";"";"";"5.58";""
"93";"";"";"fr";"139991423";"2025-11-05 08:55:51";"2025-11-05 08:55:51";"";"N/A";"";"";"";"N/A";"N/A";"N/A";"N/A";"N/A";"";"";"N/A";"N/A";"N/A";"N/A";"";"";"N/A";"";"N/A";"N/A";"N/A";"N/A";"N/A";"N/A";"N/A";"";"";"";"";"";"";"";"";"";"";"";"";"";"";"N/A";"N/A";"N/A";"N/A";"N/A";"N/A";"";"N/A";"N/A";"N/A";"N/A";"N/A";"N/A";"N/A";"N/A";"N/A";"N/A";"N/A";"N/A";"N/A";"N/A";"N/A";"N/A";"N/A";"N/A";"N/A";"N/A";"";"";"N/A";"N/A";"N/A";"N/A";"N/A";"N/A";"N/A";"N/A";"N/A";"N/A";"N/A";"N/A";"N/A";"N/A";"N/A";"N/A";"N/A";"N/A";"N/A";"N/A";"N/A";"N/A";"N/A";"N/A";"N/A";"N/A";"N/A";"N/A";"N/A";"0";"";"";"";"";"";"";"";"";"";"";"";"";"";"";"";"";"";"";"";"";"";"";"";"";"";"";"";"";"";"";"";"";"";"";"";"";"";"";"";"";"";""
"94";"";"1";"fr";"1405220913";"2025-11-05 09:11:03";"2025-11-05 09:13:11";"37";"Féminin";"38";"≥ Bac + 3";"7";"Non";"Oui";"Non";"Non";"Non";"3";"1 mois, 5 ans, 7 ans ";"Oui";"Non";"Non";"Non";"";"Brûlure cheminée 
noyade piscine  
Chute jardin ";"N/A";"";"N/A";"N/A";"N/A";"N/A";"N/A";"N/A";"N/A";"";"";"";"";"";"";"";"";"";"";"";"";"";"";"N/A";"N/A";"N/A";"N/A";"N/A";"N/A";"";"N/A";"N/A";"N/A";"N/A";"N/A";"N/A";"N/A";"N/A";"N/A";"N/A";"N/A";"N/A";"N/A";"N/A";"N/A";"N/A";"N/A";"N/A";"N/A";"N/A";"";"";"N/A";"N/A";"N/A";"N/A";"N/A";"N/A";"N/A";"N/A";"N/A";"N/A";"N/A";"N/A";"N/A";"N/A";"N/A";"N/A";"N/A";"N/A";"N/A";"N/A";"N/A";"N/A";"N/A";"N/A";"N/A";"N/A";"N/A";"N/A";"N/A";"128.57";"128.57";"";"";"";"";"";"";"";"";"";"";"";"";"";"";"";"";"";"";"";"";"";"";"";"";"";"";"";"";"";"";"";"";"";"";"";"";"";"";"";"";""
"95";"";"3";"fr";"1783127245";"2025-11-05 09:12:56";"2025-11-05 09:20:11";"34";"Féminin";"38";"≥ Bac + 3";"8";"Non";"Non";"Non";"Oui";"Non";"3";"1 an 4 ans 6 ans";"Oui";"Non";"Non";"Non";"";"Étouffement (si il avale un objet)/ brûlure /chute / contact avec des produits dangereux ";"Non";"3";"Non";"Non";"Non";"Oui";"Non";"Non";"Non";"";"Thermique";"Liquide chaud";"Plus de 60%";"Accidentelles";"";"Les 0-4 ans";"Les 0-4 ans";"Chez les filles/femmes";"La cuisine";"";"Eau ou huile qui chauffe";"Oui, et la brûlure est grave";"37°C";"Oui";"Non";"Oui";"Oui";"Non";"Oui";"Le poignet (côté paume de la main)";"Oui";"Non";"Oui";"Non";"Oui";"Oui";"Oui";"Non";"Non";"Non";"Oui";"Oui";"Non";"Oui";"Non";"Oui";"Oui";"Oui";"Oui";"Non";"";"";"N/A";"N/A";"N/A";"N/A";"N/A";"N/A";"N/A";"N/A";"N/A";"N/A";"N/A";"N/A";"N/A";"N/A";"N/A";"N/A";"N/A";"N/A";"N/A";"N/A";"N/A";"N/A";"N/A";"N/A";"N/A";"N/A";"N/A";"N/A";"N/A";"435.06";"162.99";"";"";"";"";"";"";"";"";"";"";"";"";"";"";"208.93";"";"";"";"";"";"";"";"";"";"";"";"";"";"";"";"";"63.14";"";"";"";"";"";"";"";"";""
"96";"2025-11-05 10:04:03";"5";"fr";"611057836";"2025-11-05 09:58:45";"2025-11-05 10:04:03";"39";"Féminin";"38";"≥ Bac + 3";"6";"Non";"Non";"Non";"Non";"Non";"2";"5 ans - 2 ans";"Oui";"Non";"Non";"Non";"";"Noyade brûlure chute";"Non";"3";"Non";"Non";"Non";"Oui";"Non";"Non";"Non";"";"Thermique";"Liquide chaud";"Plus de 60%";"Accidentelles";"";"Les 0-4 ans";"Les 0-4 ans";"Autant chez les filles/femmes que les garçons/hommes";"La cuisine";"";"Casserole cheminée ";"Oui, et la brûlure est grave";"37°C";"Non";"Non";"Non";"Oui";"Non";"Non";"Le coude";"Oui";"Non";"Non";"Non";"Oui";"Oui";"Non";"Non";"Non";"Non";"Non";"Non";"Non";"Non";"Non";"Non";"Non";"Non";"Oui";"Non";"";"3";"Non";"Non";"Oui";"Non";"Non";"Non";"Oui";"Non";"Oui";"Non";"Non";"Non";"Non";"Non";"Oui";"Non";"Non";"Oui";"Non";"Non";"Oui";"Non";"Oui";"Oui";"Non";"Non";"Non";"Non";"Non";"318.97";"86.3";"";"";"";"";"";"";"";"";"";"";"";"";"";"";"103.5";"";"";"";"";"";"";"";"";"";"";"";"";"";"";"";"";"45.03";"";"77.51";"";"";"";"";"";"6.63";""
"97";"";"0";"fr";"537126473";"2025-11-05 11:50:33";"2025-11-05 11:51:24";"";"N/A";"";"";"";"N/A";"N/A";"N/A";"N/A";"N/A";"";"";"Non";"Non";"Non";"Non";"";"";"N/A";"";"N/A";"N/A";"N/A";"N/A";"N/A";"N/A";"N/A";"";"";"";"";"";"";"";"";"";"";"";"";"";"";"N/A";"N/A";"N/A";"N/A";"N/A";"N/A";"";"N/A";"N/A";"N/A";"N/A";"N/A";"N/A";"N/A";"N/A";"N/A";"N/A";"N/A";"N/A";"N/A";"N/A";"N/A";"N/A";"N/A";"N/A";"N/A";"N/A";"";"";"N/A";"N/A";"N/A";"N/A";"N/A";"N/A";"N/A";"N/A";"N/A";"N/A";"N/A";"N/A";"N/A";"N/A";"N/A";"N/A";"N/A";"N/A";"N/A";"N/A";"N/A";"N/A";"N/A";"N/A";"N/A";"N/A";"N/A";"N/A";"N/A";"50.76";"50.76";"";"";"";"";"";"";"";"";"";"";"";"";"";"";"";"";"";"";"";"";"";"";"";"";"";"";"";"";"";"";"";"";"";"";"";"";"";"";"";"";""
"98";"";"";"fr";"960902915";"2025-11-05 12:42:55";"2025-11-05 12:42:55";"";"N/A";"";"";"";"N/A";"N/A";"N/A";"N/A";"N/A";"";"";"N/A";"N/A";"N/A";"N/A";"";"";"N/A";"";"N/A";"N/A";"N/A";"N/A";"N/A";"N/A";"N/A";"";"";"";"";"";"";"";"";"";"";"";"";"";"";"N/A";"N/A";"N/A";"N/A";"N/A";"N/A";"";"N/A";"N/A";"N/A";"N/A";"N/A";"N/A";"N/A";"N/A";"N/A";"N/A";"N/A";"N/A";"N/A";"N/A";"N/A";"N/A";"N/A";"N/A";"N/A";"N/A";"";"";"N/A";"N/A";"N/A";"N/A";"N/A";"N/A";"N/A";"N/A";"N/A";"N/A";"N/A";"N/A";"N/A";"N/A";"N/A";"N/A";"N/A";"N/A";"N/A";"N/A";"N/A";"N/A";"N/A";"N/A";"N/A";"N/A";"N/A";"N/A";"N/A";"0";"";"";"";"";"";"";"";"";"";"";"";"";"";"";"";"";"";"";"";"";"";"";"";"";"";"";"";"";"";"";"";"";"";"";"";"";"";"";"";"";"";""
"99";"";"";"fr";"1507091332";"2025-11-05 13:34:33";"2025-11-05 13:34:33";"";"N/A";"";"";"";"N/A";"N/A";"N/A";"N/A";"N/A";"";"";"N/A";"N/A";"N/A";"N/A";"";"";"N/A";"";"N/A";"N/A";"N/A";"N/A";"N/A";"N/A";"N/A";"";"";"";"";"";"";"";"";"";"";"";"";"";"";"N/A";"N/A";"N/A";"N/A";"N/A";"N/A";"";"N/A";"N/A";"N/A";"N/A";"N/A";"N/A";"N/A";"N/A";"N/A";"N/A";"N/A";"N/A";"N/A";"N/A";"N/A";"N/A";"N/A";"N/A";"N/A";"N/A";"";"";"N/A";"N/A";"N/A";"N/A";"N/A";"N/A";"N/A";"N/A";"N/A";"N/A";"N/A";"N/A";"N/A";"N/A";"N/A";"N/A";"N/A";"N/A";"N/A";"N/A";"N/A";"N/A";"N/A";"N/A";"N/A";"N/A";"N/A";"N/A";"N/A";"0";"";"";"";"";"";"";"";"";"";"";"";"";"";"";"";"";"";"";"";"";"";"";"";"";"";"";"";"";"";"";"";"";"";"";"";"";"";"";"";"";"";""
"100";"2025-11-05 14:55:43";"5";"fr";"961764280";"2025-11-05 14:46:55";"2025-11-05 14:55:43";"32";"Féminin";"53";"≥ Bac + 3";"7";"Non";"Non";"Non";"Oui";"Non";"4";"7 ans - 6 ans - 3 ans - 1 mois";"Oui";"Non";"Non";"Non";"";"Brûlure
Casse 
Chute ";"Non";"2";"Non";"Non";"Non";"Non";"Non";"Non";"Non";"Pas informés à part mes restes d’étude (ergothérapeute) et famille ";"Thermique";"Liquide chaud";"Plus de 60%";"Accidentelles";"";"Les 0-4 ans";"Les 0-4 ans";"Autant chez les filles/femmes que les garçons/hommes";"La cuisine";"";"Cuisine, salle de bain";"Oui, et la brûlure est superficielle";"37°C";"Non";"Non";"Non";"Oui";"Non";"Non";"Le dos de la main";"Oui";"Non";"Oui";"Non";"Non";"Oui";"Oui";"Non";"Oui";"Oui";"Non";"Oui";"Non";"Non";"Oui";"Non";"Non";"Non";"Non";"Non";"Utilisation de briquets électriques ";"2";"Non";"Oui";"Non";"Non";"Oui";"Non";"Non";"Non";"Non";"Oui";"Non";"Non";"Oui";"Non";"Non";"Non";"Non";"Non";"Non";"Oui";"Oui";"Non";"Oui";"Oui";"Non";"Non";"Oui";"Non";"Oui";"529.68";"143.5";"";"";"";"";"";"";"";"";"";"";"";"";"";"";"150.5";"";"";"";"";"";"";"";"";"";"";"";"";"";"";"";"";"83.29";"";"145.97";"";"";"";"";"";"6.42";""
"101";"";"0";"fr";"1270765619";"2025-11-05 15:03:17";"2025-11-05 15:04:31";"";"N/A";"";"";"";"N/A";"N/A";"N/A";"N/A";"N/A";"";"";"Non";"Non";"Non";"Non";"";"";"N/A";"";"N/A";"N/A";"N/A";"N/A";"N/A";"N/A";"N/A";"";"";"";"";"";"";"";"";"";"";"";"";"";"";"N/A";"N/A";"N/A";"N/A";"N/A";"N/A";"";"N/A";"N/A";"N/A";"N/A";"N/A";"N/A";"N/A";"N/A";"N/A";"N/A";"N/A";"N/A";"N/A";"N/A";"N/A";"N/A";"N/A";"N/A";"N/A";"N/A";"";"";"N/A";"N/A";"N/A";"N/A";"N/A";"N/A";"N/A";"N/A";"N/A";"N/A";"N/A";"N/A";"N/A";"N/A";"N/A";"N/A";"N/A";"N/A";"N/A";"N/A";"N/A";"N/A";"N/A";"N/A";"N/A";"N/A";"N/A";"N/A";"N/A";"73.95";"73.95";"";"";"";"";"";"";"";"";"";"";"";"";"";"";"";"";"";"";"";"";"";"";"";"";"";"";"";"";"";"";"";"";"";"";"";"";"";"";"";"";""
"102";"2025-11-05 15:35:52";"5";"fr";"829055710";"2025-11-05 15:25:47";"2025-11-05 15:35:52";"33";"Féminin";"99";"≥ Bac + 3";"7";"Non";"Non";"Non";"Non";"Oui";"6";"9ans- 8 ans- 6 ans- 5 ans- 2 ans et demi- 10 jours ";"Oui";"Non";"Non";"Non";"";"Brûlures- chutes- coupures";"Oui";"2";"Non";"Non";"Oui";"Non";"Non";"Non";"Non";"";"Thermique";"Liquide chaud";"Plus de 60%";"Accidentelles";"";"Les 5-14 ans";"Les 5-14 ans";"Chez les garçons/hommes";"La cuisine";"";"Les casseroles renversées ";"Oui, et la brûlure est grave";"35°C";"Oui";"Non";"Oui";"Oui";"Non";"Non";"La bouche";"Oui";"Non";"Non";"Non";"Oui";"Non";"Oui";"Non";"Non";"Non";"Non";"Non";"Oui";"Non";"Oui";"Non";"Non";"Oui";"Oui";"Non";"";"2";"Non";"Oui";"Oui";"Non";"Non";"Non";"Oui";"Non";"Oui";"Non";"Non";"Non";"Non";"Non";"Oui";"Non";"Non";"Oui";"Non";"Oui";"Oui";"Non";"Oui";"Non";"Non";"Non";"Oui";"Non";"Oui";"605.57";"172.8";"";"";"";"";"";"";"";"";"";"";"";"";"";"";"220.43";"";"";"";"";"";"";"";"";"";"";"";"";"";"";"";"";"62.69";"";"140.11";"";"";"";"";"";"9.54";""
"103";"";"2";"fr";"1967032435";"2025-11-05 16:16:22";"2025-11-05 16:21:26";"32";"Masculin";"35";"≥ Bac + 3";"7";"Non";"Non";"Non";"Non";"Non";"3";"1 ans - 2ans - 3ans";"Oui";"Non";"Non";"Non";"";"Chute ";"Non";"1";"Non";"Non";"Oui";"Non";"Non";"Non";"Non";"";"Thermique";"Liquide chaud";"Environ 40%";"Accidentelles";"";"Les 0-4 ans";"Les 0-4 ans";"Autant chez les filles/femmes que les garçons/hommes";"La cuisine";"";"En cuisinant ";"Oui, et la brûlure est superficielle";"39°C";"Non";"Non";"Oui";"Oui";"Non";"Oui";"Le dos de la main";"N/A";"N/A";"N/A";"N/A";"N/A";"N/A";"N/A";"N/A";"N/A";"N/A";"N/A";"N/A";"N/A";"N/A";"N/A";"N/A";"N/A";"N/A";"N/A";"N/A";"";"";"N/A";"N/A";"N/A";"N/A";"N/A";"N/A";"N/A";"N/A";"N/A";"N/A";"N/A";"N/A";"N/A";"N/A";"N/A";"N/A";"N/A";"N/A";"N/A";"N/A";"N/A";"N/A";"N/A";"N/A";"N/A";"N/A";"N/A";"N/A";"N/A";"304.85";"102.89";"";"";"";"";"";"";"";"";"";"";"";"";"";"";"201.96";"";"";"";"";"";"";"";"";"";"";"";"";"";"";"";"";"";"";"";"";"";"";"";"";"";""
"104";"";"";"fr";"860684383";"2025-11-05 18:03:10";"2025-11-05 18:03:10";"";"N/A";"";"";"";"N/A";"N/A";"N/A";"N/A";"N/A";"";"";"N/A";"N/A";"N/A";"N/A";"";"";"N/A";"";"N/A";"N/A";"N/A";"N/A";"N/A";"N/A";"N/A";"";"";"";"";"";"";"";"";"";"";"";"";"";"";"N/A";"N/A";"N/A";"N/A";"N/A";"N/A";"";"N/A";"N/A";"N/A";"N/A";"N/A";"N/A";"N/A";"N/A";"N/A";"N/A";"N/A";"N/A";"N/A";"N/A";"N/A";"N/A";"N/A";"N/A";"N/A";"N/A";"";"";"N/A";"N/A";"N/A";"N/A";"N/A";"N/A";"N/A";"N/A";"N/A";"N/A";"N/A";"N/A";"N/A";"N/A";"N/A";"N/A";"N/A";"N/A";"N/A";"N/A";"N/A";"N/A";"N/A";"N/A";"N/A";"N/A";"N/A";"N/A";"N/A";"0";"";"";"";"";"";"";"";"";"";"";"";"";"";"";"";"";"";"";"";"";"";"";"";"";"";"";"";"";"";"";"";"";"";"";"";"";"";"";"";"";"";""
"105";"";"1";"fr";"1431675235";"2025-11-05 19:43:50";"2025-11-05 19:44:55";"38";"Féminin";"38";"≥ Bac + 3";"9";"Non";"Non";"Non";"Oui";"Oui";"2";"5 ans - 2 ans";"Non";"Oui";"Non";"Non";"";"Brûlure,  traumatisme crânien ";"N/A";"";"N/A";"N/A";"N/A";"N/A";"N/A";"N/A";"N/A";"";"";"";"";"";"";"";"";"";"";"";"";"";"";"N/A";"N/A";"N/A";"N/A";"N/A";"N/A";"";"N/A";"N/A";"N/A";"N/A";"N/A";"N/A";"N/A";"N/A";"N/A";"N/A";"N/A";"N/A";"N/A";"N/A";"N/A";"N/A";"N/A";"N/A";"N/A";"N/A";"";"";"N/A";"N/A";"N/A";"N/A";"N/A";"N/A";"N/A";"N/A";"N/A";"N/A";"N/A";"N/A";"N/A";"N/A";"N/A";"N/A";"N/A";"N/A";"N/A";"N/A";"N/A";"N/A";"N/A";"N/A";"N/A";"N/A";"N/A";"N/A";"N/A";"65.35";"65.35";"";"";"";"";"";"";"";"";"";"";"";"";"";"";"";"";"";"";"";"";"";"";"";"";"";"";"";"";"";"";"";"";"";"";"";"";"";"";"";"";""
"106";"2025-11-05 20:36:48";"5";"fr";"1781040550";"2025-11-05 20:26:27";"2025-11-05 20:36:48";"31";"Masculin";"38";"≥ Bac + 3";"6";"Non";"Non";"Non";"Non";"Non";"2";"2 ans - 4 ans";"Oui";"Non";"Non";"Non";"";"Chute 
Brûlure
Noyade
Électrocution";"Non";"1";"Oui";"Non";"Oui";"Non";"Non";"Non";"Non";"";"Chimique";"Flamme/feu";"Environ 40%";"Accidentelles";"";"Les 5-14 ans";"Les 0-4 ans";"Autant chez les filles/femmes que les garçons/hommes";"La cuisine";"";"Brûlure par liquide chaud 
Brûlure électrique 
Brûlure chimique ";"Oui, et la brûlure est superficielle";"37°C";"Oui";"Non";"Oui";"Oui";"Non";"Non";"Le poignet (côté paume de la main)";"Non";"Non";"Oui";"Non";"Oui";"Oui";"Non";"Oui";"Oui";"Non";"Non";"Oui";"Non";"Oui";"Oui";"Oui";"Oui";"Oui";"Oui";"Non";"";"3";"Non";"Oui";"Oui";"Non";"Non";"Non";"Oui";"Non";"Non";"Oui";"Non";"Non";"Non";"Non";"Oui";"Non";"Non";"Oui";"Oui";"Non";"Oui";"Non";"Oui";"Oui";"Non";"Non";"Oui";"Non";"N/A";"622.06";"124.97";"";"";"";"";"";"";"";"";"";"";"";"";"";"";"251.47";"";"";"";"";"";"";"";"";"";"";"";"";"";"";"";"";"60.86";"";"176.41";"";"";"";"";"";"8.35";""
"107";"2025-11-05 21:26:17";"5";"fr";"400107819";"2025-11-05 21:18:20";"2025-11-05 21:26:17";"40";"Féminin";"33";"≥ Bac + 3";"8";"Non";"Non";"Non";"Non";"Non";"5";"4-6-11-13-15";"Oui";"Non";"Non";"Non";"";"Brûlure, doigt coincé dans une porte, coupure suite à de la vaisselle brisée, accident lié à la piscine,";"Non";"3";"Non";"Non";"Non";"Oui";"Non";"Non";"Non";"Internet";"Thermique";"Flamme/feu";"Moins de 10%";"Accidentelles";"";"Les 0-4 ans";"Les 0-4 ans";"Autant chez les filles/femmes que les garçons/hommes";"La cuisine";"";"Cuisine";"Oui, et la brûlure est superficielle";"35°C";"Oui";"Oui";"Oui";"Oui";"Oui";"Oui";"La bouche";"Oui";"Non";"Oui";"Non";"Oui";"Oui";"Oui";"Non";"Non";"Non";"Non";"Oui";"Non";"Non";"Non";"Non";"Non";"Oui";"Oui";"Non";"";"4";"Non";"Oui";"Oui";"Non";"Oui";"Non";"Oui";"Oui";"Non";"Oui";"Non";"Non";"Non";"Non";"Oui";"Non";"Oui";"Oui";"Non";"Non";"Oui";"Non";"Oui";"Oui";"Non";"Non";"Oui";"Oui";"Oui";"479.68";"121.29";"";"";"";"";"";"";"";"";"";"";"";"";"";"";"182.44";"";"";"";"";"";"";"";"";"";"";"";"";"";"";"";"";"36.66";"";"132.51";"";"";"";"";"";"6.78";""
"108";"2025-11-06 01:42:56";"5";"fr";"1471062326";"2025-11-06 01:22:33";"2025-11-06 01:42:56";"40";"Féminin";"78";"≥ Bac + 3";"7";"Non";"Non";"Non";"Oui";"Non";"2";"5 mois et 2 ans";"Oui";"Oui";"Oui";"Non";"";"Brûlure, chute, noyade,  coupure, intoxication, accidents lié au feu, accidents lié aux animaux domestiques ";"Non";"5";"Oui";"Oui";"Non";"Oui";"Non";"Non";"Non";"";"Thermique";"Liquide chaud";"Environ 40%";"Accidentelles";"";"Les 0-4 ans";"Les 0-4 ans";"Chez les garçons/hommes";"La cuisine";"";"Eau du bain, versement de liquide chaud (eau. Bouilloire, bascule d'une casserole d'eau sur le feu...) incendie, ingestion plat trop chaud,  four ou cheminée, soleil, ampoule chaussures ou autre frottement ";"Oui, et la brûlure est superficielle";"37°C";"Oui";"Non";"Non";"Oui";"Non";"Oui";"Le poignet (côté paume de la main)";"Oui";"Non";"Oui";"Non";"Oui";"Oui";"Oui";"Oui";"Oui";"Oui";"Oui";"Oui";"Oui";"Oui";"Oui";"Oui";"Oui";"Oui";"Oui";"Non";"";"4";"Non";"Oui";"Oui";"Non";"Non";"Non";"Oui";"Oui";"Non";"Oui";"Non";"Non";"Non";"Oui";"Oui";"Non";"Non";"Oui";"Non";"Non";"Oui";"Non";"Oui";"Non";"Non";"Non";"Non";"Non";"Oui";"1224.74";"363.27";"";"";"";"";"";"";"";"";"";"";"";"";"";"";"482.21";"";"";"";"";"";"";"";"";"";"";"";"";"";"";"";"";"105.98";"";"262.39";"";"";"";"";"";"10.89";""
"109";"";"0";"fr";"1307696952";"2025-11-06 07:56:52";"2025-11-06 07:57:08";"";"N/A";"";"";"";"N/A";"N/A";"N/A";"N/A";"N/A";"";"";"Non";"Non";"Non";"Non";"";"";"N/A";"";"N/A";"N/A";"N/A";"N/A";"N/A";"N/A";"N/A";"";"";"";"";"";"";"";"";"";"";"";"";"";"";"N/A";"N/A";"N/A";"N/A";"N/A";"N/A";"";"N/A";"N/A";"N/A";"N/A";"N/A";"N/A";"N/A";"N/A";"N/A";"N/A";"N/A";"N/A";"N/A";"N/A";"N/A";"N/A";"N/A";"N/A";"N/A";"N/A";"";"";"N/A";"N/A";"N/A";"N/A";"N/A";"N/A";"N/A";"N/A";"N/A";"N/A";"N/A";"N/A";"N/A";"N/A";"N/A";"N/A";"N/A";"N/A";"N/A";"N/A";"N/A";"N/A";"N/A";"N/A";"N/A";"N/A";"N/A";"N/A";"N/A";"13.28";"13.28";"";"";"";"";"";"";"";"";"";"";"";"";"";"";"";"";"";"";"";"";"";"";"";"";"";"";"";"";"";"";"";"";"";"";"";"";"";"";"";"";""
"110";"2025-11-06 08:58:33";"5";"fr";"338039799";"2025-11-06 08:50:06";"2025-11-06 08:58:33";"29";"Féminin";"92";"≥ Bac + 3";"8";"Non";"Non";"Non";"Non";"Non";"2";"1-3";"Oui";"Oui";"Non";"Non";"";"Brûlure, chute, se faire renverser par voiture, noyade";"Non";"2";"Non";"Non";"Non";"Non";"Non";"Non";"Non";"Rien, juste par conscience et histoires entendues";"Thermique";"Flamme/feu";"Environ 40%";"Accidentelles";"";"Les 0-4 ans";"Les 0-4 ans";"Chez les garçons/hommes";"La cuisine";"";"Casserole/poele avec manche vers l exterieur qui tomber, tasse de thé/café";"Oui, et la brûlure est grave";"37°C";"Oui";"Oui";"Oui";"Oui";"Oui";"Oui";"Le poignet (côté paume de la main)";"Non";"Non";"Non";"Non";"Oui";"Oui";"Oui";"Non";"Oui";"Oui";"Oui";"Oui";"Oui";"Oui";"Oui";"Oui";"Non";"Non";"Oui";"Non";"";"2";"Non";"Oui";"Oui";"Non";"Oui";"Non";"Non";"Oui";"Non";"Oui";"Non";"Non";"Oui";"Oui";"Non";"Non";"Non";"Non";"Non";"Non";"Oui";"Non";"Oui";"Oui";"Non";"Non";"Non";"Non";"Non";"507.58";"112.31";"";"";"";"";"";"";"";"";"";"";"";"";"";"";"179.36";"";"";"";"";"";"";"";"";"";"";"";"";"";"";"";"";"80.48";"";"130";"";"";"";"";"";"5.43";""
"111";"2025-11-06 13:28:41";"5";"fr";"1430783287";"2025-11-06 13:19:24";"2025-11-06 13:28:41";"37";"Féminin";"41";"≥ Bac + 3";"6";"Non";"Non";"Non";"Oui";"Non";"5";"10 ans - 6 ans - 4 ans - 2 ans - 4 mois ";"Oui";"Non";"Non";"Non";"";"Brûlures
Chute ";"Non";"4";"Oui";"Non";"Non";"Oui";"Non";"Non";"Non";"Le bon sens ";"Thermique";"Liquide chaud";"Plus de 60%";"Accidentelles";"";"Les 0-4 ans";"Les 0-4 ans";"Autant chez les filles/femmes que les garçons/hommes";"Le salon";"";"Avec le poêle à bois dans le salon
Renverser un liquide chaud";"Oui, et la brûlure est grave";"37°C";"Oui";"Oui";"Oui";"Oui";"Non";"Oui";"Le poignet (côté paume de la main)";"Oui";"Non";"Oui";"Non";"Oui";"Oui";"Oui";"Non";"Oui";"Non";"Non";"Oui";"Oui";"Oui";"Oui";"Oui";"Non";"Non";"Oui";"Non";"";"4";"Non";"Oui";"Oui";"Non";"Non";"Non";"Oui";"Non";"Non";"Oui";"Non";"Non";"Non";"Oui";"Oui";"Non";"Non";"Oui";"Non";"Oui";"Oui";"Non";"Oui";"Non";"Oui";"Non";"Oui";"Non";"Oui";"558.79";"143.18";"";"";"";"";"";"";"";"";"";"";"";"";"";"";"213.43";"";"";"";"";"";"";"";"";"";"";"";"";"";"";"";"";"52.13";"";"144.14";"";"";"";"";"";"5.91";""
"112";"2025-11-07 02:56:41";"5";"fr";"2017982295";"2025-11-07 02:42:59";"2025-11-07 02:56:41";"33";"Féminin";"78";"≥ Bac + 3";"6";"Non";"Non";"Non";"Oui";"Oui";"3";"5 ans - 3 ans -5 mois";"Non";"Oui";"Non";"Non";"";"Brûlures 
TC/Chute table à langer, lit...
Ingestion de toxiques ";"Non";"4";"Oui";"Non";"Non";"Oui";"Non";"Non";"Non";"Formation professionnelle ";"Thermique";"Liquide chaud";"Plus de 60%";"Accidentelles";"";"Les 0-4 ans";"Les 0-4 ans";"Autant chez les filles/femmes que les garçons/hommes";"La cuisine";"";"Casserole
Soupe/purée/lait/eau
Plaque du four
Bain
";"Oui, et la brûlure est grave";"37°C";"Oui";"Oui";"Oui";"Oui";"Non";"Oui";"Le poignet (côté paume de la main)";"Oui";"Non";"Oui";"Non";"Oui";"Oui";"Oui";"Non";"Oui";"Oui";"Oui";"Oui";"Non";"Oui";"Oui";"Oui";"Oui";"Oui";"Non";"Non";"";"4";"Non";"Oui";"Non";"Oui";"Non";"Non";"Oui";"Oui";"Non";"Oui";"Non";"Non";"Non";"Oui";"Oui";"Non";"Non";"Oui";"Non";"Oui";"Oui";"Non";"Oui";"Oui";"Non";"Non";"Oui";"Oui";"Oui";"808.44";"260.57";"";"";"";"";"";"";"";"";"";"";"";"";"";"";"287.02";"";"";"";"";"";"";"";"";"";"";"";"";"";"";"";"";"80.9";"";"173.53";"";"";"";"";"";"6.42";""
"113";"";"3";"fr";"536694140";"2025-11-07 08:57:59";"2025-11-07 09:48:30";"31";"Féminin";"64";"≥ Bac + 3";"7";"Non";"Non";"Non";"Oui";"Non";"2";"3 ans - 1 an";"Oui";"Non";"Non";"Non";"";"Brûlure, intoxication, chutes, noyade ";"Non";"3";"Non";"Non";"Non";"Oui";"Non";"Non";"Non";"";"Thermique";"Liquide chaud";"Plus de 60%";"Accidentelles";"";"Les 0-4 ans";"Les 0-4 ans";"Autant chez les filles/femmes que les garçons/hommes";"La cuisine";"";"Tentative d’attraper une casserole, toucher la vitre de la cheminée, fer à lisser, fer à repasser ";"Oui, et la brûlure est superficielle";"37°C";"Non";"Non";"Oui";"Oui";"Non";"Oui";"Le dos de la main";"Non";"Oui";"Oui";"Non";"Oui";"Oui";"Oui";"Non";"Oui";"Non";"Non";"Oui";"Non";"Oui";"Oui";"Oui";"Oui";"Oui";"Non";"Non";"";"";"N/A";"N/A";"N/A";"N/A";"N/A";"N/A";"N/A";"N/A";"N/A";"N/A";"N/A";"N/A";"N/A";"N/A";"N/A";"N/A";"N/A";"N/A";"N/A";"N/A";"N/A";"N/A";"N/A";"N/A";"N/A";"N/A";"N/A";"N/A";"N/A";"3031.3";"141.78";"";"";"";"";"";"";"";"";"";"";"";"";"";"";"317.47";"";"";"";"";"";"";"";"";"";"";"";"";"";"";"";"";"2572.05";"";"";"";"";"";"";"";"";""
"114";"2025-11-07 13:59:40";"5";"fr";"354519518";"2025-11-07 13:43:42";"2025-11-07 13:59:40";"44";"Féminin";"38";"≥ Bac + 3";"8";"Oui";"Oui";"Non";"Non";"Non";"8";"De 21 à 4";"Oui";"Non";"Non";"Non";"";"Brûlures chutes etouffements";"Oui";"4";"Oui";"Non";"Non";"Non";"Non";"Non";"Non";"";"Thermique";"Liquide chaud";"Environ 40%";"Accidentelles";"";"";"";"Autant chez les filles/femmes que les garçons/hommes";"La cuisine";"";"Préparation des repas
Mais aussi chauffage (feu, poele)";"Oui, et la brûlure est superficielle";"";"Non";"Non";"Non";"Non";"Non";"Non";"Le dos de la main";"Oui";"Non";"Oui";"Non";"Oui";"Non";"Oui";"Non";"Oui";"Non";"Oui";"Oui";"Oui";"Non";"Non";"Non";"Non";"Non";"Oui";"Non";"";"4";"Non";"Oui";"Oui";"Non";"Oui";"Non";"Non";"Oui";"Non";"Oui";"Non";"Non";"Non";"Non";"Oui";"Non";"Non";"Non";"Non";"Non";"Oui";"Non";"Oui";"Oui";"Non";"Non";"Oui";"Non";"Non";"960.19";"561.79";"";"";"";"";"";"";"";"";"";"";"";"";"";"";"160.65";"";"";"";"";"";"";"";"";"";"";"";"";"";"";"";"";"57.71";"";"169.56";"";"";"";"";"";"10.48";""
"115";"2025-11-07 15:38:46";"5";"fr";"1746074625";"2025-11-07 15:30:56";"2025-11-07 15:38:46";"32";"Masculin";"38";"Baccalauréat - Bac +2";"7";"Non";"Non";"Non";"Non";"Non";"1";"2";"Oui";"Non";"Non";"Non";"";"Chute
Coupure";"Non";"2";"Oui";"Non";"Oui";"Non";"Non";"Non";"Non";"";"Thermique";"Liquide chaud";"Plus de 60%";"Accidentelles";"";"Les 5-14 ans";"Les 0-4 ans";"Autant chez les filles/femmes que les garçons/hommes";"La cuisine";"";"Four
Plaque de cuisson 
Plat sortant du four";"Oui, et la brûlure est superficielle";"37°C";"Non";"Non";"Oui";"Oui";"Non";"Oui";"Le poignet (côté paume de la main)";"Oui";"Non";"Oui";"Non";"Oui";"Oui";"Oui";"Oui";"Oui";"Non";"Non";"Oui";"Non";"Oui";"Non";"Non";"Oui";"Non";"Oui";"Non";"";"2";"Non";"Non";"Oui";"Non";"Oui";"Non";"Non";"Non";"Non";"Oui";"Non";"Non";"Non";"Oui";"Oui";"Non";"Non";"Oui";"Non";"Non";"Oui";"Non";"Oui";"Oui";"Non";"Non";"Oui";"Non";"Non";"471.41";"95.68";"";"";"";"";"";"";"";"";"";"";"";"";"";"";"151.53";"";"";"";"";"";"";"";"";"";"";"";"";"";"";"";"";"44.21";"";"172.62";"";"";"";"";"";"7.37";""
"116";"2025-11-07 15:46:53";"5";"fr";"2095164752";"2025-11-07 15:31:14";"2025-11-07 15:46:53";"36";"Masculin";"38";"Inférieur au baccalauréat";"1";"Non";"Non";"Non";"Non";"Non";"3";"6 ans 10 ans 14 ans";"Oui";"Non";"Non";"Non";"";"Chute, brûlure, étouffement, intoxication ";"Non";"3";"Non";"Non";"Non";"Oui";"Non";"Non";"Non";"Sauveteur au combat";"Thermique";"Liquide chaud";"Plus de 60%";"Accidentelles";"";"Les 5-14 ans";"Les 0-4 ans";"Autant chez les filles/femmes que les garçons/hommes";"La cuisine";"";"Bain douche, poduit ménage, produit dangereux, prise, appareil électrique, gaziniere, four...";"Oui, et la brûlure est superficielle";"35°C";"Non";"Non";"Oui";"Non";"Non";"Non";"Le poignet (côté paume de la main)";"Oui";"Oui";"Oui";"Non";"Oui";"Non";"Oui";"Non";"Oui";"Oui";"Non";"Oui";"Oui";"Oui";"Oui";"Oui";"Oui";"Oui";"Oui";"Non";"";"3";"Non";"Oui";"Oui";"Non";"Non";"Non";"Non";"Non";"Non";"Oui";"Non";"Non";"Non";"Non";"Oui";"Non";"Non";"Non";"Non";"Oui";"Oui";"Non";"Oui";"Oui";"Oui";"Non";"Oui";"Oui";"Non";"939.7";"182.16";"";"";"";"";"";"";"";"";"";"";"";"";"";"";"357.66";"";"";"";"";"";"";"";"";"";"";"";"";"";"";"";"";"96";"";"294.22";"";"";"";"";"";"9.66";""
"117";"";"";"fr";"30217572";"2025-11-07 15:31:31";"2025-11-07 15:31:31";"";"N/A";"";"";"";"N/A";"N/A";"N/A";"N/A";"N/A";"";"";"N/A";"N/A";"N/A";"N/A";"";"";"N/A";"";"N/A";"N/A";"N/A";"N/A";"N/A";"N/A";"N/A";"";"";"";"";"";"";"";"";"";"";"";"";"";"";"N/A";"N/A";"N/A";"N/A";"N/A";"N/A";"";"N/A";"N/A";"N/A";"N/A";"N/A";"N/A";"N/A";"N/A";"N/A";"N/A";"N/A";"N/A";"N/A";"N/A";"N/A";"N/A";"N/A";"N/A";"N/A";"N/A";"";"";"N/A";"N/A";"N/A";"N/A";"N/A";"N/A";"N/A";"N/A";"N/A";"N/A";"N/A";"N/A";"N/A";"N/A";"N/A";"N/A";"N/A";"N/A";"N/A";"N/A";"N/A";"N/A";"N/A";"N/A";"N/A";"N/A";"N/A";"N/A";"N/A";"0";"";"";"";"";"";"";"";"";"";"";"";"";"";"";"";"";"";"";"";"";"";"";"";"";"";"";"";"";"";"";"";"";"";"";"";"";"";"";"";"";"";""
"118";"";"1";"fr";"2138321693";"2025-11-09 21:49:04";"2025-11-09 21:50:45";"37";"Féminin";"38";"≥ Bac + 3";"7";"Non";"Non";"Non";"Oui";"Non";"5";"11ans - 9 ans - 7 ans - 5 ans - 2 ans";"Non";"Oui";"Non";"Non";"";"Chutes, brûlures, étranglement, coupure ";"N/A";"";"N/A";"N/A";"N/A";"N/A";"N/A";"N/A";"N/A";"";"";"";"";"";"";"";"";"";"";"";"";"";"";"N/A";"N/A";"N/A";"N/A";"N/A";"N/A";"";"N/A";"N/A";"N/A";"N/A";"N/A";"N/A";"N/A";"N/A";"N/A";"N/A";"N/A";"N/A";"N/A";"N/A";"N/A";"N/A";"N/A";"N/A";"N/A";"N/A";"";"";"N/A";"N/A";"N/A";"N/A";"N/A";"N/A";"N/A";"N/A";"N/A";"N/A";"N/A";"N/A";"N/A";"N/A";"N/A";"N/A";"N/A";"N/A";"N/A";"N/A";"N/A";"N/A";"N/A";"N/A";"N/A";"N/A";"N/A";"N/A";"N/A";"101.24";"101.24";"";"";"";"";"";"";"";"";"";"";"";"";"";"";"";"";"";"";"";"";"";"";"";"";"";"";"";"";"";"";"";"";"";"";"";"";"";"";"";"";""
"119";"2025-11-09 22:06:48";"5";"fr";"1278388392";"2025-11-09 21:51:46";"2025-11-09 22:06:48";"29";"Féminin";"45";"≥ Bac + 3";"8";"Non";"Non";"Non";"Non";"Non";"2";"3 ans - 2 ans";"Non";"Oui";"Non";"Non";"";"Chutes 
Aliments avalés de travers
Brûlures ";"Non";"3";"Oui";"Non";"Non";"Non";"Non";"Non";"Non";"";"Electrique";"Liquide chaud";"Plus de 60%";"Accidentelles";"";"Les 5-14 ans";"Les 0-4 ans";"Chez les garçons/hommes";"La cuisine";"";"En touchant le four ou les plaques de cuisson et les poêles ou casseroles qui s'y trouvent";"Oui, et la brûlure est grave";"37°C";"Non";"Non";"Non";"Oui";"Non";"Oui";"Le poignet (côté paume de la main)";"Oui";"Non";"Oui";"Non";"Oui";"Oui";"Oui";"Non";"Oui";"Oui";"Oui";"Oui";"Oui";"Oui";"Oui";"Oui";"Non";"Oui";"Oui";"Non";"";"3";"Non";"Oui";"Oui";"Non";"Non";"Non";"Oui";"Oui";"Oui";"Non";"Non";"Non";"Non";"Oui";"Oui";"Non";"Non";"Oui";"Oui";"Oui";"Oui";"Non";"Oui";"Oui";"Non";"Non";"Oui";"Non";"Oui";"902.82";"143.39";"";"";"";"";"";"";"";"";"";"";"";"";"";"";"198.94";"";"";"";"";"";"";"";"";"";"";"";"";"";"";"";"";"368.07";"";"185.4";"";"";"";"";"";"7.02";""
"120";"";"";"fr";"1853317062";"2025-11-10 10:44:38";"2025-11-10 10:44:38";"";"N/A";"";"";"";"N/A";"N/A";"N/A";"N/A";"N/A";"";"";"N/A";"N/A";"N/A";"N/A";"";"";"N/A";"";"N/A";"N/A";"N/A";"N/A";"N/A";"N/A";"N/A";"";"";"";"";"";"";"";"";"";"";"";"";"";"";"N/A";"N/A";"N/A";"N/A";"N/A";"N/A";"";"N/A";"N/A";"N/A";"N/A";"N/A";"N/A";"N/A";"N/A";"N/A";"N/A";"N/A";"N/A";"N/A";"N/A";"N/A";"N/A";"N/A";"N/A";"N/A";"N/A";"";"";"N/A";"N/A";"N/A";"N/A";"N/A";"N/A";"N/A";"N/A";"N/A";"N/A";"N/A";"N/A";"N/A";"N/A";"N/A";"N/A";"N/A";"N/A";"N/A";"N/A";"N/A";"N/A";"N/A";"N/A";"N/A";"N/A";"N/A";"N/A";"N/A";"0";"";"";"";"";"";"";"";"";"";"";"";"";"";"";"";"";"";"";"";"";"";"";"";"";"";"";"";"";"";"";"";"";"";"";"";"";"";"";"";"";"";""
"121";"2025-11-11 17:05:46";"5";"fr";"519272663";"2025-11-11 16:57:56";"2025-11-11 17:05:46";"27";"Féminin";"76";"Baccalauréat - Bac +2";"5";"Oui";"Non";"Non";"Non";"Non";"1";"1 mois";"Oui";"Non";"Non";"Non";"";"Brûlure, chute ";"Non";"5";"Non";"Non";"Non";"Non";"Non";"Non";"Non";"Connaissances ";"Thermique";"Liquide chaud";"Environ 40%";"Accidentelles";"";"Les 0-4 ans";"Les 0-4 ans";"Autant chez les filles/femmes que les garçons/hommes";"La cuisine";"";"Chute liquide ";"Oui, et la brûlure est grave";"37°C";"Non";"Non";"Oui";"Oui";"Non";"Oui";"Le poignet (côté paume de la main)";"Oui";"Non";"Oui";"Non";"Non";"Non";"Non";"Oui";"Oui";"Non";"Non";"Oui";"Oui";"Oui";"Oui";"Oui";"Oui";"Oui";"Oui";"Non";"";"4";"Non";"Oui";"Non";"Oui";"Non";"Non";"Oui";"Non";"Non";"Oui";"Non";"Non";"Non";"Non";"Oui";"Non";"Non";"Oui";"Non";"Non";"Oui";"Non";"Non";"Oui";"Non";"Non";"Oui";"Oui";"Non";"469.18";"110.68";"";"";"";"";"";"";"";"";"";"";"";"";"";"";"160.07";"";"";"";"";"";"";"";"";"";"";"";"";"";"";"";"";"49.39";"";"141.97";"";"";"";"";"";"7.07";""
"122";"";"0";"fr";"360586456";"2025-11-11 17:59:25";"2025-11-11 17:59:45";"";"N/A";"";"";"";"N/A";"N/A";"N/A";"N/A";"N/A";"";"";"Non";"Non";"Non";"Non";"";"";"N/A";"";"N/A";"N/A";"N/A";"N/A";"N/A";"N/A";"N/A";"";"";"";"";"";"";"";"";"";"";"";"";"";"";"N/A";"N/A";"N/A";"N/A";"N/A";"N/A";"";"N/A";"N/A";"N/A";"N/A";"N/A";"N/A";"N/A";"N/A";"N/A";"N/A";"N/A";"N/A";"N/A";"N/A";"N/A";"N/A";"N/A";"N/A";"N/A";"N/A";"";"";"N/A";"N/A";"N/A";"N/A";"N/A";"N/A";"N/A";"N/A";"N/A";"N/A";"N/A";"N/A";"N/A";"N/A";"N/A";"N/A";"N/A";"N/A";"N/A";"N/A";"N/A";"N/A";"N/A";"N/A";"N/A";"N/A";"N/A";"N/A";"N/A";"19.84";"19.84";"";"";"";"";"";"";"";"";"";"";"";"";"";"";"";"";"";"";"";"";"";"";"";"";"";"";"";"";"";"";"";"";"";"";"";"";"";"";"";"";""
"123";"";"";"fr";"1957345359";"2025-11-11 19:16:02";"2025-11-11 19:16:02";"";"N/A";"";"";"";"N/A";"N/A";"N/A";"N/A";"N/A";"";"";"N/A";"N/A";"N/A";"N/A";"";"";"N/A";"";"N/A";"N/A";"N/A";"N/A";"N/A";"N/A";"N/A";"";"";"";"";"";"";"";"";"";"";"";"";"";"";"N/A";"N/A";"N/A";"N/A";"N/A";"N/A";"";"N/A";"N/A";"N/A";"N/A";"N/A";"N/A";"N/A";"N/A";"N/A";"N/A";"N/A";"N/A";"N/A";"N/A";"N/A";"N/A";"N/A";"N/A";"N/A";"N/A";"";"";"N/A";"N/A";"N/A";"N/A";"N/A";"N/A";"N/A";"N/A";"N/A";"N/A";"N/A";"N/A";"N/A";"N/A";"N/A";"N/A";"N/A";"N/A";"N/A";"N/A";"N/A";"N/A";"N/A";"N/A";"N/A";"N/A";"N/A";"N/A";"N/A";"0";"";"";"";"";"";"";"";"";"";"";"";"";"";"";"";"";"";"";"";"";"";"";"";"";"";"";"";"";"";"";"";"";"";"";"";"";"";"";"";"";"";""
"124";"2025-11-12 15:11:33";"5";"fr";"1560496659";"2025-11-12 15:05:23";"2025-11-12 15:11:33";"41";"Féminin";"38";"≥ Bac + 3";"9";"Non";"Non";"Non";"Oui";"Non";"4";"3,6,9,13";"Oui";"Non";"Non";"Non";"";"Risque de chute, brûlure, produits menager";"Non";"4";"Non";"Non";"Non";"Oui";"Non";"Non";"Non";"";"Thermique";"Liquide chaud";"Plus de 60%";"Accidentelles";"";"Les 0-4 ans";"Les 0-4 ans";"Autant chez les filles/femmes que les garçons/hommes";"La cuisine";"";"Casserole, four";"Oui, et la brûlure est grave";"37°C";"Oui";"Oui";"Oui";"Oui";"Oui";"Oui";"Le poignet (côté paume de la main)";"Oui";"Non";"Oui";"Non";"Oui";"Oui";"Oui";"Non";"Oui";"Oui";"Non";"Oui";"Non";"Oui";"Oui";"Oui";"Oui";"Oui";"Oui";"Non";"";"4";"Non";"Oui";"Non";"Oui";"Oui";"Oui";"Oui";"Oui";"Non";"Oui";"Non";"Non";"Non";"Oui";"Oui";"Non";"Non";"Non";"Non";"Non";"Oui";"Non";"Oui";"Oui";"Non";"Non";"Oui";"Oui";"Oui";"371.44";"148.78";"";"";"";"";"";"";"";"";"";"";"";"";"";"";"114.59";"";"";"";"";"";"";"";"";"";"";"";"";"";"";"";"";"36.49";"";"64.17";"";"";"";"";"";"7.41";""
"125";"";"";"fr";"578884052";"2025-11-12 16:59:27";"2025-11-12 16:59:27";"";"N/A";"";"";"";"N/A";"N/A";"N/A";"N/A";"N/A";"";"";"N/A";"N/A";"N/A";"N/A";"";"";"N/A";"";"N/A";"N/A";"N/A";"N/A";"N/A";"N/A";"N/A";"";"";"";"";"";"";"";"";"";"";"";"";"";"";"N/A";"N/A";"N/A";"N/A";"N/A";"N/A";"";"N/A";"N/A";"N/A";"N/A";"N/A";"N/A";"N/A";"N/A";"N/A";"N/A";"N/A";"N/A";"N/A";"N/A";"N/A";"N/A";"N/A";"N/A";"N/A";"N/A";"";"";"N/A";"N/A";"N/A";"N/A";"N/A";"N/A";"N/A";"N/A";"N/A";"N/A";"N/A";"N/A";"N/A";"N/A";"N/A";"N/A";"N/A";"N/A";"N/A";"N/A";"N/A";"N/A";"N/A";"N/A";"N/A";"N/A";"N/A";"N/A";"N/A";"0";"";"";"";"";"";"";"";"";"";"";"";"";"";"";"";"";"";"";"";"";"";"";"";"";"";"";"";"";"";"";"";"";"";"";"";"";"";"";"";"";"";""
"126";"2025-11-13 11:07:28";"5";"fr";"1015350858";"2025-11-13 10:06:24";"2025-11-13 11:07:28";"45";"Féminin";"64";"≥ Bac + 3";"5";"Non";"Non";"Non";"Non";"Oui";"3";"4ans-7ans-11ans";"Oui";"Non";"Non";"Non";"";"Produits ménagers/produits salle de bain(empoisonnement, brûlures) four et plaques de cuisine (brûlures), objets coupants couteaux, sécateurs, verre brisé...(blessures), chutes, escaliers, fenêtres... (blessures), jeux dangereux entre enfants ";"Non";"5";"Oui";"Non";"Non";"Oui";"Non";"Non";"Non";"";"Thermique";"Liquide chaud";"Plus de 60%";"Accidentelles";"";"Les 0-4 ans";"Les 0-4 ans";"Autant chez les filles/femmes que les garçons/hommes";"La cuisine";"";"Plaque ou gaz de cuisine (et les casseroles aau dessus)/ fourPrises électriques poêle cheminee/ produits menagers";"Oui, et la brûlure est grave";"37°C";"Oui";"Non";"Oui";"Oui";"Non";"Oui";"La bouche";"Oui";"Non";"Oui";"Non";"Oui";"Oui";"Oui";"Non";"Oui";"Oui";"Oui";"Oui";"Oui";"Oui";"Oui";"Oui";"Oui";"Oui";"Oui";"Non";"";"5";"Non";"Oui";"Oui";"Oui";"Non";"Non";"Non";"Oui";"Oui";"Oui";"Non";"Non";"Non";"Oui";"Non";"Non";"Non";"Oui";"Non";"Non";"Oui";"Non";"Oui";"Oui";"Non";"Non";"Oui";"Non";"N/A";"825.95";"295.58";"";"";"";"";"";"";"";"";"";"";"";"";"";"";"226.88";"";"";"";"";"";"";"";"";"";"";"";"";"";"";"";"";"63.13";"";"231.93";"";"";"";"";"";"8.43";""
"127";"";"";"fr";"2116941290";"2025-11-13 11:19:03";"2025-11-13 11:19:03";"";"N/A";"";"";"";"N/A";"N/A";"N/A";"N/A";"N/A";"";"";"N/A";"N/A";"N/A";"N/A";"";"";"N/A";"";"N/A";"N/A";"N/A";"N/A";"N/A";"N/A";"N/A";"";"";"";"";"";"";"";"";"";"";"";"";"";"";"N/A";"N/A";"N/A";"N/A";"N/A";"N/A";"";"N/A";"N/A";"N/A";"N/A";"N/A";"N/A";"N/A";"N/A";"N/A";"N/A";"N/A";"N/A";"N/A";"N/A";"N/A";"N/A";"N/A";"N/A";"N/A";"N/A";"";"";"N/A";"N/A";"N/A";"N/A";"N/A";"N/A";"N/A";"N/A";"N/A";"N/A";"N/A";"N/A";"N/A";"N/A";"N/A";"N/A";"N/A";"N/A";"N/A";"N/A";"N/A";"N/A";"N/A";"N/A";"N/A";"N/A";"N/A";"N/A";"N/A";"0";"";"";"";"";"";"";"";"";"";"";"";"";"";"";"";"";"";"";"";"";"";"";"";"";"";"";"";"";"";"";"";"";"";"";"";"";"";"";"";"";"";""
"128";"2025-11-13 14:31:15";"5";"fr";"927209230";"2025-11-13 14:15:30";"2025-11-13 14:31:15";"38";"Féminin";"92";"≥ Bac + 3";"7";"Non";"Non";"Oui";"Non";"Non";"2";"10 ans - 2 ans";"Oui";"Non";"Non";"Non";"";"Brûlures, intoxication, étouffement, chutes, noyades";"Non";"4";"Non";"Non";"Non";"Oui";"Non";"Non";"Non";"";"Thermique";"Liquide chaud";"Plus de 60%";"Accidentelles";"";"Les 0-4 ans";"Les 0-4 ans";"Autant chez les filles/femmes que les garçons/hommes";"La cuisine";"";"Casserole, bouilloire, tasse de thé, café ... ";"Oui, et la brûlure est grave";"37°C";"Oui";"Non";"Oui";"Oui";"Non";"Oui";"Le poignet (côté paume de la main)";"Oui";"Non";"Oui";"Non";"Oui";"Oui";"Oui";"Non";"Oui";"Non";"Oui";"Oui";"Non";"Oui";"Non";"Oui";"Oui";"Oui";"Oui";"Non";"";"3";"Non";"Non";"Non";"Oui";"Non";"Non";"Oui";"Oui";"Non";"Oui";"Non";"Non";"Non";"Non";"Oui";"Non";"Non";"Oui";"Non";"Oui";"Oui";"Non";"Oui";"Oui";"Non";"Non";"Oui";"Non";"Oui";"946.33";"439.32";"";"";"";"";"";"";"";"";"";"";"";"";"";"";"234.92";"";"";"";"";"";"";"";"";"";"";"";"";"";"";"";"";"66.81";"";"196.49";"";"";"";"";"";"8.79";""
"129";"";"";"fr";"1267151246";"2025-11-13 17:06:57";"2025-11-13 17:06:57";"";"N/A";"";"";"";"N/A";"N/A";"N/A";"N/A";"N/A";"";"";"N/A";"N/A";"N/A";"N/A";"";"";"N/A";"";"N/A";"N/A";"N/A";"N/A";"N/A";"N/A";"N/A";"";"";"";"";"";"";"";"";"";"";"";"";"";"";"N/A";"N/A";"N/A";"N/A";"N/A";"N/A";"";"N/A";"N/A";"N/A";"N/A";"N/A";"N/A";"N/A";"N/A";"N/A";"N/A";"N/A";"N/A";"N/A";"N/A";"N/A";"N/A";"N/A";"N/A";"N/A";"N/A";"";"";"N/A";"N/A";"N/A";"N/A";"N/A";"N/A";"N/A";"N/A";"N/A";"N/A";"N/A";"N/A";"N/A";"N/A";"N/A";"N/A";"N/A";"N/A";"N/A";"N/A";"N/A";"N/A";"N/A";"N/A";"N/A";"N/A";"N/A";"N/A";"N/A";"0";"";"";"";"";"";"";"";"";"";"";"";"";"";"";"";"";"";"";"";"";"";"";"";"";"";"";"";"";"";"";"";"";"";"";"";"";"";"";"";"";"";""
"130";"2025-11-13 17:23:42";"5";"fr";"297754820";"2025-11-13 17:12:37";"2025-11-13 17:23:42";"32";"Masculin";"37";"Baccalauréat - Bac +2";"5";"Non";"Non";"Non";"Non";"Non";"1";"2 mois";"Oui";"Non";"Non";"Non";"";"Electrocution Brûlure chutes ";"Non";"4";"Oui";"Non";"Non";"Oui";"Non";"Non";"Non";"";"Par rayonnement d'une grande source de chaleur";"Liquide chaud";"Plus de 60%";"Accidentelles";"";"Les 5-14 ans";"Les 0-4 ans";"Autant chez les filles/femmes que les garçons/hommes";"La cuisine";"";"Casserole, four, fer à repasser ";"Oui, et la brûlure est grave";"37°C";"Non";"Non";"Oui";"Oui";"Non";"Oui";"Le poignet (côté dos de la main)";"Oui";"Non";"Oui";"Non";"Non";"Oui";"Non";"Oui";"Oui";"Oui";"Non";"Oui";"Oui";"Oui";"Oui";"Oui";"Oui";"Oui";"Oui";"Non";"";"1";"Non";"Oui";"Non";"Oui";"Oui";"Non";"Oui";"Oui";"Non";"Non";"Non";"Non";"Non";"Non";"Oui";"Non";"Non";"Non";"Non";"Non";"Oui";"Non";"Oui";"Oui";"Non";"Non";"Oui";"Oui";"Oui";"666.54";"120.16";"";"";"";"";"";"";"";"";"";"";"";"";"";"";"257.57";"";"";"";"";"";"";"";"";"";"";"";"";"";"";"";"";"105.46";"";"172.02";"";"";"";"";"";"11.33";""
"131";"";"";"fr";"1248553237";"2025-11-13 17:53:02";"2025-11-13 17:53:02";"";"N/A";"";"";"";"N/A";"N/A";"N/A";"N/A";"N/A";"";"";"N/A";"N/A";"N/A";"N/A";"";"";"N/A";"";"N/A";"N/A";"N/A";"N/A";"N/A";"N/A";"N/A";"";"";"";"";"";"";"";"";"";"";"";"";"";"";"N/A";"N/A";"N/A";"N/A";"N/A";"N/A";"";"N/A";"N/A";"N/A";"N/A";"N/A";"N/A";"N/A";"N/A";"N/A";"N/A";"N/A";"N/A";"N/A";"N/A";"N/A";"N/A";"N/A";"N/A";"N/A";"N/A";"";"";"N/A";"N/A";"N/A";"N/A";"N/A";"N/A";"N/A";"N/A";"N/A";"N/A";"N/A";"N/A";"N/A";"N/A";"N/A";"N/A";"N/A";"N/A";"N/A";"N/A";"N/A";"N/A";"N/A";"N/A";"N/A";"N/A";"N/A";"N/A";"N/A";"0";"";"";"";"";"";"";"";"";"";"";"";"";"";"";"";"";"";"";"";"";"";"";"";"";"";"";"";"";"";"";"";"";"";"";"";"";"";"";"";"";"";""
"132";"2025-11-13 18:31:25";"5";"fr";"214298914";"2025-11-13 18:24:34";"2025-11-13 18:31:25";"30";"Masculin";"37";"≥ Bac + 3";"8";"Non";"Oui";"Non";"Non";"Non";"1";"1";"Non";"Oui";"Non";"Non";"";"Chute
Étouffement";"Non";"2";"Oui";"Non";"Non";"Non";"Non";"Non";"Non";"";"Par frottement";"Liquide chaud";"Environ 40%";"Accidentelles";"";"Les 5-14 ans";"Les 5-14 ans";"Chez les garçons/hommes";"La cuisine";"";"Eau bouillante 
Plat cuisiné ";"Oui, et la brûlure est superficielle";"37°C";"Oui";"Non";"Oui";"Oui";"Non";"Oui";"Le dos de la main";"Non";"Non";"Oui";"Non";"Oui";"Oui";"Oui";"Oui";"Oui";"Non";"Non";"Oui";"Oui";"Oui";"Oui";"Oui";"Oui";"Oui";"Oui";"Non";"";"3";"Non";"Oui";"Oui";"Non";"Non";"Non";"Oui";"Oui";"Non";"Oui";"Non";"Non";"Non";"Non";"Oui";"Non";"Non";"Non";"Non";"Oui";"Oui";"Non";"Oui";"Oui";"Oui";"Non";"Oui";"Oui";"Non";"412.08";"90.84";"";"";"";"";"";"";"";"";"";"";"";"";"";"";"120.02";"";"";"";"";"";"";"";"";"";"";"";"";"";"";"";"";"58.31";"";"136.22";"";"";"";"";"";"6.69";""
"133";"";"2";"fr";"785330929";"2025-11-14 17:17:16";"2025-11-14 17:32:40";"42";"Féminin";"92";"≥ Bac + 3";"6";"Non";"Non";"Non";"Oui";"Non";"2";"4 mois et 3 ans ";"Oui";"Non";"Non";"Non";"";"Chute 
Brûlure
Coupure 
Ingestion de produit dangereux 
Défenestration 
Noyade
Étouffement 
Maltraitance 
Défaut de soin
Morsures 
Négligence ";"Non";"3";"Oui";"Non";"Non";"Non";"Non";"Non";"Non";"";"Thermique";"Liquide chaud";"Moins de 10%";"Accidentelles";"";"Les 0-4 ans";"Les 0-4 ans";"Autant chez les filles/femmes que les garçons/hommes";"La salle de bain";"";"Dans le bain s'il est trop chaud 
Dans la cuisine quand une casserole traîne au-dessus du sol , touche le four
Auprès d'une cheminée 
Un fer à repasser qui traîne encore chaud
Sur les genoux d'une personne qui boit une soupe un café ou un thé chaud 
Ingestion de produits toxiques
Avec de la vapeur s'il fait la cuisine mais ça c'est pour les enfants au-delà de 4 ans";"Oui, et la brûlure est grave";"37°C";"Non";"Non";"Oui";"Oui";"Non";"Oui";"Le poignet (côté paume de la main)";"N/A";"N/A";"N/A";"N/A";"N/A";"N/A";"N/A";"N/A";"N/A";"N/A";"N/A";"N/A";"N/A";"N/A";"N/A";"N/A";"N/A";"N/A";"N/A";"N/A";"";"";"N/A";"N/A";"N/A";"N/A";"N/A";"N/A";"N/A";"N/A";"N/A";"N/A";"N/A";"N/A";"N/A";"N/A";"N/A";"N/A";"N/A";"N/A";"N/A";"N/A";"N/A";"N/A";"N/A";"N/A";"N/A";"N/A";"N/A";"N/A";"N/A";"923.16";"423.69";"";"";"";"";"";"";"";"";"";"";"";"";"";"";"499.47";"";"";"";"";"";"";"";"";"";"";"";"";"";"";"";"";"";"";"";"";"";"";"";"";"";""
"134";"";"";"fr";"1561713932";"2025-11-14 19:23:59";"2025-11-14 19:23:59";"";"N/A";"";"";"";"N/A";"N/A";"N/A";"N/A";"N/A";"";"";"N/A";"N/A";"N/A";"N/A";"";"";"N/A";"";"N/A";"N/A";"N/A";"N/A";"N/A";"N/A";"N/A";"";"";"";"";"";"";"";"";"";"";"";"";"";"";"N/A";"N/A";"N/A";"N/A";"N/A";"N/A";"";"N/A";"N/A";"N/A";"N/A";"N/A";"N/A";"N/A";"N/A";"N/A";"N/A";"N/A";"N/A";"N/A";"N/A";"N/A";"N/A";"N/A";"N/A";"N/A";"N/A";"";"";"N/A";"N/A";"N/A";"N/A";"N/A";"N/A";"N/A";"N/A";"N/A";"N/A";"N/A";"N/A";"N/A";"N/A";"N/A";"N/A";"N/A";"N/A";"N/A";"N/A";"N/A";"N/A";"N/A";"N/A";"N/A";"N/A";"N/A";"N/A";"N/A";"0";"";"";"";"";"";"";"";"";"";"";"";"";"";"";"";"";"";"";"";"";"";"";"";"";"";"";"";"";"";"";"";"";"";"";"";"";"";"";"";"";"";""
"135";"2025-11-15 05:24:41";"5";"fr";"1553391306";"2025-11-14 22:38:35";"2025-11-15 05:24:41";"42";"Féminin";"92";"≥ Bac + 3";"6";"Non";"Non";"Non";"Oui";"Non";"2";"4 mois 3 ans ";"Oui";"Non";"Non";"Non";"";"Coupure 
Brûlure
Chute
Ingestion de produits dangereux (produits ménagers, médicaments)
Noyade
Défenestration 
Négligence 
Étouffement 
Fausse route
Maltraitance ";"Non";"3";"Oui";"Non";"Non";"Non";"Non";"Non";"Non";"";"Thermique";"Liquide chaud";"Moins de 10%";"Accidentelles";"";"Les 0-4 ans";"Les 0-4 ans";"Autant chez les filles/femmes que les garçons/hommes";"La cuisine";"";"Une casserole chaude qui dépasse
Four
Produits dangereux ingérés
L'eau trop chaude du bain
Fer à repasser
Cheminée";"Oui, et la brûlure est grave";"37°C";"Non";"Non";"Oui";"Oui";"Non";"Oui";"Le poignet (côté paume de la main)";"Oui";"Non";"Oui";"Non";"Oui";"Non";"Oui";"Oui";"Oui";"Oui";"Oui";"Oui";"Oui";"Oui";"Oui";"Oui";"Oui";"Oui";"Oui";"Non";"Je ne repasse pas";"3";"Non";"Oui";"Non";"Oui";"Non";"Non";"Oui";"Non";"Non";"Oui";"Non";"Non";"Non";"Non";"Oui";"Non";"Non";"Oui";"Non";"Non";"Oui";"Non";"Oui";"Non";"Non";"Non";"Oui";"Oui";"Oui";"920.63";"288.51";"";"";"";"";"";"";"";"";"";"";"";"";"";"";"220.52";"";"";"";"";"";"";"";"";"";"";"";"";"";"";"";"";"118.89";"";"278.2";"";"";"";"";"";"14.51";""
"136";"2025-11-14 23:36:08";"5";"fr";"1646235174";"2025-11-14 23:25:33";"2025-11-14 23:36:08";"26";"Féminin";"92";"Baccalauréat - Bac +2";"3";"Non";"Non";"Non";"Non";"Non";"1";"2 mois";"Non";"Oui";"Non";"Non";"";"Noyade, brûlures, électrocution, asphyxie, coupures, chutes";"Non";"5";"Non";"Non";"Non";"Oui";"Non";"Non";"Non";"";"Thermique";"Flamme/feu";"Environ 40%";"Accidentelles";"";"Les 0-4 ans";"";"Chez les garçons/hommes";"La cuisine";"";"Cuisine/four/plaque cuisson chaude";"Oui, et la brûlure est superficielle";"37°C";"Oui";"Non";"Oui";"Oui";"Non";"Non";"La bouche";"Oui";"Oui";"Oui";"Oui";"Oui";"Oui";"Oui";"Oui";"Oui";"Oui";"Oui";"Oui";"Oui";"Oui";"Oui";"Oui";"Oui";"Oui";"Oui";"Non";"";"4";"Non";"Non";"Non";"Oui";"Oui";"Non";"Oui";"Oui";"Non";"Oui";"Non";"Non";"Oui";"Oui";"Oui";"Non";"Non";"Oui";"Non";"Oui";"Oui";"Non";"Oui";"Oui";"Non";"Non";"Oui";"Oui";"Oui";"636.44";"185.06";"";"";"";"";"";"";"";"";"";"";"";"";"";"";"204.63";"";"";"";"";"";"";"";"";"";"";"";"";"";"";"";"";"60.5";"";"176.32";"";"";"";"";"";"9.93";""
"137";"";"";"fr";"1898895902";"2025-11-17 09:35:15";"2025-11-17 09:35:15";"";"N/A";"";"";"";"N/A";"N/A";"N/A";"N/A";"N/A";"";"";"N/A";"N/A";"N/A";"N/A";"";"";"N/A";"";"N/A";"N/A";"N/A";"N/A";"N/A";"N/A";"N/A";"";"";"";"";"";"";"";"";"";"";"";"";"";"";"N/A";"N/A";"N/A";"N/A";"N/A";"N/A";"";"N/A";"N/A";"N/A";"N/A";"N/A";"N/A";"N/A";"N/A";"N/A";"N/A";"N/A";"N/A";"N/A";"N/A";"N/A";"N/A";"N/A";"N/A";"N/A";"N/A";"";"";"N/A";"N/A";"N/A";"N/A";"N/A";"N/A";"N/A";"N/A";"N/A";"N/A";"N/A";"N/A";"N/A";"N/A";"N/A";"N/A";"N/A";"N/A";"N/A";"N/A";"N/A";"N/A";"N/A";"N/A";"N/A";"N/A";"N/A";"N/A";"N/A";"0";"";"";"";"";"";"";"";"";"";"";"";"";"";"";"";"";"";"";"";"";"";"";"";"";"";"";"";"";"";"";"";"";"";"";"";"";"";"";"";"";"";""
"138";"";"";"fr";"206345834";"2025-11-17 11:15:05";"2025-11-17 11:15:05";"";"N/A";"";"";"";"N/A";"N/A";"N/A";"N/A";"N/A";"";"";"N/A";"N/A";"N/A";"N/A";"";"";"N/A";"";"N/A";"N/A";"N/A";"N/A";"N/A";"N/A";"N/A";"";"";"";"";"";"";"";"";"";"";"";"";"";"";"N/A";"N/A";"N/A";"N/A";"N/A";"N/A";"";"N/A";"N/A";"N/A";"N/A";"N/A";"N/A";"N/A";"N/A";"N/A";"N/A";"N/A";"N/A";"N/A";"N/A";"N/A";"N/A";"N/A";"N/A";"N/A";"N/A";"";"";"N/A";"N/A";"N/A";"N/A";"N/A";"N/A";"N/A";"N/A";"N/A";"N/A";"N/A";"N/A";"N/A";"N/A";"N/A";"N/A";"N/A";"N/A";"N/A";"N/A";"N/A";"N/A";"N/A";"N/A";"N/A";"N/A";"N/A";"N/A";"N/A";"0";"";"";"";"";"";"";"";"";"";"";"";"";"";"";"";"";"";"";"";"";"";"";"";"";"";"";"";"";"";"";"";"";"";"";"";"";"";"";"";"";"";""
"139";"";"";"fr";"273197117";"2025-11-17 18:01:30";"2025-11-17 18:01:30";"";"N/A";"";"";"";"N/A";"N/A";"N/A";"N/A";"N/A";"";"";"N/A";"N/A";"N/A";"N/A";"";"";"N/A";"";"N/A";"N/A";"N/A";"N/A";"N/A";"N/A";"N/A";"";"";"";"";"";"";"";"";"";"";"";"";"";"";"N/A";"N/A";"N/A";"N/A";"N/A";"N/A";"";"N/A";"N/A";"N/A";"N/A";"N/A";"N/A";"N/A";"N/A";"N/A";"N/A";"N/A";"N/A";"N/A";"N/A";"N/A";"N/A";"N/A";"N/A";"N/A";"N/A";"";"";"N/A";"N/A";"N/A";"N/A";"N/A";"N/A";"N/A";"N/A";"N/A";"N/A";"N/A";"N/A";"N/A";"N/A";"N/A";"N/A";"N/A";"N/A";"N/A";"N/A";"N/A";"N/A";"N/A";"N/A";"N/A";"N/A";"N/A";"N/A";"N/A";"0";"";"";"";"";"";"";"";"";"";"";"";"";"";"";"";"";"";"";"";"";"";"";"";"";"";"";"";"";"";"";"";"";"";"";"";"";"";"";"";"";"";""
"140";"2025-11-17 21:02:41";"5";"fr";"1223784912";"2025-11-17 19:09:12";"2025-11-17 21:02:41";"29";"Féminin";"35";"Baccalauréat - Bac +2";"5";"Non";"Non";"Oui";"Oui";"Oui";"2";"6ans - 2 ans ";"Oui";"Non";"Non";"Non";"";"Brûlure
Chute du canapé/chaise haute/escaliers/lits
…
";"Non";"5";"Non";"Non";"Oui";"Oui";"Non";"Non";"Non";"Je travaille en maternité ";"Thermique";"Liquide chaud";"Plus de 60%";"Accidentelles";"";"Les 5-14 ans";"Les 15-24 ans";"Chez les garçons/hommes";"Le salon";"";"Plat trop chaud, poêle à bois, eau de baignoire, ";"Oui, et la brûlure est grave";"37°C";"Oui";"Oui";"Oui";"Oui";"Oui";"Oui";"Le poignet (côté dos de la main)";"Non";"Non";"Oui";"Non";"Oui";"Oui";"Oui";"Oui";"Oui";"Non";"Oui";"Non";"Non";"Oui";"Non";"Oui";"Non";"Oui";"Oui";"Non";"";"4";"Non";"Oui";"Non";"Oui";"Non";"Non";"Oui";"Non";"Non";"Oui";"Non";"Non";"Non";"Non";"Oui";"Non";"Non";"Non";"Non";"Non";"Oui";"Non";"Oui";"Oui";"Oui";"Non";"Oui";"Oui";"Oui";"6809.57";"683.13";"";"";"";"";"";"";"";"";"";"";"";"";"";"";"647.79";"";"";"";"";"";"";"";"";"";"";"";"";"";"";"";"";"88.32";"";"5379.06";"";"";"";"";"";"11.27";""
"141";"2025-11-17 20:08:12";"5";"fr";"269554674";"2025-11-17 19:13:35";"2025-11-17 20:08:12";"43";"Féminin";"56";"≥ Bac + 3";"7";"Non";"Non";"Non";"Non";"Non";"2";"15 mois et 3 ans";"Oui";"Non";"Non";"Non";"";"Chute brûlure coupure";"Non";"3";"Non";"Non";"Non";"Oui";"Non";"Non";"Non";"";"Par rayonnement d'une grande source de chaleur";"Liquide chaud";"Plus de 60%";"Accidentelles";"";"Les 0-4 ans";"Les 0-4 ans";"Autant chez les filles/femmes que les garçons/hommes";"La cuisine";"";"Bouilloire, eau dans la douche/bain, poele";"Oui, et la brûlure est grave";"37°C";"Oui";"Non";"Oui";"Oui";"Non";"Oui";"Le poignet (côté paume de la main)";"Oui";"Oui";"Oui";"Non";"Oui";"Oui";"Oui";"Non";"Oui";"Oui";"Non";"Oui";"Oui";"Oui";"Oui";"Oui";"Oui";"Oui";"Oui";"Non";"";"4";"Non";"Oui";"Non";"Oui";"Oui";"Non";"Oui";"Oui";"Non";"Oui";"Non";"Non";"Non";"Oui";"Oui";"Non";"Non";"Oui";"Non";"Non";"Oui";"Non";"Oui";"Oui";"Non";"Non";"Oui";"Oui";"Oui";"3277.4";"77.64";"";"";"";"";"";"";"";"";"";"";"";"";"";"";"3025.65";"";"";"";"";"";"";"";"";"";"";"";"";"";"";"";"";"46.16";"";"123.04";"";"";"";"";"";"4.91";""
"142";"2025-11-17 21:30:08";"5";"fr";"1162201025";"2025-11-17 21:17:59";"2025-11-17 21:30:08";"43";"Masculin";"78";"≥ Bac + 3";"8";"Non";"Non";"Non";"Non";"Non";"2";"2 ans - 5 mois";"Non";"Oui";"Non";"Non";"";"Chute
Brûlure 
Fausse route
Coupure
Intoxication/empoisonnement
Allergie
Pincement
Noyade 
Morsure/piqure animal

";"Non";"3";"Oui";"Non";"Non";"Oui";"Non";"Non";"Non";"Famille / amis";"Thermique";"Liquide chaud";"Plus de 60%";"Accidentelles";"";"Les 0-4 ans";"Les 0-4 ans";"Chez les garçons/hommes";"La cuisine";"";"Casserole
Radiateur
Ampoule
Four
Bain/douche";"Oui, et la brûlure est grave";"39°C";"Non";"Non";"Oui";"Oui";"Non";"Oui";"Le dos de la main";"Oui";"Non";"Oui";"Non";"Oui";"Oui";"Oui";"Oui";"Oui";"Oui";"Non";"Non";"Non";"Non";"Oui";"Oui";"Oui";"Oui";"Oui";"Non";"";"3";"Non";"Oui";"Oui";"Non";"Oui";"Non";"Oui";"Oui";"Non";"Oui";"Non";"Non";"Oui";"Non";"Oui";"Non";"Non";"Non";"Non";"Non";"Oui";"Non";"Oui";"Non";"Non";"Non";"Oui";"Non";"Oui";"730.69";"360.13";"";"";"";"";"";"";"";"";"";"";"";"";"";"";"197.41";"";"";"";"";"";"";"";"";"";"";"";"";"";"";"";"";"71.39";"";"94.52";"";"";"";"";"";"7.24";""
"143";"2025-11-19 10:52:42";"5";"fr";"1827565603";"2025-11-19 10:18:37";"2025-11-19 10:52:42";"39";"Masculin";"78";"≥ Bac + 3";"6";"Non";"Non";"Non";"Non";"Non";"3";"2mois - 3ans- 4ans";"Oui";"Non";"Non";"Non";"";"L'escalier ";"Non";"3";"Oui";"Non";"Oui";"Non";"Non";"Non";"Oui";"";"Thermique";"Liquide chaud";"Plus de 60%";"Accidentelles";"";"Les 5-14 ans";"";"Autant chez les filles/femmes que les garçons/hommes";"La cuisine";"";"Par renversement d'un liquide ";"Oui, et la brûlure est grave";"37°C";"Non";"Non";"Oui";"Oui";"Non";"Oui";"Le poignet (côté paume de la main)";"Oui";"Oui";"Oui";"Non";"Oui";"Oui";"Oui";"Non";"Oui";"Non";"Non";"Oui";"Oui";"Non";"Oui";"Oui";"Non";"Oui";"Oui";"Non";"";"4";"Non";"Oui";"Oui";"Non";"Oui";"Non";"Oui";"Non";"Non";"Oui";"Non";"Non";"Non";"Non";"Oui";"Non";"Non";"Oui";"Non";"Non";"Oui";"Non";"Oui";"Oui";"Non";"Non";"Oui";"Oui";"N/A";"2046.07";"255.2";"";"";"";"";"";"";"";"";"";"";"";"";"";"";"438.23";"";"";"";"";"";"";"";"";"";"";"";"";"";"";"";"";"1086.01";"";"252.49";"";"";"";"";"";"14.14";""
"144";"";"1";"fr";"348661180";"2025-11-19 10:32:35";"2025-11-19 10:38:39";"38";"Masculin";"92";"≥ Bac + 3";"6";"Non";"Non";"Non";"Non";"Oui";"4";"1an- 3ans- 7ans- 10ans";"Oui";"Non";"Non";"Non";"";"produits toxiques; chutes; écrasement des doigts dans une porte; noyade; chutes d'objets.";"N/A";"";"N/A";"N/A";"N/A";"N/A";"N/A";"N/A";"N/A";"";"";"";"";"";"";"";"";"";"";"";"";"";"";"N/A";"N/A";"N/A";"N/A";"N/A";"N/A";"";"N/A";"N/A";"N/A";"N/A";"N/A";"N/A";"N/A";"N/A";"N/A";"N/A";"N/A";"N/A";"N/A";"N/A";"N/A";"N/A";"N/A";"N/A";"N/A";"N/A";"";"";"N/A";"N/A";"N/A";"N/A";"N/A";"N/A";"N/A";"N/A";"N/A";"N/A";"N/A";"N/A";"N/A";"N/A";"N/A";"N/A";"N/A";"N/A";"N/A";"N/A";"N/A";"N/A";"N/A";"N/A";"N/A";"N/A";"N/A";"N/A";"N/A";"364.52";"364.52";"";"";"";"";"";"";"";"";"";"";"";"";"";"";"";"";"";"";"";"";"";"";"";"";"";"";"";"";"";"";"";"";"";"";"";"";"";"";"";"";""
"145";"";"";"fr";"1483829378";"2025-11-19 12:01:33";"2025-11-19 12:01:33";"";"N/A";"";"";"";"N/A";"N/A";"N/A";"N/A";"N/A";"";"";"N/A";"N/A";"N/A";"N/A";"";"";"N/A";"";"N/A";"N/A";"N/A";"N/A";"N/A";"N/A";"N/A";"";"";"";"";"";"";"";"";"";"";"";"";"";"";"N/A";"N/A";"N/A";"N/A";"N/A";"N/A";"";"N/A";"N/A";"N/A";"N/A";"N/A";"N/A";"N/A";"N/A";"N/A";"N/A";"N/A";"N/A";"N/A";"N/A";"N/A";"N/A";"N/A";"N/A";"N/A";"N/A";"";"";"N/A";"N/A";"N/A";"N/A";"N/A";"N/A";"N/A";"N/A";"N/A";"N/A";"N/A";"N/A";"N/A";"N/A";"N/A";"N/A";"N/A";"N/A";"N/A";"N/A";"N/A";"N/A";"N/A";"N/A";"N/A";"N/A";"N/A";"N/A";"N/A";"0";"";"";"";"";"";"";"";"";"";"";"";"";"";"";"";"";"";"";"";"";"";"";"";"";"";"";"";"";"";"";"";"";"";"";"";"";"";"";"";"";"";""
"146";"2025-11-19 19:12:24";"5";"fr";"1689206821";"2025-11-19 19:01:39";"2025-11-19 19:12:24";"38";"Masculin";"92";"≥ Bac + 3";"6";"Non";"Non";"Non";"Non";"Oui";"4";"1 an- 3ans- 7ans- 10ans";"Oui";"Non";"Non";"Non";"";"chutes ; brûlures; toxiques ; chutes d'objets ; écrasement dans porte.";"Non";"3";"Non";"Non";"Non";"Oui";"Non";"Non";"Non";"mes parents et grands parents ";"Thermique";"Liquide chaud";"Plus de 60%";"Accidentelles";"";"Les 5-14 ans";"Les 0-4 ans";"Autant chez les filles/femmes que les garçons/hommes";"La cuisine";"";"plats sortant du four, casserole sur le feu.";"Oui, et la brûlure est grave";"37°C";"Non";"Non";"Oui";"Oui";"Non";"Oui";"Le coude";"Oui";"Non";"Oui";"Non";"Oui";"Oui";"Oui";"Non";"Oui";"Oui";"Non";"Oui";"Oui";"Oui";"Non";"Oui";"Oui";"Oui";"Oui";"Non";"four partie froide, plus de produit toxique à la maison, limiteur de température en sortie de ballon. ";"3";"Non";"Non";"Oui";"Non";"Non";"Non";"Oui";"Non";"Non";"Oui";"Non";"Non";"Non";"Non";"Oui";"Non";"Non";"Oui";"Non";"Non";"Oui";"Non";"Non";"Oui";"Non";"Non";"Oui";"Oui";"Oui";"645.32";"126.71";"";"";"";"";"";"";"";"";"";"";"";"";"";"";"191.35";"";"";"";"";"";"";"";"";"";"";"";"";"";"";"";"";"147.72";"";"172.89";"";"";"";"";"";"6.65";""
"147";"";"2";"fr";"171335727";"2025-11-20 09:54:19";"2025-11-20 10:02:47";"32";"Féminin";"38";"≥ Bac + 3";"7";"Non";"Non";"Oui";"Non";"Non";"1";"2ans";"Non";"Oui";"Non";"Non";"";"Poêle à granulés 
Escaliers 
Chutes 
";"Non";"4";"Non";"Non";"Non";"Non";"Non";"Non";"Non";"Par moi-même sur internet ";"Thermique";"Liquide chaud";"Plus de 60%";"Accidentelles";"";"Les 0-4 ans";"Les 0-4 ans";"Autant chez les filles/femmes que les garçons/hommes";"La cuisine";"";"Poêle à granulés (vitre chaude)
Poêles casseroles ";"Oui, et la brûlure est grave";"37°C";"Oui";"Non";"Oui";"Oui";"Non";"Oui";"Le coude";"N/A";"N/A";"N/A";"N/A";"N/A";"N/A";"N/A";"N/A";"N/A";"N/A";"N/A";"N/A";"N/A";"N/A";"N/A";"N/A";"N/A";"N/A";"N/A";"N/A";"";"";"N/A";"N/A";"N/A";"N/A";"N/A";"N/A";"N/A";"N/A";"N/A";"N/A";"N/A";"N/A";"N/A";"N/A";"N/A";"N/A";"N/A";"N/A";"N/A";"N/A";"N/A";"N/A";"N/A";"N/A";"N/A";"N/A";"N/A";"N/A";"N/A";"507.62";"187.69";"";"";"";"";"";"";"";"";"";"";"";"";"";"";"319.93";"";"";"";"";"";"";"";"";"";"";"";"";"";"";"";"";"";"";"";"";"";"";"";"";"";""
"148";"2025-11-20 16:48:35";"5";"fr";"1331215741";"2025-11-20 16:39:59";"2025-11-20 16:48:35";"38";"Féminin";"92";"≥ Bac + 3";"6";"Oui";"Oui";"Non";"Non";"Oui";"2";"3 ans - 9 ans";"Oui";"Non";"Non";"Non";"";"Brûlure/ ingestion de médicaments/ produits d'hygiène ";"Non";"5";"Non";"Non";"Non";"Oui";"Oui";"Non";"Non";"Formation professionnelle ";"Thermique";"Liquide chaud";"Environ 40%";"Accidentelles";"";"Les 0-4 ans";"Les 0-4 ans";"Autant chez les filles/femmes que les garçons/hommes";"La cuisine";"";"Pour attraper les objets bouilloire , casserole.  ";"Oui, et la brûlure est grave";"33°C";"Non";"Non";"Oui";"Oui";"Non";"Oui";"La bouche";"Oui";"Non";"Non";"Non";"Oui";"Oui";"Oui";"Oui";"Oui";"Oui";"Oui";"Oui";"Oui";"Oui";"Oui";"Oui";"Oui";"Oui";"Oui";"Non";"";"4";"Non";"Oui";"Oui";"Non";"Oui";"Non";"Oui";"Oui";"Non";"Oui";"Non";"Non";"Oui";"Oui";"Oui";"Non";"Oui";"Oui";"Non";"Non";"Oui";"Non";"Oui";"Oui";"Non";"Non";"Oui";"Oui";"N/A";"517.78";"115.38";"";"";"";"";"";"";"";"";"";"";"";"";"";"";"162.33";"";"";"";"";"";"";"";"";"";"";"";"";"";"";"";"";"60.33";"";"173.81";"";"";"";"";"";"5.93";""
"149";"";"1";"fr";"53263419";"2025-11-20 17:04:35";"2025-11-20 17:07:22";"37";"Masculin";"29";"Baccalauréat - Bac +2";"5";"Non";"Non";"Non";"Non";"Non";"1";"3 ans";"Oui";"Non";"Non";"Non";"";"Brûlure, chocs, chutes, coupures";"N/A";"";"N/A";"N/A";"N/A";"N/A";"N/A";"N/A";"N/A";"";"";"";"";"";"";"";"";"";"";"";"";"";"";"N/A";"N/A";"N/A";"N/A";"N/A";"N/A";"";"N/A";"N/A";"N/A";"N/A";"N/A";"N/A";"N/A";"N/A";"N/A";"N/A";"N/A";"N/A";"N/A";"N/A";"N/A";"N/A";"N/A";"N/A";"N/A";"N/A";"";"";"N/A";"N/A";"N/A";"N/A";"N/A";"N/A";"N/A";"N/A";"N/A";"N/A";"N/A";"N/A";"N/A";"N/A";"N/A";"N/A";"N/A";"N/A";"N/A";"N/A";"N/A";"N/A";"N/A";"N/A";"N/A";"N/A";"N/A";"N/A";"N/A";"166.33";"166.33";"";"";"";"";"";"";"";"";"";"";"";"";"";"";"";"";"";"";"";"";"";"";"";"";"";"";"";"";"";"";"";"";"";"";"";"";"";"";"";"";""
"150";"2025-11-20 17:38:13";"5";"fr";"2038995156";"2025-11-20 17:25:49";"2025-11-20 17:38:13";"39";"Masculin";"78";"Baccalauréat - Bac +2";"5";"Non";"Non";"Non";"Non";"Non";"2";"10 mois - 6 ans";"Non";"Oui";"Non";"Non";"";"Brûlures, tomber, se pincer les doigts sur des portes.";"Non";"4";"Non";"Non";"Oui";"Non";"Non";"Non";"Non";"";"Thermique";"Liquide chaud";"Plus de 60%";"Accidentelles";"";"Les 0-4 ans";"Les 0-4 ans";"Chez les filles/femmes";"La cuisine";"";"La cuisinière, le four, des casseroles.";"Oui, et la brûlure est grave";"35°C";"Non";"Non";"Oui";"Oui";"Non";"Oui";"Le poignet (côté paume de la main)";"Oui";"Non";"Oui";"Non";"Oui";"Oui";"Oui";"Non";"Oui";"Non";"Non";"Oui";"Oui";"Oui";"Oui";"Oui";"Oui";"Oui";"Oui";"Non";"";"3";"Non";"Non";"Oui";"Non";"Non";"Non";"Oui";"Oui";"Oui";"Non";"Non";"Non";"Non";"Non";"Oui";"Non";"Non";"Non";"Non";"Non";"Oui";"Non";"Oui";"Non";"Non";"Non";"Non";"Oui";"Oui";"743.78";"277.78";"";"";"";"";"";"";"";"";"";"";"";"";"";"";"224.68";"";"";"";"";"";"";"";"";"";"";"";"";"";"";"";"";"70.86";"";"164.25";"";"";"";"";"";"6.21";""
"151";"2025-11-20 18:10:21";"5";"fr";"1078663110";"2025-11-20 17:41:39";"2025-11-20 18:10:21";"31";"Féminin";"92";"Inférieur au baccalauréat";"5";"Oui";"Non";"Oui";"Non";"Oui";"2";"5 ans - 2 ans ";"Oui";"Non";"Non";"Non";"";"Brûlures - chute : escalier, table à langer, lit.. - produits ménager- prises electriques- 
";"Non";"4";"Oui";"Non";"Non";"Oui";"Non";"Non";"Non";"";"Thermique";"Liquide chaud";"Environ 40%";"Accidentelles";"";"Les 0-4 ans";"Les 0-4 ans";"Autant chez les filles/femmes que les garçons/hommes";"La cuisine";"";"Cuisine : liquide et solide chaud lors d’une cuisson .. 
buanderie : fer à repasser, défroisseur, produit ménager 
Sdb : pas de surveillance eau trop chaude 
";"Oui, et la brûlure est grave";"37°C";"Oui";"Non";"Oui";"Oui";"Non";"Oui";"Le poignet (côté paume de la main)";"Oui";"Non";"Oui";"Non";"Oui";"Oui";"Oui";"Oui";"Oui";"Non";"Oui";"Oui";"Oui";"Oui";"Oui";"Oui";"Oui";"Oui";"Oui";"Non";"Les enfants ont accès à la cuisine avec des règles très bien respecté. Pareil pour l’utilisation du fer à repasser une zone à ne pas dépasser est fixée ";"3";"Non";"Non";"Oui";"Non";"Non";"Non";"Oui";"Oui";"Oui";"Non";"Non";"Non";"Non";"Non";"Oui";"Non";"Non";"Non";"Non";"Non";"Oui";"Non";"Oui";"Oui";"Non";"Non";"Oui";"Non";"Oui";"1723.44";"393.81";"";"";"";"";"";"";"";"";"";"";"";"";"";"";"553.12";"";"";"";"";"";"";"";"";"";"";"";"";"";"";"";"";"281.28";"";"463.53";"";"";"";"";"";"31.7";""
"152";"";"1";"fr";"592850231";"2025-11-21 08:30:47";"2025-11-21 08:31:52";"37";"Masculin";"38";"Baccalauréat - Bac +2";"5";"Oui";"Non";"Non";"Non";"Non";"1";"4";"Oui";"Non";"Non";"Non";"";"Chute";"N/A";"";"N/A";"N/A";"N/A";"N/A";"N/A";"N/A";"N/A";"";"";"";"";"";"";"";"";"";"";"";"";"";"";"N/A";"N/A";"N/A";"N/A";"N/A";"N/A";"";"N/A";"N/A";"N/A";"N/A";"N/A";"N/A";"N/A";"N/A";"N/A";"N/A";"N/A";"N/A";"N/A";"N/A";"N/A";"N/A";"N/A";"N/A";"N/A";"N/A";"";"";"N/A";"N/A";"N/A";"N/A";"N/A";"N/A";"N/A";"N/A";"N/A";"N/A";"N/A";"N/A";"N/A";"N/A";"N/A";"N/A";"N/A";"N/A";"N/A";"N/A";"N/A";"N/A";"N/A";"N/A";"N/A";"N/A";"N/A";"N/A";"N/A";"65.75";"65.75";"";"";"";"";"";"";"";"";"";"";"";"";"";"";"";"";"";"";"";"";"";"";"";"";"";"";"";"";"";"";"";"";"";"";"";"";"";"";"";"";""
"153";"";"3";"fr";"1113882709";"2025-11-21 10:00:52";"2025-11-21 10:07:02";"39";"Féminin";"92";"≥ Bac + 3";"7";"Non";"Non";"Oui";"Non";"Non";"4";"14 ans - 11 ans - 8 ans - 3 ans";"Non";"Oui";"Non";"Non";"";"Se brûler 
Se couper 
Tomber des escaliers 
Se faire mal avec un meuble
Se coincer les doigts ";"Non";"1";"Oui";"Non";"Oui";"Oui";"Oui";"Non";"Non";"";"Par rayonnement d'une grande source de chaleur";"Liquide chaud";"Environ 40%";"Accidentelles";"";"Les 0-4 ans";"Les 0-4 ans";"Autant chez les filles/femmes que les garçons/hommes";"La cuisine";"";"La casserole ou poele";"Oui, et la brûlure est grave";"33°C";"Non";"Non";"Non";"Oui";"Non";"Non";"La paume de la main";"Oui";"Oui";"Oui";"Non";"Oui";"Oui";"Oui";"Non";"Oui";"Oui";"Oui";"Oui";"Non";"Oui";"Oui";"Oui";"Oui";"Oui";"Oui";"Non";"";"";"N/A";"N/A";"N/A";"N/A";"N/A";"N/A";"N/A";"N/A";"N/A";"N/A";"N/A";"N/A";"N/A";"N/A";"N/A";"N/A";"N/A";"N/A";"N/A";"N/A";"N/A";"N/A";"N/A";"N/A";"N/A";"N/A";"N/A";"N/A";"N/A";"371.41";"153.16";"";"";"";"";"";"";"";"";"";"";"";"";"";"";"148.71";"";"";"";"";"";"";"";"";"";"";"";"";"";"";"";"";"69.54";"";"";"";"";"";"";"";"";""
"154";"";"";"fr";"2047351962";"2025-11-21 12:22:20";"2025-11-21 12:22:20";"";"N/A";"";"";"";"N/A";"N/A";"N/A";"N/A";"N/A";"";"";"N/A";"N/A";"N/A";"N/A";"";"";"N/A";"";"N/A";"N/A";"N/A";"N/A";"N/A";"N/A";"N/A";"";"";"";"";"";"";"";"";"";"";"";"";"";"";"N/A";"N/A";"N/A";"N/A";"N/A";"N/A";"";"N/A";"N/A";"N/A";"N/A";"N/A";"N/A";"N/A";"N/A";"N/A";"N/A";"N/A";"N/A";"N/A";"N/A";"N/A";"N/A";"N/A";"N/A";"N/A";"N/A";"";"";"N/A";"N/A";"N/A";"N/A";"N/A";"N/A";"N/A";"N/A";"N/A";"N/A";"N/A";"N/A";"N/A";"N/A";"N/A";"N/A";"N/A";"N/A";"N/A";"N/A";"N/A";"N/A";"N/A";"N/A";"N/A";"N/A";"N/A";"N/A";"N/A";"0";"";"";"";"";"";"";"";"";"";"";"";"";"";"";"";"";"";"";"";"";"";"";"";"";"";"";"";"";"";"";"";"";"";"";"";"";"";"";"";"";"";""
"155";"";"";"fr";"2129861496";"2025-11-21 14:08:57";"2025-11-21 14:08:57";"";"N/A";"";"";"";"N/A";"N/A";"N/A";"N/A";"N/A";"";"";"N/A";"N/A";"N/A";"N/A";"";"";"N/A";"";"N/A";"N/A";"N/A";"N/A";"N/A";"N/A";"N/A";"";"";"";"";"";"";"";"";"";"";"";"";"";"";"N/A";"N/A";"N/A";"N/A";"N/A";"N/A";"";"N/A";"N/A";"N/A";"N/A";"N/A";"N/A";"N/A";"N/A";"N/A";"N/A";"N/A";"N/A";"N/A";"N/A";"N/A";"N/A";"N/A";"N/A";"N/A";"N/A";"";"";"N/A";"N/A";"N/A";"N/A";"N/A";"N/A";"N/A";"N/A";"N/A";"N/A";"N/A";"N/A";"N/A";"N/A";"N/A";"N/A";"N/A";"N/A";"N/A";"N/A";"N/A";"N/A";"N/A";"N/A";"N/A";"N/A";"N/A";"N/A";"N/A";"0";"";"";"";"";"";"";"";"";"";"";"";"";"";"";"";"";"";"";"";"";"";"";"";"";"";"";"";"";"";"";"";"";"";"";"";"";"";"";"";"";"";""
"156";"2025-11-22 10:56:34";"5";"fr";"1309941754";"2025-11-22 10:45:15";"2025-11-22 10:56:34";"44";"Féminin";"78";"Baccalauréat - Bac +2";"2";"Oui";"Non";"Oui";"Non";"Oui";"3";"2-14-18";"Non";"Oui";"Non";"Non";"";"Brûlure 
Ingestion 
Étouffement 
Chutes ";"Non";"4";"Non";"Non";"Non";"Oui";"Non";"Non";"Non";"";"Thermique";"Liquide chaud";"Environ 40%";"Accidentelles";"";"Les 0-4 ans";"Les 0-4 ans";"Autant chez les filles/femmes que les garçons/hommes";"La cuisine";"";"Thé
Eau des pâtes 
Bain";"Oui, et la brûlure est grave";"37°C";"Non";"Non";"Oui";"Oui";"Non";"Oui";"Le poignet (côté paume de la main)";"Oui";"Non";"Oui";"Oui";"Oui";"Oui";"Oui";"Non";"Non";"Non";"Oui";"Oui";"Non";"Oui";"Oui";"Oui";"Oui";"Oui";"Oui";"Non";"J'allaite donc pas de bib";"3";"Non";"Oui";"Non";"Oui";"Non";"Non";"Oui";"Oui";"Non";"Oui";"Non";"Non";"Non";"Oui";"Oui";"Non";"Non";"Oui";"Non";"Non";"Oui";"Non";"Oui";"Oui";"Non";"Non";"Oui";"Oui";"Oui";"681.19";"143.59";"";"";"";"";"";"";"";"";"";"";"";"";"";"";"212.42";"";"";"";"";"";"";"";"";"";"";"";"";"";"";"";"";"102.65";"";"208.71";"";"";"";"";"";"13.82";""
"157";"2025-11-22 11:57:49";"5";"fr";"1410569280";"2025-11-22 11:44:35";"2025-11-22 11:57:49";"30";"Masculin";"78";"≥ Bac + 3";"7";"Non";"Non";"Non";"Non";"Non";"2";"2 ans - 2 mois";"Non";"Oui";"Non";"Non";"";"Chute, choc, écrasement, coupure, brûlure, pincement, ingestion de produits ménagers, électrocution, étouffement";"Non";"4";"Oui";"Non";"Oui";"Non";"Non";"Non";"Non";"";"Thermique";"Liquide chaud";"Plus de 60%";"Accidentelles";"";"Les 0-4 ans";"Les 0-4 ans";"Autant chez les filles/femmes que les garçons/hommes";"La cuisine";"";"Casserole sur le feu, accessible ";"Oui, et la brûlure est superficielle";"37°C";"Non";"Non";"Non";"Oui";"Non";"Non";"Le poignet (côté paume de la main)";"Oui";"Non";"Oui";"Non";"Oui";"Oui";"Oui";"Non";"Oui";"Non";"Non";"Oui";"Oui";"Oui";"Non";"Non";"Oui";"Oui";"Oui";"Non";"";"3";"Non";"Non";"Non";"Oui";"Oui";"Non";"Non";"Non";"Non";"Oui";"Non";"Non";"Oui";"Non";"Non";"Non";"Non";"Oui";"Non";"Non";"Oui";"Non";"Oui";"Oui";"Oui";"Non";"Oui";"Non";"Oui";"795.8";"252.84";"";"";"";"";"";"";"";"";"";"";"";"";"";"";"214.41";"";"";"";"";"";"";"";"";"";"";"";"";"";"";"";"";"88.63";"";"230.55";"";"";"";"";"";"9.37";""
"158";"2025-11-22 15:16:12";"5";"fr";"570610944";"2025-11-22 14:57:20";"2025-11-22 15:16:12";"31";"Masculin";"78";"Baccalauréat - Bac +2";"7";"Non";"Non";"Non";"Non";"Non";"1";"2 mois";"Non";"Oui";"Non";"Non";"";"Produit ménager 
Chute d’objets 
Blessure du à une chute 
Étouffement ";"Non";"2";"Oui";"Non";"Non";"Non";"Non";"Oui";"Non";"";"Par rayonnement d'une grande source de chaleur";"Liquide chaud";"Plus de 60%";"Liées à de la maltraitance";"";"Les 0-4 ans";"Les 0-4 ans";"Chez les garçons/hommes";"La cuisine";"";"Radiateur 
Eau de cuisson 
Four 
Fer a repasser 
";"Oui, et la brûlure est grave";"37°C";"Non";"Non";"Non";"Non";"Non";"Oui";"Le poignet (côté paume de la main)";"Oui";"Non";"Oui";"Non";"Oui";"Non";"Oui";"Oui";"Oui";"Oui";"Oui";"Oui";"Oui";"Oui";"Oui";"Oui";"Oui";"Oui";"Oui";"Non";"";"5";"Non";"Oui";"Oui";"Non";"Non";"Non";"Oui";"Oui";"Oui";"Non";"Non";"Non";"Non";"Non";"Oui";"Non";"Non";"Oui";"Non";"Non";"Oui";"Non";"Oui";"Oui";"Oui";"Non";"Oui";"Oui";"Oui";"1133.68";"278.6";"";"";"";"";"";"";"";"";"";"";"";"";"";"";"401.58";"";"";"";"";"";"";"";"";"";"";"";"";"";"";"";"";"116.71";"";"321.21";"";"";"";"";"";"15.58";""
"159";"";"";"fr";"1952104283";"2025-11-24 09:11:57";"2025-11-24 09:11:57";"";"N/A";"";"";"";"N/A";"N/A";"N/A";"N/A";"N/A";"";"";"N/A";"N/A";"N/A";"N/A";"";"";"N/A";"";"N/A";"N/A";"N/A";"N/A";"N/A";"N/A";"N/A";"";"";"";"";"";"";"";"";"";"";"";"";"";"";"N/A";"N/A";"N/A";"N/A";"N/A";"N/A";"";"N/A";"N/A";"N/A";"N/A";"N/A";"N/A";"N/A";"N/A";"N/A";"N/A";"N/A";"N/A";"N/A";"N/A";"N/A";"N/A";"N/A";"N/A";"N/A";"N/A";"";"";"N/A";"N/A";"N/A";"N/A";"N/A";"N/A";"N/A";"N/A";"N/A";"N/A";"N/A";"N/A";"N/A";"N/A";"N/A";"N/A";"N/A";"N/A";"N/A";"N/A";"N/A";"N/A";"N/A";"N/A";"N/A";"N/A";"N/A";"N/A";"N/A";"0";"";"";"";"";"";"";"";"";"";"";"";"";"";"";"";"";"";"";"";"";"";"";"";"";"";"";"";"";"";"";"";"";"";"";"";"";"";"";"";"";"";""
"160";"";"1";"fr";"1536018412";"2025-11-24 09:34:03";"2025-11-24 09:36:56";"39";"Masculin";"92";"≥ Bac + 3";"8";"Non";"Non";"Non";"Non";"Non";"1";"8mois";"Oui";"Oui";"Non";"Non";"";"- Chute escaliers
- Brulures
- Produits toxiques/Ménager
- Morsures animaux
- Chute d’objets (armoires/commodes)";"N/A";"";"N/A";"N/A";"N/A";"N/A";"N/A";"N/A";"N/A";"";"";"";"";"";"";"";"";"";"";"";"";"";"";"N/A";"N/A";"N/A";"N/A";"N/A";"N/A";"";"N/A";"N/A";"N/A";"N/A";"N/A";"N/A";"N/A";"N/A";"N/A";"N/A";"N/A";"N/A";"N/A";"N/A";"N/A";"N/A";"N/A";"N/A";"N/A";"N/A";"";"";"N/A";"N/A";"N/A";"N/A";"N/A";"N/A";"N/A";"N/A";"N/A";"N/A";"N/A";"N/A";"N/A";"N/A";"N/A";"N/A";"N/A";"N/A";"N/A";"N/A";"N/A";"N/A";"N/A";"N/A";"N/A";"N/A";"N/A";"N/A";"N/A";"172.79";"172.79";"";"";"";"";"";"";"";"";"";"";"";"";"";"";"";"";"";"";"";"";"";"";"";"";"";"";"";"";"";"";"";"";"";"";"";"";"";"";"";"";""
"161";"2025-11-24 10:09:54";"5";"fr";"1842635365";"2025-11-24 09:43:39";"2025-11-24 10:09:54";"31";"Féminin";"78";"≥ Bac + 3";"6";"Non";"Non";"Non";"Non";"Non";"1";"8 mois";"Non";"Oui";"Non";"Non";"";"Chute (escaliers, fenêtres, table de change), brûlure (cuisine, repas, radiateurs), bain, fausse route/ingestion de petits objets…";"Non";"4";"Non";"Non";"Non";"Oui";"Non";"Non";"Non";"";"Thermique";"Liquide chaud";"Plus de 60%";"Accidentelles";"";"Les 0-4 ans";"";"Autant chez les filles/femmes que les garçons/hommes";"La cuisine";"";"En essayant d’attraper un récipient contenant un liquide chaud (tasse, bouilloire…), biberon ou nourriture trop chauds, contact avec four/radiateur, eau du bain trop chaude, ouverture de l’eau chaude d’un robinet";"Oui, et la brûlure est grave";"37°C";"Non";"Non";"Oui";"Oui";"Non";"Oui";"Le poignet (côté paume de la main)";"Oui";"Non";"Oui";"Oui";"Non";"Non";"Oui";"Non";"Oui";"Non";"Oui";"Non";"Non";"Non";"Non";"Non";"Oui";"Oui";"Oui";"Non";"";"3";"Non";"Non";"Oui";"Non";"Oui";"Non";"Oui";"Oui";"Non";"Oui";"Non";"Non";"Non";"Non";"Oui";"Non";"Non";"Oui";"Non";"Non";"Oui";"Non";"Oui";"Oui";"Non";"Non";"Oui";"Oui";"Oui";"1576.7";"553.66";"";"";"";"";"";"";"";"";"";"";"";"";"";"";"317.21";"";"";"";"";"";"";"";"";"";"";"";"";"";"";"";"";"60.52";"";"638.45";"";"";"";"";"";"6.86";""
"162";"2025-11-24 10:55:11";"5";"fr";"475876651";"2025-11-24 10:45:34";"2025-11-24 10:55:11";"39";"Féminin";"92";"≥ Bac + 3";"5";"Non";"Non";"Oui";"Non";"Non";"4";"14 ans - 11 ans - 8 ans - 3 ans";"Non";"Oui";"Non";"Non";"";"Brûlures 
Chutes 
";"Non";"2";"Non";"Non";"Non";"Non";"Non";"Non";"Non";"Site dédié ";"Thermique";"Liquide chaud";"Environ 40%";"Accidentelles";"";"Les 0-4 ans";"Les 0-4 ans";"Autant chez les filles/femmes que les garçons/hommes";"La cuisine";"";"Casserole 
Poele";"Oui, et la brûlure est grave";"33°C";"Oui";"Non";"Non";"Oui";"Non";"Oui";"Le dos de la main";"Oui";"Oui";"Oui";"Oui";"Oui";"Oui";"Oui";"Non";"Oui";"Oui";"Oui";"Oui";"Non";"Oui";"Oui";"Oui";"Oui";"Oui";"Oui";"Non";"";"3";"Non";"Non";"Non";"Oui";"Non";"Non";"Oui";"Non";"Non";"Oui";"Non";"Non";"Non";"Non";"Oui";"Non";"Non";"Oui";"Non";"Non";"Oui";"Non";"Non";"Oui";"Oui";"Non";"Oui";"Oui";"Oui";"577.27";"230.55";"";"";"";"";"";"";"";"";"";"";"";"";"";"";"177.23";"";"";"";"";"";"";"";"";"";"";"";"";"";"";"";"";"53.04";"";"110.32";"";"";"";"";"";"6.13";""
"163";"2025-11-24 12:12:38";"5";"fr";"1513748385";"2025-11-24 11:59:47";"2025-11-24 12:12:38";"42";"Féminin";"92";"≥ Bac + 3";"6";"Non";"Non";"Non";"Oui";"Non";"2";"3 ans et 4 mois ";"Oui";"Non";"Non";"Non";"";"Coupure 
Brûlure 
Chute
Ingestion de produits toxiques 
Noyade 
Défenestration 
Morsure d'animaux domestiques 
Étouffement";"Non";"3";"Oui";"Non";"Non";"Non";"Non";"Non";"Non";"";"Thermique";"Liquide chaud";"Moins de 10%";"Accidentelles";"";"Les 0-4 ans";"Les 0-4 ans";"Chez les garçons/hommes";"La cuisine";"";"Bain trop chaud 
Casserole qui dépasse au-dessus de la plaque de cuisson 
En étant sur les genoux de quelqu'un à table avec de la soupe un café un thé 
Prise de produits toxiques ménagers par exemple 
Un fer à repasser 
Court-circuit électrique en tirant sur une prise 
Main sur le four ou sur un radiateur un poêle une cheminée 
Éclaboussure de l'huile chaude 
";"Oui, et la brûlure est grave";"37°C";"Non";"Non";"Oui";"Oui";"Non";"Oui";"Le poignet (côté paume de la main)";"Oui";"Non";"Oui";"Non";"Oui";"Non";"Oui";"Oui";"Oui";"Non";"Oui";"Oui";"Non";"Oui";"Oui";"Non";"Oui";"Oui";"Oui";"Non";"Je ne repasse pas je ne fume pas. Le four est en hauteur.";"2";"Non";"Oui";"Oui";"Non";"Non";"Non";"Oui";"Non";"Non";"Oui";"Non";"Non";"Non";"Non";"Oui";"Non";"Non";"Oui";"Non";"Non";"Oui";"Non";"Oui";"Non";"Non";"Non";"Oui";"Oui";"Oui";"772.45";"138.18";"";"";"";"";"";"";"";"";"";"";"";"";"";"";"296.85";"";"";"";"";"";"";"";"";"";"";"";"";"";"";"";"";"106.04";"";"222.71";"";"";"";"";"";"8.67";""
"164";"2025-11-24 12:34:32";"5";"fr";"1015627506";"2025-11-24 12:15:12";"2025-11-24 12:34:32";"37";"Féminin";"92";"≥ Bac + 3";"6";"Non";"Non";"Non";"Oui";"Non";"2";"4 ans - 1 an";"Oui";"Non";"Non";"Non";"";"Chutes
Brûlures 
";"Non";"4";"Oui";"Non";"Non";"Oui";"Non";"Non";"Non";"";"Thermique";"Liquide chaud";"Plus de 60%";"Accidentelles";"";"Les 0-4 ans";"Les 0-4 ans";"Chez les filles/femmes";"La cuisine";"";"Se renverser un contenant de liquide chaud: tasse thé café, bol de soupe, casserole, bouilloire.";"Oui, et la brûlure est grave";"37°C";"Non";"Non";"Oui";"Oui";"Non";"Oui";"Le poignet (côté paume de la main)";"Oui";"Oui";"Oui";"Non";"Oui";"Oui";"Oui";"Oui";"Oui";"Non";"Oui";"Oui";"Oui";"Oui";"Oui";"Oui";"Oui";"Oui";"Oui";"Non";"En revanche je ne sais pas comment les protéger des radiateurs ";"5";"Non";"Oui";"Oui";"Non";"Oui";"Non";"Oui";"Oui";"Oui";"Non";"Non";"Non";"Non";"Non";"Oui";"Non";"Non";"Non";"Non";"Oui";"Oui";"Non";"Oui";"Oui";"Non";"Non";"Oui";"Oui";"Oui";"1160.36";"151.45";"";"";"";"";"";"";"";"";"";"";"";"";"";"";"248.04";"";"";"";"";"";"";"";"";"";"";"";"";"";"";"";"";"158.96";"";"592.89";"";"";"";"";"";"9.02";""
"165";"";"3";"fr";"1494544772";"2025-11-24 12:25:17";"2025-11-24 12:33:26";"35";"Féminin";"59";"≥ Bac + 3";"5";"Oui";"Non";"Non";"Oui";"Oui";"2";"5 ans - 3 ans ";"Oui";"Non";"Non";"Non";"";"Étouffement, noyade, brûlures, chute dans les escaliers ";"Non";"2";"Oui";"Oui";"Oui";"Oui";"Non";"Non";"Non";"";"Thermique";"Liquide chaud";"Plus de 60%";"Accidentelles";"";"Les 5-14 ans";"Les 5-14 ans";"Autant chez les filles/femmes que les garçons/hommes";"La cuisine";"";"Eau bouillante des casseroles ou des tasses de thé ";"Oui, et la brûlure est grave";"37°C";"Non";"Non";"Oui";"Oui";"Non";"Oui";"Le poignet (côté paume de la main)";"Oui";"Non";"Oui";"Non";"Oui";"Oui";"Oui";"Non";"Oui";"Non";"Non";"Oui";"Oui";"Oui";"Non";"Oui";"Non";"Non";"Oui";"Non";"";"";"N/A";"N/A";"N/A";"N/A";"N/A";"N/A";"N/A";"N/A";"N/A";"N/A";"N/A";"N/A";"N/A";"N/A";"N/A";"N/A";"N/A";"N/A";"N/A";"N/A";"N/A";"N/A";"N/A";"N/A";"N/A";"N/A";"N/A";"N/A";"N/A";"487.61";"206.24";"";"";"";"";"";"";"";"";"";"";"";"";"";"";"199.34";"";"";"";"";"";"";"";"";"";"";"";"";"";"";"";"";"82.03";"";"";"";"";"";"";"";"";""
"166";"";"0";"fr";"1876421590";"2025-11-24 12:40:28";"2025-11-24 12:40:41";"";"N/A";"";"";"";"N/A";"N/A";"N/A";"N/A";"N/A";"";"";"Non";"Non";"Non";"Non";"";"";"N/A";"";"N/A";"N/A";"N/A";"N/A";"N/A";"N/A";"N/A";"";"";"";"";"";"";"";"";"";"";"";"";"";"";"N/A";"N/A";"N/A";"N/A";"N/A";"N/A";"";"N/A";"N/A";"N/A";"N/A";"N/A";"N/A";"N/A";"N/A";"N/A";"N/A";"N/A";"N/A";"N/A";"N/A";"N/A";"N/A";"N/A";"N/A";"N/A";"N/A";"";"";"N/A";"N/A";"N/A";"N/A";"N/A";"N/A";"N/A";"N/A";"N/A";"N/A";"N/A";"N/A";"N/A";"N/A";"N/A";"N/A";"N/A";"N/A";"N/A";"N/A";"N/A";"N/A";"N/A";"N/A";"N/A";"N/A";"N/A";"N/A";"N/A";"13.68";"13.68";"";"";"";"";"";"";"";"";"";"";"";"";"";"";"";"";"";"";"";"";"";"";"";"";"";"";"";"";"";"";"";"";"";"";"";"";"";"";"";"";""
"167";"2025-11-24 14:05:57";"5";"fr";"414718560";"2025-11-24 12:45:49";"2025-11-24 14:05:57";"35";"Féminin";"13";"≥ Bac + 3";"6";"Non";"Non";"Non";"Oui";"Non";"2";"3 ans - 3 ans";"Oui";"Non";"Non";"Non";"";"Produits chimiques, chute type escalier, brûlure ou coupure cuisine, risque électrique …";"Non";"4";"Non";"Non";"Non";"Oui";"Non";"Non";"Non";"Ma formation d’infirmière ";"Thermique";"Liquide chaud";"Plus de 60%";"Accidentelles";"";"Les 0-4 ans";"Les 0-4 ans";"Autant chez les filles/femmes que les garçons/hommes";"La cuisine";"";"Préparation des repas , produits d’entretien corrosifs";"Oui, et la brûlure est grave";"37°C";"Oui";"Oui";"Oui";"Oui";"Oui";"Oui";"Le poignet (côté paume de la main)";"Oui";"Non";"Oui";"Non";"Oui";"Oui";"Oui";"Non";"Oui";"Non";"Oui";"Oui";"Oui";"Oui";"Oui";"Oui";"Non";"Oui";"Oui";"Non";"Jamais seul dans une pièce sans surveillance ";"3";"Non";"Non";"Oui";"Non";"Oui";"Oui";"Oui";"Oui";"Non";"Oui";"Non";"Non";"Non";"Oui";"Oui";"Non";"Non";"Oui";"Non";"Oui";"Oui";"Non";"Oui";"Oui";"Oui";"Non";"Oui";"Oui";"Oui";"4808.36";"152.33";"";"";"";"";"";"";"";"";"";"";"";"";"";"";"419.86";"";"";"";"";"";"";"";"";"";"";"";"";"";"";"";"";"83.79";"";"4139.84";"";"";"";"";"";"12.54";""
"168";"";"3";"fr";"1252781851";"2025-11-24 12:47:18";"2025-11-24 12:54:31";"42";"Masculin";"64";"≥ Bac + 3";"6";"Non";"Non";"Oui";"Non";"Non";"2";"12 ans - 8 ans";"Oui";"Non";"Non";"Non";"";"Tout les appareils électriques.
Les produits ménager 
Les appareils de la cuisine 
Noyade salle de bain et piscine
";"Non";"0";"Non";"Non";"Oui";"Non";"Non";"Non";"Non";"";"Thermique";"Liquide chaud";"Plus de 60%";"Accidentelles";"";"Les 0-4 ans";"Les 0-4 ans";"Autant chez les filles/femmes que les garçons/hommes";"La cuisine";"";"En voulant attraper la casserole rempli d’eau chaude ";"Oui, et la brûlure est grave";"35°C";"Non";"Non";"Non";"Oui";"Non";"Non";"La bouche";"Oui";"Non";"Non";"Oui";"Oui";"Oui";"Non";"Non";"Oui";"Oui";"Non";"Oui";"Non";"Oui";"Non";"Oui";"Oui";"Oui";"Oui";"Non";"";"";"N/A";"N/A";"N/A";"N/A";"N/A";"N/A";"N/A";"N/A";"N/A";"N/A";"N/A";"N/A";"N/A";"N/A";"N/A";"N/A";"N/A";"N/A";"N/A";"N/A";"N/A";"N/A";"N/A";"N/A";"N/A";"N/A";"N/A";"N/A";"N/A";"433.98";"188.1";"";"";"";"";"";"";"";"";"";"";"";"";"";"";"177.37";"";"";"";"";"";"";"";"";"";"";"";"";"";"";"";"";"68.51";"";"";"";"";"";"";"";"";""
"169";"2025-11-24 17:18:47";"5";"fr";"331345947";"2025-11-24 16:59:43";"2025-11-24 17:18:47";"32";"Féminin";"73";"≥ Bac + 3";"9";"Oui";"Non";"Non";"Oui";"Oui";"1";"2 ans ";"Non";"Oui";"Non";"Non";"";"Chutes, brûlures, coupures, électrocution, morsures d'animaux";"Non";"5";"Non";"Non";"Non";"Oui";"Non";"Non";"Non";"";"Chimique";"Liquide chaud";"Plus de 60%";"Accidentelles";"";"Les 0-4 ans";"Les 0-4 ans";"Chez les garçons/hommes";"La cuisine";"";"Liquide : dans la cuisine, renverser les casseroles qui dépassent de la plaque, tasses de thé/café. 
chimique : bouteilles d'entretien ménager accessibles ";"Oui, et la brûlure est grave";"37°C";"Non";"Non";"Oui";"Oui";"Non";"Oui";"Le poignet (côté paume de la main)";"Oui";"Non";"Oui";"Non";"Oui";"Non";"Oui";"Non";"Oui";"Oui";"Non";"Oui";"Non";"Non";"Oui";"Oui";"Oui";"Oui";"Oui";"Non";"";"5";"Non";"Non";"Oui";"Non";"Oui";"Oui";"Oui";"Non";"Oui";"Non";"Non";"Non";"Oui";"Oui";"Oui";"Non";"Non";"Oui";"Non";"Non";"Oui";"Non";"Oui";"Oui";"Oui";"Non";"Oui";"Non";"Non";"1146.26";"320.38";"";"";"";"";"";"";"";"";"";"";"";"";"";"";"241.79";"";"";"";"";"";"";"";"";"";"";"";"";"";"";"";"";"165.06";"";"411.24";"";"";"";"";"";"7.79";""
"170";"";"";"fr";"1989087470";"2025-11-25 15:03:12";"2025-11-25 15:03:12";"";"N/A";"";"";"";"N/A";"N/A";"N/A";"N/A";"N/A";"";"";"N/A";"N/A";"N/A";"N/A";"";"";"N/A";"";"N/A";"N/A";"N/A";"N/A";"N/A";"N/A";"N/A";"";"";"";"";"";"";"";"";"";"";"";"";"";"";"N/A";"N/A";"N/A";"N/A";"N/A";"N/A";"";"N/A";"N/A";"N/A";"N/A";"N/A";"N/A";"N/A";"N/A";"N/A";"N/A";"N/A";"N/A";"N/A";"N/A";"N/A";"N/A";"N/A";"N/A";"N/A";"N/A";"";"";"N/A";"N/A";"N/A";"N/A";"N/A";"N/A";"N/A";"N/A";"N/A";"N/A";"N/A";"N/A";"N/A";"N/A";"N/A";"N/A";"N/A";"N/A";"N/A";"N/A";"N/A";"N/A";"N/A";"N/A";"N/A";"N/A";"N/A";"N/A";"N/A";"0";"";"";"";"";"";"";"";"";"";"";"";"";"";"";"";"";"";"";"";"";"";"";"";"";"";"";"";"";"";"";"";"";"";"";"";"";"";"";"";"";"";""
"171";"";"2";"fr";"1264200015";"2025-11-25 17:00:00";"2025-11-25 17:07:48";"30";"Féminin";"37";"≥ Bac + 3";"8";"Non";"Non";"Non";"Oui";"Non";"1";"1 an ";"Oui";"Non";"Non";"Non";"";"Prise électrique 
Produit toxique 
Chaise non sécurisé 
Lit non sécurisé 
Manque de surveillance ";"Non";"2";"Oui";"Non";"Non";"Non";"Non";"Non";"Non";"";"Electrique";"Liquide chaud";"Environ 40%";"Accidentelles";"";"Les 0-4 ans";"Les 5-14 ans";"Autant chez les filles/femmes que les garçons/hommes";"La cuisine";"";"Four 
Plaque 
Fer à repasser 
Radiateur 
Cheminée
Prises 
Bouilloire ";"Oui, et la brûlure est superficielle";"37°C";"Non";"Non";"Oui";"Oui";"Non";"Oui";"Le poignet (côté paume de la main)";"N/A";"N/A";"N/A";"N/A";"N/A";"N/A";"N/A";"N/A";"N/A";"N/A";"N/A";"N/A";"N/A";"N/A";"N/A";"N/A";"N/A";"N/A";"N/A";"N/A";"";"";"N/A";"N/A";"N/A";"N/A";"N/A";"N/A";"N/A";"N/A";"N/A";"N/A";"N/A";"N/A";"N/A";"N/A";"N/A";"N/A";"N/A";"N/A";"N/A";"N/A";"N/A";"N/A";"N/A";"N/A";"N/A";"N/A";"N/A";"N/A";"N/A";"467.58";"158.26";"";"";"";"";"";"";"";"";"";"";"";"";"";"";"309.32";"";"";"";"";"";"";"";"";"";"";"";"";"";"";"";"";"";"";"";"";"";"";"";"";"";""
"172";"2025-11-25 17:41:53";"5";"fr";"1358157560";"2025-11-25 17:26:13";"2025-11-25 17:41:53";"36";"Féminin";"92";"≥ Bac + 3";"7";"Non";"Non";"Oui";"Non";"Non";"2";"3 ans - 6 ans";"Non";"Oui";"Non";"Non";"";"Brûlures, électrisation, intoxication, chutes, coupures";"Non";"5";"Non";"Non";"Non";"Oui";"Non";"Non";"Non";"mon travail, ma propre sensibilisation enfant";"Thermique";"Solide chaud";"Plus de 60%";"Accidentelles";"";"Les 0-4 ans";"Les 0-4 ans";"Autant chez les filles/femmes que les garçons/hommes";"La cuisine";"";"Casserole en cuisine, eau du bain, produits ménagers, cheminée/ poele";"Oui, et la brûlure est superficielle";"37°C";"Non";"Non";"Oui";"Oui";"Non";"Oui";"Le dos de la main";"Oui";"Non";"Oui";"Non";"Oui";"Non";"Non";"Non";"Non";"Non";"Non";"Oui";"Non";"Oui";"Non";"Non";"Oui";"Oui";"Oui";"Non";"j'explique les interdits et les conséquences à mon enfant ";"4";"Non";"Oui";"Oui";"Non";"Non";"Non";"Oui";"Oui";"Non";"Oui";"Non";"Non";"Oui";"Non";"Non";"Non";"Non";"Non";"Non";"Non";"Oui";"Non";"Oui";"Oui";"Non";"Non";"Oui";"Non";"Oui";"942.01";"243.29";"";"";"";"";"";"";"";"";"";"";"";"";"";"";"284.35";"";"";"";"";"";"";"";"";"";"";"";"";"";"";"";"";"130.39";"";"273.52";"";"";"";"";"";"10.46";""
"173";"2025-11-26 00:12:00";"5";"fr";"1876889103";"2025-11-26 00:03:50";"2025-11-26 00:12:00";"36";"Féminin";"92";"≥ Bac + 3";"6";"Non";"Non";"Non";"Oui";"Non";"2";"2 ans - 5 ans";"Non";"Oui";"Non";"Non";"";"Ingestion liquides non comestibles
Prises électriques 
Brûlure 
Chute
Renversement d’objets lourds
Fenêtres ouvertes ";"Non";"0";"Non";"Non";"Non";"Oui";"Non";"Non";"Non";"";"Par rayonnement d'une grande source de chaleur";"Liquide chaud";"Plus de 60%";"Accidentelles";"";"Les 0-4 ans";"Les 0-4 ans";"Autant chez les filles/femmes que les garçons/hommes";"La cuisine";"";"Casserole
Poele ";"";"37°C";"Non";"Non";"Non";"Oui";"Non";"Non";"Le poignet (côté paume de la main)";"Oui";"Non";"Oui";"Oui";"Oui";"Oui";"Oui";"Oui";"Oui";"Oui";"Non";"Non";"Non";"Oui";"Non";"Oui";"Oui";"Oui";"Oui";"Non";"";"2";"Non";"Oui";"Oui";"Non";"Non";"Non";"Non";"Oui";"Oui";"Non";"Non";"Non";"Non";"Non";"Non";"Non";"Non";"Non";"Non";"Non";"Oui";"Non";"Oui";"Oui";"Non";"Non";"Oui";"Non";"Oui";"489.72";"134.25";"";"";"";"";"";"";"";"";"";"";"";"";"";"";"136.15";"";"";"";"";"";"";"";"";"";"";"";"";"";"";"";"";"69.87";"";"144.84";"";"";"";"";"";"4.61";""
"174";"2025-11-26 15:35:24";"5";"fr";"1658617110";"2025-11-26 15:01:08";"2025-11-26 15:35:24";"37";"Féminin";"78";"≥ Bac + 3";"7";"Non";"Non";"Oui";"Non";"Non";"2";"1 an et 4 ans";"Oui";"Non";"Non";"Non";"";"Traumatismes
Brûlures 
Intoxication";"Non";"4";"Oui";"Non";"Non";"Oui";"Non";"Non";"Non";"";"Thermique";"Liquide chaud";"Plus de 60%";"Accidentelles";"";"Les 0-4 ans";"Les 5-14 ans";"Chez les filles/femmes";"La cuisine";"";"Eau chaude";"Oui, et la brûlure est grave";"37°C";"Non";"Non";"Non";"Oui";"Non";"Non";"Le poignet (côté paume de la main)";"Oui";"Non";"Oui";"Non";"Oui";"Oui";"Oui";"Non";"Oui";"Non";"Oui";"Oui";"Oui";"Oui";"Oui";"Oui";"Oui";"Oui";"Oui";"Non";"";"5";"Non";"Oui";"Oui";"Non";"Oui";"Non";"Oui";"Oui";"Non";"Oui";"Non";"Non";"Non";"Oui";"Oui";"Non";"Non";"Oui";"Non";"Oui";"Oui";"Non";"Oui";"Oui";"Oui";"Non";"Oui";"Oui";"N/A";"2056.81";"108.8";"";"";"";"";"";"";"";"";"";"";"";"";"";"";"165.74";"";"";"";"";"";"";"";"";"";"";"";"";"";"";"";"";"454.29";"";"1315.58";"";"";"";"";"";"12.4";""
"175";"";"1";"fr";"870533072";"2025-11-27 13:45:44";"2025-11-27 13:47:36";"28";"Féminin";"91";"≥ Bac + 3";"8";"Non";"Non";"Non";"Non";"Non";"2";"2 ans - 4 mois";"Non";"Oui";"Non";"Non";"";"Brulures, chutes, morsures";"N/A";"";"N/A";"N/A";"N/A";"N/A";"N/A";"N/A";"N/A";"";"";"";"";"";"";"";"";"";"";"";"";"";"";"N/A";"N/A";"N/A";"N/A";"N/A";"N/A";"";"N/A";"N/A";"N/A";"N/A";"N/A";"N/A";"N/A";"N/A";"N/A";"N/A";"N/A";"N/A";"N/A";"N/A";"N/A";"N/A";"N/A";"N/A";"N/A";"N/A";"";"";"N/A";"N/A";"N/A";"N/A";"N/A";"N/A";"N/A";"N/A";"N/A";"N/A";"N/A";"N/A";"N/A";"N/A";"N/A";"N/A";"N/A";"N/A";"N/A";"N/A";"N/A";"N/A";"N/A";"N/A";"N/A";"N/A";"N/A";"N/A";"N/A";"111.37";"111.37";"";"";"";"";"";"";"";"";"";"";"";"";"";"";"";"";"";"";"";"";"";"";"";"";"";"";"";"";"";"";"";"";"";"";"";"";"";"";"";"";""
"176";"2025-11-27 15:42:55";"5";"fr";"1996100125";"2025-11-27 15:35:12";"2025-11-27 15:42:55";"28";"Féminin";"91";"≥ Bac + 3";"8";"Non";"Non";"Non";"Non";"Non";"2";"2 ans - 4 mois";"Non";"Oui";"Non";"Non";"";"Brulures, chutes, morsures";"Oui";"3";"Non";"Non";"Oui";"Oui";"Non";"Non";"Non";"";"Thermique";"Liquide chaud";"Plus de 60%";"Accidentelles";"";"Les 0-4 ans";"Les 0-4 ans";"Autant chez les filles/femmes que les garçons/hommes";"La cuisine";"";"Bougies, poêles, boissons chaudes";"Oui, et la brûlure est superficielle";"37°C";"Non";"Non";"Oui";"Oui";"Non";"Oui";"Le poignet (côté paume de la main)";"Oui";"Non";"Non";"Non";"Oui";"Non";"Non";"Non";"Oui";"Non";"Non";"Non";"Non";"Oui";"Oui";"Oui";"Non";"Oui";"Oui";"Non";"";"5";"Non";"Oui";"Non";"Oui";"Non";"Non";"Oui";"Non";"Non";"Oui";"Non";"Non";"Oui";"Oui";"Oui";"Non";"Non";"Non";"Non";"Non";"Oui";"Non";"Oui";"Oui";"Oui";"Non";"Oui";"Non";"Oui";"464.44";"109.78";"";"";"";"";"";"";"";"";"";"";"";"";"";"";"139.3";"";"";"";"";"";"";"";"";"";"";"";"";"";"";"";"";"46.67";"";"159.97";"";"";"";"";"";"8.72";""
"177";"2025-11-27 19:46:34";"5";"fr";"200452973";"2025-11-27 19:31:16";"2025-11-27 19:46:34";"42";"Féminin";"92";"Baccalauréat - Bac +2";"8";"Non";"Oui";"Non";"Non";"Non";"1";"3 ans";"Oui";"Oui";"Non";"Non";"";"Four, cuisinière,bain,prise electrique, radiateur, fer repasser, fer lisser, couteaux, eau chaude";"Non";"2";"Oui";"Non";"Non";"Non";"Non";"Non";"Non";"";"Thermique";"Liquide chaud";"Plus de 60%";"Accidentelles";"";"Les 0-4 ans";"Les 0-4 ans";"Autant chez les filles/femmes que les garçons/hommes";"La salle de bain";"";"Biberon, bain, four, cuisinière, aliments";"Oui, et la brûlure est grave";"35°C";"Oui";"Non";"Oui";"Oui";"Non";"Oui";"Le poignet (côté paume de la main)";"Oui";"Non";"Oui";"Non";"Oui";"Non";"Oui";"Oui";"Oui";"Non";"Non";"Non";"Oui";"Oui";"Oui";"Oui";"Oui";"Oui";"Oui";"Non";"";"2";"Non";"Oui";"Non";"Oui";"Oui";"Non";"Non";"Non";"Non";"Oui";"Non";"Non";"Oui";"Oui";"Non";"Non";"Non";"Non";"Non";"Non";"Oui";"Non";"Oui";"Oui";"Oui";"Non";"Oui";"Non";"N/A";"918.59";"251.14";"";"";"";"";"";"";"";"";"";"";"";"";"";"";"303.55";"";"";"";"";"";"";"";"";"";"";"";"";"";"";"";"";"88.43";"";"266.71";"";"";"";"";"";"8.76";""
"178";"";"2";"fr";"2128285856";"2025-11-28 09:03:30";"2025-11-28 09:06:36";"38";"Féminin";"37";"≥ Bac + 3";"8";"Non";"Oui";"Non";"Non";"Non";"1";"15 mois";"Oui";"Non";"Non";"Non";"";"Chute";"Oui";"3";"Non";"Non";"Non";"Non";"Non";"Non";"Non";"Livres, articles, applications";"Thermique";"Liquide chaud";"Plus de 60%";"Accidentelles";"";"Les 0-4 ans";"Les 0-4 ans";"Autant chez les filles/femmes que les garçons/hommes";"La cuisine";"";"Pas accident ";"Oui, et la brûlure est superficielle";"37°C";"Non";"Non";"Oui";"Oui";"Non";"Oui";"Le coude";"N/A";"N/A";"N/A";"N/A";"N/A";"N/A";"N/A";"N/A";"N/A";"N/A";"N/A";"N/A";"N/A";"N/A";"N/A";"N/A";"N/A";"N/A";"N/A";"N/A";"";"";"N/A";"N/A";"N/A";"N/A";"N/A";"N/A";"N/A";"N/A";"N/A";"N/A";"N/A";"N/A";"N/A";"N/A";"N/A";"N/A";"N/A";"N/A";"N/A";"N/A";"N/A";"N/A";"N/A";"N/A";"N/A";"N/A";"N/A";"N/A";"N/A";"186.95";"71.95";"";"";"";"";"";"";"";"";"";"";"";"";"";"";"115";"";"";"";"";"";"";"";"";"";"";"";"";"";"";"";"";"";"";"";"";"";"";"";"";"";""
"179";"2025-11-28 11:38:09";"5";"fr";"1926889341";"2025-11-28 11:03:54";"2025-11-28 11:38:09";"42";"Masculin";"37";"≥ Bac + 3";"8";"Non";"Non";"Non";"Oui";"Non";"2";"1 an - 5 ans";"Non";"Oui";"Non";"Non";"";"Brûlure Chute Électrocution ";"Oui";"4";"Non";"Non";"Non";"Oui";"Non";"Non";"Non";"Formation professionnelle ";"Thermique";"Liquide chaud";"Plus de 60%";"Accidentelles";"";"Les 0-4 ans";"Les 0-4 ans";"Chez les garçons/hommes";"La cuisine";"";"Renversement accidentel du contenant (bol de thé, café, bouilloire, casserole, etc) par l'enfant ou un tiers";"Oui, et la brûlure est grave";"35°C";"Non";"Non";"Non";"Oui";"Non";"Non";"Le dos de la main";"Oui";"Non";"Oui";"Non";"Oui";"Oui";"Oui";"Non";"Oui";"Non";"Oui";"Non";"Non";"Oui";"Non";"Oui";"Oui";"Oui";"Oui";"Non";"";"4";"Non";"Non";"Oui";"Non";"Non";"Non";"Oui";"Oui";"Oui";"Non";"Non";"Non";"Non";"Non";"Oui";"Non";"Non";"Oui";"Oui";"Oui";"Oui";"Non";"Oui";"Oui";"Oui";"Non";"Oui";"Oui";"Oui";"2054.2";"286.61";"";"";"";"";"";"";"";"";"";"";"";"";"";"";"302.52";"";"";"";"";"";"";"";"";"";"";"";"";"";"";"";"";"1023.16";"";"433.42";"";"";"";"";"";"8.49";""
"180";"2025-11-29 20:05:25";"5";"fr";"2128945976";"2025-11-29 19:47:50";"2025-11-29 20:05:25";"33";"Féminin";"37";"Baccalauréat - Bac +2";"3";"Oui";"Non";"Oui";"Oui";"Non";"1";"2.5 ans";"Non";"Oui";"Non";"Oui";"Sos médecin ";"Chute escalier, brûlure gaziniere, eau chaude";"Non";"4";"Oui";"Non";"Non";"Oui";"Non";"Non";"Non";"";"Par frottement";"Liquide chaud";"Moins de 10%";"Accidentelles";"";"Les 0-4 ans";"Les 0-4 ans";"Chez les garçons/hommes";"La cuisine";"";"Gaziniere, eau chaude";"Oui, et la brûlure est grave";"37°C";"Oui";"Non";"Oui";"Oui";"Non";"Oui";"Le dos de la main";"Oui";"Non";"Oui";"Non";"Oui";"Non";"Oui";"Non";"Oui";"Non";"Non";"Non";"Non";"Non";"Non";"Non";"Non";"Oui";"Oui";"Non";"";"4";"Non";"Non";"Non";"Oui";"Non";"Non";"Oui";"Oui";"Non";"Oui";"Non";"Non";"Non";"Non";"Oui";"Non";"Non";"Oui";"Non";"Non";"Oui";"Non";"Oui";"Oui";"Non";"Non";"Oui";"Oui";"Oui";"1045.73";"163.64";"";"";"";"";"";"";"";"";"";"";"";"";"";"";"205.49";"";"";"";"";"";"";"";"";"";"";"";"";"";"";"";"";"87.95";"";"578.92";"";"";"";"";"";"9.73";""
"181";"";"";"fr";"130655737";"2025-11-30 15:34:33";"2025-11-30 15:34:33";"";"N/A";"";"";"";"N/A";"N/A";"N/A";"N/A";"N/A";"";"";"N/A";"N/A";"N/A";"N/A";"";"";"N/A";"";"N/A";"N/A";"N/A";"N/A";"N/A";"N/A";"N/A";"";"";"";"";"";"";"";"";"";"";"";"";"";"";"N/A";"N/A";"N/A";"N/A";"N/A";"N/A";"";"N/A";"N/A";"N/A";"N/A";"N/A";"N/A";"N/A";"N/A";"N/A";"N/A";"N/A";"N/A";"N/A";"N/A";"N/A";"N/A";"N/A";"N/A";"N/A";"N/A";"";"";"N/A";"N/A";"N/A";"N/A";"N/A";"N/A";"N/A";"N/A";"N/A";"N/A";"N/A";"N/A";"N/A";"N/A";"N/A";"N/A";"N/A";"N/A";"N/A";"N/A";"N/A";"N/A";"N/A";"N/A";"N/A";"N/A";"N/A";"N/A";"N/A";"0";"";"";"";"";"";"";"";"";"";"";"";"";"";"";"";"";"";"";"";"";"";"";"";"";"";"";"";"";"";"";"";"";"";"";"";"";"";"";"";"";"";""
"182";"";"";"fr";"1819445178";"2025-11-30 21:08:47";"2025-11-30 21:08:47";"";"N/A";"";"";"";"N/A";"N/A";"N/A";"N/A";"N/A";"";"";"N/A";"N/A";"N/A";"N/A";"";"";"N/A";"";"N/A";"N/A";"N/A";"N/A";"N/A";"N/A";"N/A";"";"";"";"";"";"";"";"";"";"";"";"";"";"";"N/A";"N/A";"N/A";"N/A";"N/A";"N/A";"";"N/A";"N/A";"N/A";"N/A";"N/A";"N/A";"N/A";"N/A";"N/A";"N/A";"N/A";"N/A";"N/A";"N/A";"N/A";"N/A";"N/A";"N/A";"N/A";"N/A";"";"";"N/A";"N/A";"N/A";"N/A";"N/A";"N/A";"N/A";"N/A";"N/A";"N/A";"N/A";"N/A";"N/A";"N/A";"N/A";"N/A";"N/A";"N/A";"N/A";"N/A";"N/A";"N/A";"N/A";"N/A";"N/A";"N/A";"N/A";"N/A";"N/A";"0";"";"";"";"";"";"";"";"";"";"";"";"";"";"";"";"";"";"";"";"";"";"";"";"";"";"";"";"";"";"";"";"";"";"";"";"";"";"";"";"";"";""
"183";"";"";"fr";"1357372118";"2025-12-01 11:12:38";"2025-12-01 11:12:38";"";"N/A";"";"";"";"N/A";"N/A";"N/A";"N/A";"N/A";"";"";"N/A";"N/A";"N/A";"N/A";"";"";"N/A";"";"N/A";"N/A";"N/A";"N/A";"N/A";"N/A";"N/A";"";"";"";"";"";"";"";"";"";"";"";"";"";"";"N/A";"N/A";"N/A";"N/A";"N/A";"N/A";"";"N/A";"N/A";"N/A";"N/A";"N/A";"N/A";"N/A";"N/A";"N/A";"N/A";"N/A";"N/A";"N/A";"N/A";"N/A";"N/A";"N/A";"N/A";"N/A";"N/A";"";"";"N/A";"N/A";"N/A";"N/A";"N/A";"N/A";"N/A";"N/A";"N/A";"N/A";"N/A";"N/A";"N/A";"N/A";"N/A";"N/A";"N/A";"N/A";"N/A";"N/A";"N/A";"N/A";"N/A";"N/A";"N/A";"N/A";"N/A";"N/A";"N/A";"0";"";"";"";"";"";"";"";"";"";"";"";"";"";"";"";"";"";"";"";"";"";"";"";"";"";"";"";"";"";"";"";"";"";"";"";"";"";"";"";"";"";""
"184";"2025-12-01 12:03:08";"5";"fr";"509205229";"2025-12-01 11:54:34";"2025-12-01 12:03:08";"33";"Féminin";"78";"≥ Bac + 3";"6";"Non";"Non";"Non";"Non";"Non";"2";"2";"Non";"Oui";"Non";"Non";"";"Prises électriques, meubles qui tombent, cuisine : électroménager et objets contondant, brûlures, étouffement, etc...";"Non";"4";"Non";"Non";"Non";"Non";"Non";"Non";"Non";"Internet. Affichage ";"Thermique";"Liquide chaud";"Environ 40%";"Accidentelles";"";"Les 5-14 ans";"Les 0-4 ans";"Autant chez les filles/femmes que les garçons/hommes";"La cuisine";"";"Prises électriques, casseroles, tasses, robinets,  appareils comme raclette, barbecue, fondue...";"Oui, et la brûlure est grave";"37°C";"Oui";"Non";"Oui";"Oui";"Non";"Oui";"Le poignet (côté paume de la main)";"Oui";"Oui";"Oui";"Oui";"Oui";"Oui";"Oui";"Oui";"Oui";"Oui";"Oui";"Oui";"Oui";"Oui";"Oui";"Oui";"Oui";"Oui";"Oui";"Non";"";"2";"Non";"Oui";"Non";"Oui";"Non";"Non";"Oui";"Oui";"Non";"Non";"Non";"Non";"Non";"Oui";"Oui";"Non";"Non";"Non";"Non";"Non";"Oui";"Non";"Oui";"Oui";"Oui";"Non";"Non";"Non";"Oui";"513.34";"138.73";"";"";"";"";"";"";"";"";"";"";"";"";"";"";"195.24";"";"";"";"";"";"";"";"";"";"";"";"";"";"";"";"";"50.19";"";"122.99";"";"";"";"";"";"6.19";""
"185";"2025-12-01 14:05:14";"5";"fr";"1402066906";"2025-12-01 13:13:31";"2025-12-01 14:05:14";"36";"Féminin";"74";"≥ Bac + 3";"6";"Non";"Non";"Non";"Non";"Non";"2";"4 ans - 2 ans";"Oui";"Non";"Non";"Non";"";"Brûlures 
Chutes/choc
Électrocution
";"Non";"3";"Oui";"Non";"Oui";"Oui";"Non";"Non";"Non";"";"Thermique";"Liquide chaud";"Plus de 60%";"Accidentelles";"";"Les 0-4 ans";"Les 0-4 ans";"Autant chez les filles/femmes que les garçons/hommes";"La cuisine";"";"Casserole d'eau sur la plaque de cuisson 
Café/thé renversé 
Poële/cheminée ";"Oui, et la brûlure est superficielle";"37°C";"Non";"Non";"Non";"Oui";"Non";"Oui";"Le poignet (côté paume de la main)";"Oui";"Non";"Oui";"Non";"Oui";"Oui";"Oui";"Non";"Oui";"Non";"Non";"Non";"Non";"Non";"Oui";"Oui";"Non";"Oui";"Oui";"Non";"";"3";"Non";"Non";"Oui";"Non";"Non";"Non";"Oui";"Oui";"Non";"Oui";"Non";"Non";"Non";"Non";"Oui";"Non";"Non";"Oui";"Non";"Oui";"Oui";"Non";"Oui";"Oui";"Oui";"Non";"Oui";"Oui";"Oui";"3105";"583.27";"";"";"";"";"";"";"";"";"";"";"";"";"";"";"2268.06";"";"";"";"";"";"";"";"";"";"";"";"";"";"";"";"";"64.42";"";"180.53";"";"";"";"";"";"8.72";""
"186";"";"";"fr";"1401976476";"2025-12-02 14:41:01";"2025-12-02 14:41:01";"";"N/A";"";"";"";"N/A";"N/A";"N/A";"N/A";"N/A";"";"";"N/A";"N/A";"N/A";"N/A";"";"";"N/A";"";"N/A";"N/A";"N/A";"N/A";"N/A";"N/A";"N/A";"";"";"";"";"";"";"";"";"";"";"";"";"";"";"N/A";"N/A";"N/A";"N/A";"N/A";"N/A";"";"N/A";"N/A";"N/A";"N/A";"N/A";"N/A";"N/A";"N/A";"N/A";"N/A";"N/A";"N/A";"N/A";"N/A";"N/A";"N/A";"N/A";"N/A";"N/A";"N/A";"";"";"N/A";"N/A";"N/A";"N/A";"N/A";"N/A";"N/A";"N/A";"N/A";"N/A";"N/A";"N/A";"N/A";"N/A";"N/A";"N/A";"N/A";"N/A";"N/A";"N/A";"N/A";"N/A";"N/A";"N/A";"N/A";"N/A";"N/A";"N/A";"N/A";"0";"";"";"";"";"";"";"";"";"";"";"";"";"";"";"";"";"";"";"";"";"";"";"";"";"";"";"";"";"";"";"";"";"";"";"";"";"";"";"";"";"";""
"187";"2025-12-04 10:26:01";"5";"fr";"2036280471";"2025-12-04 10:14:42";"2025-12-04 10:26:01";"30";"Masculin";"38";"≥ Bac + 3";"5";"Non";"Non";"Non";"Non";"Non";"3";"1 an - 1 an - 2 ans";"Non";"Oui";"Non";"Non";"";"Chute de l'enfant, chute de mobiliers sur l'enfant (chaise, jouet, ...), escaliers, four et casseroles d'eau chaude, prises électriques, frères et sœurs, ...";"Non";"4";"Non";"Non";"Non";"Oui";"Non";"Non";"Non";"Notre éducation familiale ";"Thermique";"Liquide chaud";"Environ 40%";"Accidentelles";"";"Les 5-14 ans";"Les 0-4 ans";"Autant chez les filles/femmes que les garçons/hommes";"La cuisine";"";"S'ils accèdent aux casseroles sur le feu, à une tasse ou ustensiles chaud sur une table, ...";"Oui, et la brûlure est superficielle";"37°C";"Non";"Non";"Non";"Oui";"Non";"Oui";"Le poignet (côté paume de la main)";"Oui";"Non";"Non";"Non";"Oui";"Non";"Oui";"Oui";"Oui";"Oui";"Non";"Oui";"Oui";"Oui";"Oui";"Oui";"Non";"Non";"Oui";"Non";"";"4";"Non";"Oui";"Oui";"Non";"Non";"Non";"Non";"Non";"Oui";"Non";"Non";"Non";"Oui";"Non";"Non";"Non";"Non";"Oui";"Oui";"Oui";"Oui";"Non";"Oui";"Oui";"Non";"Non";"Oui";"Oui";"Non";"679.8";"201.81";"";"";"";"";"";"";"";"";"";"";"";"";"";"";"243.89";"";"";"";"";"";"";"";"";"";"";"";"";"";"";"";"";"48.95";"";"178.45";"";"";"";"";"";"6.7";""
"188";"2025-12-04 14:43:39";"5";"fr";"117972692";"2025-12-04 14:33:24";"2025-12-04 14:43:39";"37";"Féminin";"38";"≥ Bac + 3";"8";"Non";"Non";"Non";"Non";"Non";"1";"20 mois";"Oui";"Non";"Non";"Non";"";"Brûlure, chute, choc, empoisonnement, coupure ";"Non";"3";"Oui";"Non";"Non";"Oui";"Non";"Non";"Non";"";"Thermique";"Liquide chaud";"Plus de 60%";"Accidentelles";"";"Les 5-14 ans";"Les 0-4 ans";"Autant chez les filles/femmes que les garçons/hommes";"La cuisine";"";"Poêle / cheminée ; casseroles poêles ; four ";"Oui, et la brûlure est grave";"37°C";"Oui";"Non";"Non";"Oui";"Non";"Oui";"Le poignet (côté paume de la main)";"Oui";"Non";"Oui";"Non";"Oui";"Oui";"Oui";"Oui";"Oui";"Oui";"Oui";"Oui";"Non";"Oui";"Oui";"Oui";"Oui";"Oui";"Oui";"Non";"";"4";"Non";"Non";"Non";"Oui";"Oui";"Oui";"Non";"Oui";"Non";"Oui";"Non";"Non";"Non";"Oui";"Oui";"Non";"Non";"Oui";"Non";"Non";"Oui";"Non";"Oui";"Oui";"Oui";"Non";"Oui";"Oui";"Oui";"614.49";"143.81";"";"";"";"";"";"";"";"";"";"";"";"";"";"";"216.13";"";"";"";"";"";"";"";"";"";"";"";"";"";"";"";"";"65.86";"";"180.24";"";"";"";"";"";"8.45";""
"189";"";"1";"fr";"1733017721";"2025-12-05 19:45:59";"2025-12-05 19:48:21";"42";"Féminin";"92";"≥ Bac + 3";"7";"Non";"Non";"Non";"Non";"Non";"4";"18 mois - 4 ans - 9 ans - 13 ans ";"Non";"Oui";"Non";"Non";"";"Chute dans les escaliers, cuisine (casserole, couverts…), brûlures, coupures (ciseaux…)";"N/A";"";"N/A";"N/A";"N/A";"N/A";"N/A";"N/A";"N/A";"";"";"";"";"";"";"";"";"";"";"";"";"";"";"N/A";"N/A";"N/A";"N/A";"N/A";"N/A";"";"N/A";"N/A";"N/A";"N/A";"N/A";"N/A";"N/A";"N/A";"N/A";"N/A";"N/A";"N/A";"N/A";"N/A";"N/A";"N/A";"N/A";"N/A";"N/A";"N/A";"";"";"N/A";"N/A";"N/A";"N/A";"N/A";"N/A";"N/A";"N/A";"N/A";"N/A";"N/A";"N/A";"N/A";"N/A";"N/A";"N/A";"N/A";"N/A";"N/A";"N/A";"N/A";"N/A";"N/A";"N/A";"N/A";"N/A";"N/A";"N/A";"N/A";"141.31";"141.31";"";"";"";"";"";"";"";"";"";"";"";"";"";"";"";"";"";"";"";"";"";"";"";"";"";"";"";"";"";"";"";"";"";"";"";"";"";"";"";"";""
"190";"";"1";"fr";"622607478";"2025-12-06 11:24:37";"2025-12-06 11:26:10";"34";"Masculin";"78";"≥ Bac + 3";"6";"Non";"Non";"Non";"Non";"Non";"2";"2 ans - 4 ans";"Oui";"Oui";"Non";"Non";"";"Électricité et accident de route (piéton)";"N/A";"";"N/A";"N/A";"N/A";"N/A";"N/A";"N/A";"N/A";"";"";"";"";"";"";"";"";"";"";"";"";"";"";"N/A";"N/A";"N/A";"N/A";"N/A";"N/A";"";"N/A";"N/A";"N/A";"N/A";"N/A";"N/A";"N/A";"N/A";"N/A";"N/A";"N/A";"N/A";"N/A";"N/A";"N/A";"N/A";"N/A";"N/A";"N/A";"N/A";"";"";"N/A";"N/A";"N/A";"N/A";"N/A";"N/A";"N/A";"N/A";"N/A";"N/A";"N/A";"N/A";"N/A";"N/A";"N/A";"N/A";"N/A";"N/A";"N/A";"N/A";"N/A";"N/A";"N/A";"N/A";"N/A";"N/A";"N/A";"N/A";"N/A";"93.87";"93.87";"";"";"";"";"";"";"";"";"";"";"";"";"";"";"";"";"";"";"";"";"";"";"";"";"";"";"";"";"";"";"";"";"";"";"";"";"";"";"";"";""
"191";"2025-12-06 17:07:38";"5";"fr";"1835796887";"2025-12-06 16:59:41";"2025-12-06 17:07:38";"42";"Féminin";"92";"≥ Bac + 3";"7";"Non";"Non";"Non";"Non";"Non";"4";"18 mois - 4 ans - 9 ans - 13 ans ";"Non";"Oui";"Non";"Non";"";"Chutes, brûlures ";"Non";"3";"Oui";"Non";"Non";"Non";"Non";"Non";"Non";"Recherches personnelles ";"Thermique";"Liquide chaud";"Plus de 60%";"Accidentelles";"";"Les 0-4 ans";"Les 5-14 ans";"Autant chez les filles/femmes que les garçons/hommes";"La cuisine";"";"Boisson chaude, fer à repasser, cheminée ";"Oui, et la brûlure est superficielle";"37°C";"Oui";"Non";"Oui";"Oui";"Non";"Oui";"Le poignet (côté paume de la main)";"Oui";"Non";"Oui";"Non";"Oui";"Oui";"Oui";"Non";"Oui";"Non";"Oui";"Oui";"Non";"Oui";"Oui";"Oui";"Non";"Oui";"Non";"Non";"";"4";"Non";"Oui";"Oui";"Non";"Oui";"Non";"Oui";"Oui";"Oui";"Non";"Non";"Non";"Oui";"Oui";"Oui";"Non";"Oui";"Non";"Non";"Non";"Oui";"Non";"Non";"Oui";"Non";"Non";"Oui";"Non";"Oui";"478.95";"94.94";"";"";"";"";"";"";"";"";"";"";"";"";"";"";"143.39";"";"";"";"";"";"";"";"";"";"";"";"";"";"";"";"";"109.71";"";"125.02";"";"";"";"";"";"5.89";""
"192";"2025-12-07 12:13:31";"5";"fr";"1631560227";"2025-12-07 12:01:38";"2025-12-07 12:13:30";"34";"Féminin";"29";"≥ Bac + 3";"8";"Non";"Non";"Non";"Oui";"Non";"2";"18 mois - 3 ans";"Oui";"Non";"Non";"Non";"";"Se cogne dans les meubles, chutes, brûlures, étouffement, intoxications ";"Non";"4";"Non";"Non";"Non";"Non";"Non";"Non";"Non";"Réseaux sociaux, mes propres connaissances ";"Thermique";"Flamme/feu";"Environ 40%";"Accidentelles";"";"Les 5-14 ans";"Les 0-4 ans";"Autant chez les filles/femmes que les garçons/hommes";"La cuisine";"";"Plaques chauffantes, four";"Oui, et la brûlure est superficielle";"37°C";"Oui";"Oui";"Oui";"Oui";"Non";"Oui";"Le poignet (côté paume de la main)";"Oui";"Non";"Oui";"Non";"Oui";"Oui";"Oui";"Non";"Oui";"Non";"Oui";"Oui";"Oui";"Oui";"Oui";"Oui";"Non";"Oui";"Oui";"Non";"";"3";"Non";"Non";"Oui";"Non";"Non";"Non";"Oui";"Non";"Oui";"Non";"Non";"Non";"Non";"Oui";"Oui";"Non";"Non";"Non";"Non";"Non";"Oui";"Non";"Oui";"Oui";"Oui";"Non";"Oui";"Non";"Oui";"575.23";"99.05";"";"";"";"";"";"";"";"";"";"";"";"";"";"";"211.42";"";"";"";"";"";"";"";"";"";"";"";"";"";"";"";"";"76.62";"";"178.16";"";"";"";"";"";"9.98";""
"193";"";"3";"fr";"979620146";"2025-12-08 11:37:56";"2025-12-08 12:02:09";"40";"Féminin";"38";"≥ Bac + 3";"9";"Non";"Non";"Non";"Non";"Non";"3";"19 mois - 8 ans - 10 ans";"Oui";"Non";"Non";"Non";"";"Chutes, brûlures, noyades, électrocution, coupures";"Oui";"3";"Oui";"Non";"Non";"Oui";"Non";"Non";"Non";"";"Thermique";"Liquide chaud";"Plus de 60%";"Accidentelles";"";"Les 0-4 ans";"Les 0-4 ans";"Autant chez les filles/femmes que les garçons/hommes";"La cuisine";"";"Café, casseroles ";"Oui, et la brûlure est grave";"37°C";"Oui";"Oui";"Oui";"Oui";"Oui";"Oui";"Le poignet (côté paume de la main)";"Oui";"Non";"Oui";"Non";"Oui";"Oui";"Oui";"Non";"Oui";"Oui";"Oui";"Oui";"Oui";"Oui";"Oui";"Oui";"Oui";"Oui";"Oui";"Non";"";"";"N/A";"N/A";"N/A";"N/A";"N/A";"N/A";"N/A";"N/A";"N/A";"N/A";"N/A";"N/A";"N/A";"N/A";"N/A";"N/A";"N/A";"N/A";"N/A";"N/A";"N/A";"N/A";"N/A";"N/A";"N/A";"N/A";"N/A";"N/A";"N/A";"1454.73";"116.44";"";"";"";"";"";"";"";"";"";"";"";"";"";"";"305.8";"";"";"";"";"";"";"";"";"";"";"";"";"";"";"";"";"1032.49";"";"";"";"";"";"";"";"";""
"194";"2025-12-08 17:38:46";"5";"fr";"1709593083";"2025-12-08 17:23:12";"2025-12-08 17:38:46";"34";"Féminin";"60";"≥ Bac + 3";"7";"Non";"Non";"Non";"Oui";"Non";"2";"23mois - 45mois";"Non";"Oui";"Non";"Non";"";"Chute (escalier, baignoire), prise d'électricité, intrusion de cuisine, outils de jardinage ou de travaux";"Non";"3";"Non";"Non";"Non";"Oui";"Non";"Non";"Non";"";"Thermique";"Solide chaud";"Environ 40%";"Accidentelles";"";"Les 0-4 ans";"Les 0-4 ans";"Chez les garçons/hommes";"La cuisine";"";"Eau bouillante (bain, cuisine), prise alimentaire trop chaude";"Oui, et la brûlure est superficielle";"37°C";"Oui";"Oui";"Oui";"Oui";"Non";"Oui";"Le poignet (côté paume de la main)";"Oui";"Non";"Oui";"Non";"Oui";"Oui";"Oui";"Oui";"Oui";"Non";"Non";"Oui";"Non";"Non";"Oui";"Non";"Oui";"Non";"Oui";"Non";"";"4";"Non";"Oui";"Oui";"Non";"Non";"Non";"Non";"Oui";"Non";"Oui";"Non";"Non";"Non";"Oui";"Non";"Non";"Non";"Oui";"Non";"Non";"Oui";"Non";"Oui";"Oui";"Oui";"Non";"Oui";"Non";"Oui";"934.77";"170.04";"";"";"";"";"";"";"";"";"";"";"";"";"";"";"202.19";"";"";"";"";"";"";"";"";"";"";"";"";"";"";"";"";"355.15";"";"201.11";"";"";"";"";"";"6.28";""
"195";"2025-12-08 17:38:03";"5";"fr";"1754440670";"2025-12-08 17:24:15";"2025-12-08 17:38:03";"36";"Féminin";"60";"≥ Bac + 3";"7";"Non";"Non";"Non";"Oui";"Non";"3";"1 an - 4 ans - 6 ans";"Non";"Oui";"Non";"Non";"";"Tomber du lit, canapé …
Brûlure 
Ingestion de médicaments 
Tomber de la fenêtre 
";"Non";"4";"Non";"Non";"Non";"Oui";"Non";"Non";"Non";"";"Thermique";"Liquide chaud";"Plus de 60%";"Accidentelles";"";"Les 0-4 ans";"Les 0-4 ans";"Autant chez les filles/femmes que les garçons/hommes";"La cuisine";"";"La tasse de thé qui tombe sur le bébé 
L’enfant qui tire la nappe et une tasse chaude lui tombe dessus ";"Oui, et la brûlure est grave";"37°C";"Non";"Non";"Non";"Oui";"Non";"Oui";"Le poignet (côté paume de la main)";"Oui";"Non";"Oui";"Oui";"Oui";"Oui";"Oui";"Non";"Non";"Non";"Non";"Oui";"Non";"Non";"Non";"Oui";"Non";"Non";"Non";"Non";"";"4";"Non";"Non";"Oui";"Non";"Non";"Oui";"Oui";"Non";"Oui";"Non";"Non";"Non";"Non";"Non";"Oui";"Non";"Non";"Oui";"Non";"Non";"Oui";"Non";"Oui";"Oui";"Oui";"Non";"Oui";"Non";"N/A";"826.27";"186.62";"";"";"";"";"";"";"";"";"";"";"";"";"";"";"248.19";"";"";"";"";"";"";"";"";"";"";"";"";"";"";"";"";"137.61";"";"235.37";"";"";"";"";"";"18.48";""
"196";"2025-12-08 18:46:21";"5";"fr";"1928090601";"2025-12-08 18:18:02";"2025-12-08 18:46:21";"41";"Féminin";"27";"Baccalauréat - Bac +2";"6";"Non";"Non";"Oui";"Non";"Non";"1";"2 ans";"Oui";"Non";"Non";"Non";"";"Brûlure, chute, ingestion corps étranger, noyades, coupure, ...";"Non";"4";"Oui";"Non";"Non";"Oui";"Non";"Non";"Non";"";"Thermique";"Liquide chaud";"Environ 40%";"Accidentelles";"";"Les 0-4 ans";"";"Autant chez les filles/femmes que les garçons/hommes";"La cuisine";"";"En renversant une casserole d'eau bouillante, la porte du four, les bougies, ...";"Oui, et la brûlure est superficielle";"37°C";"Oui";"Oui";"Oui";"Oui";"Non";"Oui";"Le poignet (côté paume de la main)";"Oui";"Non";"Oui";"Non";"Oui";"Oui";"Oui";"Non";"Oui";"Non";"Non";"Oui";"Non";"Oui";"Non";"Oui";"Oui";"Oui";"Non";"Non";"";"4";"Non";"Oui";"Non";"Oui";"Non";"Non";"Oui";"Oui";"Non";"Oui";"Non";"Non";"Non";"Non";"Oui";"Non";"Non";"Oui";"Non";"Non";"Oui";"Non";"Oui";"Oui";"Oui";"Non";"Oui";"Non";"N/A";"1700.17";"238.36";"";"";"";"";"";"";"";"";"";"";"";"";"";"";"1183.68";"";"";"";"";"";"";"";"";"";"";"";"";"";"";"";"";"67.12";"";"200.13";"";"";"";"";"";"10.88";""
"197";"2025-12-08 19:11:14";"5";"fr";"552280243";"2025-12-08 19:02:23";"2025-12-08 19:11:14";"36";"Masculin";"99";"≥ Bac + 3";"10";"Non";"Non";"Non";"Non";"Non";"1";"2 ans et demi";"Oui";"Oui";"Non";"Non";"";"Les meubles (par exemple les meubles à bords pointus contre lesquels mon enfant pourrait se cogner), l’accès à des objets/produits dangereux, les escaliers…";"Non";"2";"Oui";"Non";"Oui";"Non";"Non";"Non";"Non";"";"Chimique";"Liquide chaud";"Environ 40%";"Accidentelles";"";"Les 0-4 ans";"Les 0-4 ans";"Autant chez les filles/femmes que les garçons/hommes";"La cuisine";"";"Cuisine (lorsque de l’eau peut bouillir dans une casserole par exemple)";"Oui, et la brûlure est grave";"35°C";"Oui";"Non";"Oui";"Oui";"Oui";"Non";"Le poignet (côté paume de la main)";"Oui";"Non";"Oui";"Non";"Oui";"Oui";"Oui";"Oui";"Oui";"Oui";"Oui";"Oui";"Oui";"Oui";"Oui";"Oui";"Oui";"Oui";"Oui";"Non";"";"2";"Non";"Oui";"Non";"Non";"Oui";"Oui";"Oui";"Oui";"Non";"Non";"Oui";"Non";"Non";"Non";"Oui";"Non";"Non";"Non";"Non";"Oui";"Oui";"Non";"Non";"Oui";"Non";"Non";"Oui";"Oui";"Oui";"533.7";"220.51";"";"";"";"";"";"";"";"";"";"";"";"";"";"";"144.57";"";"";"";"";"";"";"";"";"";"";"";"";"";"";"";"";"49.75";"";"113.52";"";"";"";"";"";"5.35";""
"198";"2025-12-09 12:04:31";"5";"fr";"1384766216";"2025-12-09 11:45:06";"2025-12-09 12:04:31";"1";"Féminin";"38";"≥ Bac + 3";"5";"Oui";"Non";"Non";"Non";"Non";"1";"21";"Oui";"Non";"Non";"Non";"";"Chutes, étouffements, respiration, ";"Non";"2";"Non";"Non";"Oui";"Non";"Non";"Non";"Non";"";"Electrique";"Solide chaud";"Environ 40%";"Accidentelles";"";"Les 0-4 ans";"Les 0-4 ans";"Autant chez les filles/femmes que les garçons/hommes";"La cuisine";"";"Objets ";"Oui, et la brûlure est superficielle";"";"Oui";"Non";"Oui";"Oui";"Non";"Oui";"Le dos de la main";"Non";"Non";"Oui";"Oui";"Oui";"Non";"Oui";"Oui";"Oui";"Non";"Oui";"Oui";"Non";"Oui";"Non";"Non";"Oui";"Oui";"Non";"Non";"";"2";"Non";"Non";"Non";"Non";"Oui";"Oui";"Oui";"Oui";"Non";"Non";"Non";"Non";"Non";"Oui";"Oui";"Non";"Non";"Non";"Non";"Non";"Oui";"Non";"Non";"Non";"Non";"Non";"Non";"Oui";"N/A";"1165.96";"137.37";"";"";"";"";"";"";"";"";"";"";"";"";"";"";"179.63";"";"";"";"";"";"";"";"";"";"";"";"";"";"";"";"";"343.46";"";"502.39";"";"";"";"";"";"3.11";""
"199";"2025-12-09 17:47:36";"5";"fr";"1540335015";"2025-12-09 17:37:35";"2025-12-09 17:47:36";"41";"Masculin";"80";"≥ Bac + 3";"7";"Non";"Non";"Oui";"Oui";"Non";"3";"4 ans - 8 ans - 11 ans";"Non";"Oui";"Non";"Non";"";"Bris de verre, produits ménagers, produits pharmaceutiques, chutes de chaises/tabouret, brûlures";"Non";"2";"Non";"Non";"Non";"Oui";"Non";"Non";"Oui";"";"Chimique";"Liquide chaud";"Moins de 10%";"Accidentelles";"";"Les 0-4 ans";"Les 0-4 ans";"Chez les garçons/hommes";"La cuisine";"";"Boissons chaudes, four et plaques";"Oui, et la brûlure est superficielle";"39°C";"Non";"Non";"Non";"Oui";"Non";"Oui";"La bouche";"Oui";"Non";"Oui";"Non";"Oui";"Oui";"Oui";"Non";"Non";"Non";"Non";"Oui";"Non";"Non";"Non";"Non";"Non";"Oui";"Oui";"Non";"";"3";"Non";"Oui";"Oui";"Non";"Non";"Non";"Non";"Non";"Oui";"Non";"Non";"Non";"Oui";"Non";"Non";"Non";"Non";"Non";"Non";"Non";"Oui";"Non";"Non";"Oui";"Oui";"Non";"Oui";"Oui";"Oui";"601.18";"158.71";"";"";"";"";"";"";"";"";"";"";"";"";"";"";"186.33";"";"";"";"";"";"";"";"";"";"";"";"";"";"";"";"";"49.75";"";"198.87";"";"";"";"";"";"7.52";""
"200";"2025-12-10 09:56:18";"5";"fr";"117252551";"2025-12-10 09:44:48";"2025-12-10 09:56:18";"36";"Féminin";"60";"≥ Bac + 3";"7";"Non";"Non";"Oui";"Oui";"Non";"3";"6 ans - 2ans - 1 an";"Non";"Non";"Oui";"Non";"";"Brûlures (plaques de cuisson, four, liquide chaud …)
Chutes (table à langer …)
Ingestions de produits divers
Noyade (bain, piscine)";"Non";"3";"Non";"Non";"Non";"Oui";"Non";"Non";"Non";"";"Thermique";"Liquide chaud";"Environ 40%";"Accidentelles";"";"Les 0-4 ans";"Les 0-4 ans";"Autant chez les filles/femmes que les garçons/hommes";"Autre";"Le salon avec la cheminée ";"Insert de cheminée ";"Oui, et la brûlure est superficielle";"37°C";"Non";"Non";"Oui";"Oui";"Non";"Oui";"Le poignet (côté paume de la main)";"Oui";"Non";"Oui";"Oui";"Non";"Oui";"Oui";"Non";"Oui";"Oui";"Non";"Oui";"Oui";"Oui";"Oui";"Oui";"Oui";"Oui";"Oui";"Non";"";"3";"Non";"Oui";"Oui";"Non";"Non";"Oui";"Non";"Oui";"Non";"Oui";"Non";"Non";"Non";"Oui";"Non";"Non";"Non";"Non";"Non";"Non";"Oui";"Non";"Oui";"Oui";"Non";"Non";"Oui";"Non";"Non";"689.62";"275.99";"";"";"";"";"";"";"";"";"";"";"";"";"";"";"185.17";"";"";"";"";"";"";"";"";"";"";"";"";"";"";"";"";"58.02";"";"159.4";"";"";"";"";"";"11.04";""
"201";"2025-12-10 11:00:45";"5";"fr";"549134704";"2025-12-10 10:41:20";"2025-12-10 11:00:44";"31";"Féminin";"60";"≥ Bac + 3";"6";"Non";"Non";"Oui";"Oui";"Non";"2";"1 ans - 3 ans";"Oui";"Non";"Non";"Non";"";"Brûlures
Chocs
Intoxications 
Étouffements
Électrocutions
Noyade 
";"Non";"4";"Non";"Non";"Non";"Oui";"Non";"Non";"Non";"";"Par rayonnement d'une grande source de chaleur";"Flamme/feu";"Plus de 60%";"Accidentelles";"";"Les 0-4 ans";"Les 0-4 ans";"Autant chez les filles/femmes que les garçons/hommes";"La cuisine";"";"Cheminée 
Casserole de liquide bouillant (eau, huile)
Baignoire 
Produit d’entretien ";"Oui, et la brûlure est grave";"35°C";"Oui";"Non";"Oui";"Oui";"Non";"Oui";"Le poignet (côté paume de la main)";"Oui";"Non";"Oui";"Oui";"Oui";"Oui";"Oui";"Oui";"Oui";"Oui";"Oui";"Oui";"Oui";"Oui";"Oui";"Oui";"Oui";"Oui";"Oui";"Non";"";"4";"Non";"Oui";"Non";"Oui";"Non";"Non";"Oui";"Oui";"Non";"Oui";"Non";"Non";"Non";"Oui";"Oui";"Non";"Non";"Oui";"Non";"Non";"Oui";"Non";"Oui";"Oui";"Oui";"Non";"Oui";"Oui";"Oui";"1166.42";"483.41";"";"";"";"";"";"";"";"";"";"";"";"";"";"";"349.48";"";"";"";"";"";"";"";"";"";"";"";"";"";"";"";"";"87.53";"";"236.01";"";"";"";"";"";"9.99";""
"202";"2025-12-10 14:02:06";"5";"fr";"1590012848";"2025-12-10 13:48:40";"2025-12-10 14:02:06";"35";"Féminin";"78";"≥ Bac + 3";"7";"Non";"Non";"Non";"Non";"Non";"2";"2 ans - 4 mois";"Non";"Oui";"Non";"Non";"";"Chute, brûlure, noyade, chute d'objet...";"Non";"2";"Oui";"Non";"Non";"Non";"Non";"Non";"Non";"";"Thermique";"Liquide chaud";"Plus de 60%";"Accidentelles";"";"Les 0-4 ans";"Les 0-4 ans";"Chez les garçons/hommes";"La cuisine";"";"Bouilloire, four, fer à repasser, boissons chaudes,  plat trop chaud, cheminée ";"Oui, et la brûlure est superficielle";"37°C";"Oui";"Oui";"Oui";"Oui";"Non";"Oui";"La bouche";"Oui";"Non";"Oui";"Non";"Oui";"Oui";"Oui";"Oui";"Oui";"Oui";"Non";"Oui";"Oui";"Non";"Non";"Oui";"Oui";"Oui";"Oui";"Non";"";"4";"Non";"Oui";"Oui";"Non";"Non";"Non";"Non";"Oui";"Oui";"Non";"Non";"Non";"Non";"Non";"Oui";"Non";"Oui";"Non";"Non";"Non";"Oui";"Non";"Oui";"Oui";"Oui";"Non";"Oui";"Non";"Oui";"807.88";"262.53";"";"";"";"";"";"";"";"";"";"";"";"";"";"";"275.6";"";"";"";"";"";"";"";"";"";"";"";"";"";"";"";"";"73.21";"";"189.66";"";"";"";"";"";"6.88";""
"203";"2025-12-10 15:20:57";"5";"fr";"872123260";"2025-12-10 15:05:02";"2025-12-10 15:20:57";"34";"Féminin";"93";"≥ Bac + 3";"7";"Non";"Oui";"Non";"Non";"Non";"3";"11 ans - 3 ans - 3 mois";"Non";"Oui";"Non";"Non";"";"Brûlure (cuisine)
Noyade (sale de bain)
Électrocution (prise electrique)
Coups (coin de tables, etc.)
Chutes (tomber de la chaise ou table à langer, glisser car absence de chaussons...)";"Oui";"3";"Non";"Non";"Non";"Oui";"Non";"Non";"Non";"livres sur la petite enfance (ex: urgence or not urgence), ";"Thermique";"Liquide chaud";"Plus de 60%";"Accidentelles";"";"Les 5-14 ans";"Les 0-4 ans";"Autant chez les filles/femmes que les garçons/hommes";"La cuisine";"";"Casserole ou plat chauds
Café, soupe ou autre liquide chaud renversé 
Four ou plaque allumés
Robinet du bain ou lavabo accessible 
Ampoule d'une lampe de chevet allumée lgt
Accès aux produits ménager contenant de la javel 

";"Oui, et la brûlure est superficielle";"37°C";"Oui";"Non";"Oui";"Oui";"Non";"Oui";"Le poignet (côté paume de la main)";"Oui";"Non";"Oui";"Non";"Oui";"Oui";"Oui";"Non";"Oui";"Non";"Oui";"Oui";"Oui";"Oui";"Oui";"Oui";"Oui";"Oui";"Non";"Non";"";"3";"Non";"Oui";"Oui";"Non";"Oui";"Non";"Oui";"Oui";"Non";"Oui";"Non";"Non";"Oui";"Oui";"Non";"Non";"Non";"Non";"Non";"Non";"Oui";"Non";"Oui";"Oui";"Non";"Non";"Oui";"Non";"N/A";"954.98";"198.01";"";"";"";"";"";"";"";"";"";"";"";"";"";"";"375.13";"";"";"";"";"";"";"";"";"";"";"";"";"";"";"";"";"116.2";"";"257.91";"";"";"";"";"";"7.73";""
"204";"2025-12-10 18:48:33";"5";"fr";"1346955181";"2025-12-10 18:35:28";"2025-12-10 18:48:33";"39";"Féminin";"75";"≥ Bac + 3";"6";"Oui";"Non";"Non";"Non";"Non";"3";"6 ans - 4 ans - 1 an";"Non";"Oui";"Non";"Non";"";"Brûlure, noyade, défenestration,  traumatisme suite à chute, blessures suite à utilisation de certains jouets comme pistolet à billes ";"Non";"4";"Oui";"Non";"Non";"Oui";"Non";"Non";"Non";"";"Thermique";"Liquide chaud";"Plus de 60%";"Accidentelles";"";"Les 0-4 ans";"Les 5-14 ans";"Autant chez les filles/femmes que les garçons/hommes";"La cuisine";"";"Eau bouillante dans une casserole ou bouilloire, barbecue (avec retour de flammes)";"Oui, et la brûlure est grave";"37°C";"Oui";"Oui";"Oui";"Oui";"Oui";"Oui";"Le poignet (côté dos de la main)";"Oui";"Oui";"Non";"Non";"Oui";"Oui";"Oui";"Oui";"Oui";"Non";"Non";"Oui";"Oui";"Oui";"Oui";"Oui";"Oui";"Oui";"Oui";"Non";"J’attache l’enfant sur la chaise haute. J’ai toujours une main placée sur l’enfant lors des changes pour éviter les chutes";"5";"Non";"Oui";"Oui";"Non";"Oui";"Non";"Oui";"Non";"Oui";"Non";"Non";"Non";"Oui";"Non";"Non";"Non";"Non";"Oui";"Non";"Non";"Oui";"Non";"Oui";"Non";"Oui";"Non";"Non";"Non";"Non";"786.35";"175.55";"";"";"";"";"";"";"";"";"";"";"";"";"";"";"186.83";"";"";"";"";"";"";"";"";"";"";"";"";"";"";"";"";"107.75";"";"309.33";"";"";"";"";"";"6.89";""
"205";"2025-12-11 08:45:40";"5";"fr";"168620116";"2025-12-11 08:01:32";"2025-12-11 08:45:40";"39";"Masculin";"38";"≥ Bac + 3";"6";"Non";"Non";"Non";"Non";"Non";"2";"10 mois - 3 ans";"Oui";"Oui";"Non";"Non";"";"Prises électriques, chutes (ex: table à langer), asphyxie (couverture lit, coussin, etc), verres, étouffement avec petits objets";"Non";"2";"Non";"Non";"Oui";"Oui";"Non";"Non";"Non";"";"Thermique";"Liquide chaud";"Plus de 60%";"Accidentelles";"";"Les 0-4 ans";"";"Autant chez les filles/femmes que les garçons/hommes";"La salle de bain";"";"Aliments trop chauds, baignoire trop chauffé, prises électriques mal protégées";"";"37°C";"Non";"Non";"Oui";"Oui";"Non";"Oui";"Le dos de la main";"Oui";"Non";"Oui";"Non";"Oui";"Oui";"Oui";"Non";"Non";"Non";"Non";"Non";"Non";"Non";"Non";"Non";"Oui";"Oui";"Oui";"Non";"";"3";"Non";"Oui";"Oui";"Non";"Oui";"Oui";"Oui";"Oui";"Non";"Oui";"Non";"Non";"Oui";"Oui";"Oui";"Non";"Non";"Oui";"Oui";"Non";"Oui";"Non";"Oui";"Oui";"Oui";"Non";"Non";"Oui";"Oui";"2648.51";"338.82";"";"";"";"";"";"";"";"";"";"";"";"";"";"";"660.82";"";"";"";"";"";"";"";"";"";"";"";"";"";"";"";"";"112.6";"";"1513.21";"";"";"";"";"";"23.06";""
"206";"";"";"fr";"2124878117";"2025-12-11 08:02:16";"2025-12-11 08:02:16";"";"N/A";"";"";"";"N/A";"N/A";"N/A";"N/A";"N/A";"";"";"N/A";"N/A";"N/A";"N/A";"";"";"N/A";"";"N/A";"N/A";"N/A";"N/A";"N/A";"N/A";"N/A";"";"";"";"";"";"";"";"";"";"";"";"";"";"";"N/A";"N/A";"N/A";"N/A";"N/A";"N/A";"";"N/A";"N/A";"N/A";"N/A";"N/A";"N/A";"N/A";"N/A";"N/A";"N/A";"N/A";"N/A";"N/A";"N/A";"N/A";"N/A";"N/A";"N/A";"N/A";"N/A";"";"";"N/A";"N/A";"N/A";"N/A";"N/A";"N/A";"N/A";"N/A";"N/A";"N/A";"N/A";"N/A";"N/A";"N/A";"N/A";"N/A";"N/A";"N/A";"N/A";"N/A";"N/A";"N/A";"N/A";"N/A";"N/A";"N/A";"N/A";"N/A";"N/A";"0";"";"";"";"";"";"";"";"";"";"";"";"";"";"";"";"";"";"";"";"";"";"";"";"";"";"";"";"";"";"";"";"";"";"";"";"";"";"";"";"";"";""
"207";"2025-12-11 09:29:28";"5";"fr";"1058140451";"2025-12-11 08:29:08";"2025-12-11 09:29:28";"34";"Féminin";"78";"≥ Bac + 3";"6";"Non";"Non";"Oui";"Non";"Non";"2";"4 ans - 10 mois";"Oui";"Non";"Non";"Non";"";"Chutes
Brûlures
Électrocution 
";"Non";"5";"Oui";"Non";"Non";"Oui";"Non";"Non";"Non";"";"Thermique";"Liquide chaud";"Environ 40%";"Accidentelles";"";"Les 0-4 ans";"Les 0-4 ans";"Autant chez les filles/femmes que les garçons/hommes";"La cuisine";"";"Eau bouillante (café ou thé)
Casserole avec de l’eau bouillante
Bain trop chaud";"Oui, et la brûlure est grave";"37°C";"Non";"Non";"Oui";"Oui";"Non";"Oui";"Le poignet (côté paume de la main)";"Oui";"Non";"Oui";"Non";"Oui";"Oui";"Oui";"Oui";"Oui";"Oui";"Oui";"Oui";"Oui";"Oui";"Oui";"Oui";"Oui";"Oui";"Non";"Non";"";"3";"Non";"Non";"Non";"Oui";"Non";"Non";"Oui";"Non";"Non";"Oui";"Non";"Non";"Non";"Non";"Oui";"Non";"Non";"Non";"Non";"Non";"Oui";"Non";"Non";"Non";"Non";"Non";"Oui";"Oui";"Oui";"3620.23";"499.37";"";"";"";"";"";"";"";"";"";"";"";"";"";"";"2862.98";"";"";"";"";"";"";"";"";"";"";"";"";"";"";"";"";"59.64";"";"192.21";"";"";"";"";"";"6.03";""
"208";"2025-12-11 09:38:12";"5";"fr";"88080944";"2025-12-11 09:24:33";"2025-12-11 09:38:12";"39";"Féminin";"1";"≥ Bac + 3";"7";"Non";"Non";"Non";"Non";"Non";"2";"4 et 8";"Oui";"Non";"Non";"Non";"";"Chute dans les escaliers
Brûlures
Noyade
Coupures";"Oui";"5";"Non";"Non";"Oui";"Oui";"Non";"Non";"Non";"Education";"Thermique";"Liquide chaud";"Plus de 60%";"Accidentelles";"";"Les 5-14 ans";"Les 0-4 ans";"Autant chez les filles/femmes que les garçons/hommes";"La cuisine";"";"Plaque de cuisson
Casseroles
Fer à repasser";"Oui, et la brûlure est superficielle";"35°C";"Non";"Non";"Oui";"Oui";"Non";"Oui";"Le poignet (côté paume de la main)";"Non";"Non";"Oui";"Non";"Oui";"Oui";"Non";"Non";"Non";"Non";"Non";"Non";"Non";"Oui";"Oui";"Oui";"Oui";"Oui";"Oui";"Non";"";"3";"Non";"Non";"Oui";"Non";"Oui";"Non";"Oui";"Oui";"Non";"Oui";"Non";"Non";"Non";"Non";"Oui";"Non";"Non";"Non";"Non";"Non";"Oui";"Non";"Non";"Non";"Non";"Non";"Non";"Oui";"Non";"818.39";"171.64";"";"";"";"";"";"";"";"";"";"";"";"";"";"";"297.04";"";"";"";"";"";"";"";"";"";"";"";"";"";"";"";"";"164.94";"";"175.56";"";"";"";"";"";"9.21";""
"209";"2025-12-11 20:09:55";"5";"fr";"4789224";"2025-12-11 19:56:10";"2025-12-11 20:09:55";"32";"Masculin";"60";"≥ Bac + 3";"7";"Non";"Non";"Non";"Non";"Non";"1";"1 an";"Non";"Oui";"Non";"Non";"";"Chute, étouffement, brûlure, noyade, empoisonnement, intoxication, coupure, électrocution. ";"Non";"4";"Oui";"Non";"Non";"Oui";"Non";"Non";"Non";"";"Thermique";"Liquide chaud";"Plus de 60%";"Accidentelles";"";"Les 0-4 ans";"Les 5-14 ans";"Chez les garçons/hommes";"La cuisine";"";"Contact avec boissons chaudes, éléments de cuisson, plats chauds. ";"Oui, et la brûlure est grave";"39°C";"Non";"Non";"Oui";"Oui";"Non";"Non";"Le coude";"Oui";"Non";"Oui";"Non";"Oui";"Oui";"Oui";"Oui";"Oui";"Oui";"Oui";"Oui";"Oui";"Oui";"Oui";"Oui";"Oui";"Oui";"Oui";"Non";"";"4";"Non";"Oui";"Oui";"Non";"Oui";"Non";"Oui";"Oui";"Oui";"Non";"Non";"Non";"Oui";"Non";"Oui";"Non";"Oui";"Oui";"Non";"Oui";"Oui";"Non";"Oui";"Non";"Oui";"Non";"Oui";"Oui";"Non";"827.03";"259.95";"";"";"";"";"";"";"";"";"";"";"";"";"";"";"290.6";"";"";"";"";"";"";"";"";"";"";"";"";"";"";"";"";"68.15";"";"194.68";"";"";"";"";"";"13.65";""
"210";"2025-12-11 20:08:58";"5";"fr";"425983876";"2025-12-11 19:56:19";"2025-12-11 20:08:58";"32";"Féminin";"60";"≥ Bac + 3";"6";"Oui";"Non";"Oui";"Oui";"Non";"1";"1 an";"Non";"Oui";"Non";"Non";"";"Chute. Fausse route. Noyade bain. Brûlure. Intoxication. Coupure. Électrocution. ";"Non";"2";"Oui";"Non";"Oui";"Non";"Non";"Non";"Non";"";"Electrique";"Liquide chaud";"Environ 40%";"Accidentelles";"";"Les 0-4 ans";"Les 0-4 ans";"Autant chez les filles/femmes que les garçons/hommes";"La cuisine";"";"Boisson chaude. Eau en train de bouillir.";"Oui, et la brûlure est superficielle";"37°C";"Oui";"Non";"Oui";"Oui";"Non";"Oui";"Le poignet (côté paume de la main)";"Oui";"Non";"Oui";"Non";"Oui";"Oui";"Oui";"Oui";"Oui";"Oui";"Oui";"Oui";"Oui";"Oui";"Oui";"Oui";"Oui";"Oui";"Oui";"Non";"";"2";"Non";"Oui";"Non";"Oui";"Oui";"Non";"Oui";"Non";"Non";"Non";"Non";"Non";"Non";"Non";"Oui";"Non";"Non";"Non";"Non";"Non";"Oui";"Non";"Oui";"Oui";"Non";"Non";"Oui";"Oui";"Oui";"758.84";"252.18";"";"";"";"";"";"";"";"";"";"";"";"";"";"";"223.76";"";"";"";"";"";"";"";"";"";"";"";"";"";"";"";"";"83.24";"";"189.24";"";"";"";"";"";"10.42";""
"211";"2025-12-11 20:39:42";"5";"fr";"1251361812";"2025-12-11 20:19:39";"2025-12-11 20:39:42";"36";"Féminin";"38";"≥ Bac + 3";"6";"Non";"Non";"Non";"Non";"Non";"2";"10 mois - 3 ans";"Oui";"Oui";"Non";"Non";"cardiopédiatre ";"Chute, brûlure, ingestion petite pièce, ingestion produit ménage, ingestion magnet, ingestion accidentelle médicament, fausse route, risque électrique";"Non";"2";"Oui";"Non";"Non";"Non";"Non";"Non";"Non";"";"Par frottement";"Solide chaud";"Plus de 60%";"Accidentelles";"";"Les 0-4 ans";"Les 0-4 ans";"Autant chez les filles/femmes que les garçons/hommes";"La cuisine";"";"Toucher la plaque/instruments de cuisine, toucher le four, chauffage/feu de cheminée, appareils électriques autres, bouillote trop chaude, verser eau bouillante";"Oui, et la brûlure est superficielle";"37°C";"Oui";"Non";"Non";"Oui";"Non";"Oui";"Le dos de la main";"Oui";"Non";"Oui";"Non";"Oui";"Oui";"Oui";"Oui";"Non";"Oui";"Non";"Oui";"Oui";"Oui";"Oui";"Oui";"Oui";"Oui";"Oui";"Non";"";"3";"Non";"Oui";"Oui";"Non";"Non";"Oui";"Oui";"Non";"Oui";"Non";"Non";"Non";"Non";"Oui";"Oui";"Non";"Non";"Oui";"Non";"Non";"Oui";"Non";"Oui";"Oui";"Oui";"Non";"Oui";"Non";"Oui";"1203.37";"444.9";"";"";"";"";"";"";"";"";"";"";"";"";"";"";"386.31";"";"";"";"";"";"";"";"";"";"";"";"";"";"";"";"";"107.67";"";"253.37";"";"";"";"";"";"11.12";""
"212";"";"";"fr";"387722745";"2025-12-12 09:35:35";"2025-12-12 09:35:35";"";"N/A";"";"";"";"N/A";"N/A";"N/A";"N/A";"N/A";"";"";"N/A";"N/A";"N/A";"N/A";"";"";"N/A";"";"N/A";"N/A";"N/A";"N/A";"N/A";"N/A";"N/A";"";"";"";"";"";"";"";"";"";"";"";"";"";"";"N/A";"N/A";"N/A";"N/A";"N/A";"N/A";"";"N/A";"N/A";"N/A";"N/A";"N/A";"N/A";"N/A";"N/A";"N/A";"N/A";"N/A";"N/A";"N/A";"N/A";"N/A";"N/A";"N/A";"N/A";"N/A";"N/A";"";"";"N/A";"N/A";"N/A";"N/A";"N/A";"N/A";"N/A";"N/A";"N/A";"N/A";"N/A";"N/A";"N/A";"N/A";"N/A";"N/A";"N/A";"N/A";"N/A";"N/A";"N/A";"N/A";"N/A";"N/A";"N/A";"N/A";"N/A";"N/A";"N/A";"0";"";"";"";"";"";"";"";"";"";"";"";"";"";"";"";"";"";"";"";"";"";"";"";"";"";"";"";"";"";"";"";"";"";"";"";"";"";"";"";"";"";""
"213";"2025-12-12 10:44:56";"5";"fr";"1692964663";"2025-12-12 10:36:03";"2025-12-12 10:44:56";"33";"Féminin";"94";"≥ Bac + 3";"10";"Non";"Non";"Non";"Non";"Non";"3";"5 ans - 1 an - 1 mois ";"Non";"Oui";"Non";"Non";"";"Chute depuis sa table à langer / par la fenêtre ou le balcon, empoisonnement avec des produits ménagers, noyade dans la baignoire, intoxication alimentaire, étouffement ";"Non";"2";"Oui";"Non";"Oui";"Non";"Non";"Non";"Non";"";"Thermique";"Liquide chaud";"Plus de 60%";"Accidentelles";"";"Les 0-4 ans";"Les 0-4 ans";"Chez les garçons/hommes";"La cuisine";"";"En ouvrant le four, en avalant de la nourriture trop chaude, en renversant une casserole ";"Oui, et la brûlure est grave";"37°C";"Non";"Oui";"Oui";"Oui";"Non";"Oui";"Le poignet (côté paume de la main)";"Oui";"Non";"Oui";"Oui";"Oui";"Oui";"Oui";"Non";"Oui";"Non";"Oui";"Oui";"Oui";"Oui";"Oui";"Oui";"Oui";"Oui";"Oui";"Non";"";"4";"Non";"Oui";"Oui";"Non";"Oui";"Non";"Oui";"Oui";"Oui";"Non";"Non";"Non";"Non";"Oui";"Oui";"Non";"Non";"Oui";"Non";"Non";"Oui";"Non";"Oui";"Oui";"Oui";"Non";"Oui";"Non";"Oui";"535";"218.83";"";"";"";"";"";"";"";"";"";"";"";"";"";"";"153.65";"";"";"";"";"";"";"";"";"";"";"";"";"";"";"";"";"54.56";"";"102.56";"";"";"";"";"";"5.4";""
"214";"2025-12-12 11:00:37";"5";"fr";"180934559";"2025-12-12 10:47:47";"2025-12-12 11:00:37";"36";"Féminin";"77";"≥ Bac + 3";"7";"Non";"Non";"Non";"Non";"Non";"7";"12 ans-10 ans - 9 ans- 7ans - 5 ans - 3 ans - 1 an";"Non";"Oui";"Non";"Non";"";"Brûlures
Coupures
Doigts pincés (Portes etc)
Chutes
Electrocution
Ingestion de produits dangereux
Étouffement par ingestion de petits objets
Noyade dans le bain";"Non";"3";"Oui";"Non";"Non";"Oui";"Non";"Non";"Non";"Échanges avec d'autres parents ou soignants ";"Thermique";"Liquide chaud";"Plus de 60%";"Accidentelles";"";"Les 0-4 ans";"Les 0-4 ans";"Chez les filles/femmes";"La cuisine";"";"En touchant les sources de chaleur (flamme, plaque, four) ou un plat/aliment chaud
En renversant un liquide ou un plat chaud
";"Oui, et la brûlure est superficielle";"37°C";"Oui";"Non";"Oui";"Oui";"Non";"Oui";"Le poignet (côté paume de la main)";"Oui";"Non";"Non";"Non";"Oui";"Oui";"Oui";"Non";"Oui";"Oui";"Non";"Oui";"Oui";"Oui";"Oui";"Oui";"Non";"Non";"Oui";"Non";"";"4";"Non";"Oui";"Non";"Oui";"Oui";"Oui";"Oui";"Oui";"Non";"Oui";"Non";"Non";"Non";"Non";"Oui";"Non";"Non";"Oui";"Non";"Non";"Oui";"Non";"Oui";"Oui";"Non";"Non";"Oui";"Non";"Non";"769.64";"250.65";"";"";"";"";"";"";"";"";"";"";"";"";"";"";"294.36";"";"";"";"";"";"";"";"";"";"";"";"";"";"";"";"";"73.47";"";"140.91";"";"";"";"";"";"10.25";""
"215";"";"";"fr";"381651828";"2025-12-12 10:52:18";"2025-12-12 10:52:18";"";"N/A";"";"";"";"N/A";"N/A";"N/A";"N/A";"N/A";"";"";"N/A";"N/A";"N/A";"N/A";"";"";"N/A";"";"N/A";"N/A";"N/A";"N/A";"N/A";"N/A";"N/A";"";"";"";"";"";"";"";"";"";"";"";"";"";"";"N/A";"N/A";"N/A";"N/A";"N/A";"N/A";"";"N/A";"N/A";"N/A";"N/A";"N/A";"N/A";"N/A";"N/A";"N/A";"N/A";"N/A";"N/A";"N/A";"N/A";"N/A";"N/A";"N/A";"N/A";"N/A";"N/A";"";"";"N/A";"N/A";"N/A";"N/A";"N/A";"N/A";"N/A";"N/A";"N/A";"N/A";"N/A";"N/A";"N/A";"N/A";"N/A";"N/A";"N/A";"N/A";"N/A";"N/A";"N/A";"N/A";"N/A";"N/A";"N/A";"N/A";"N/A";"N/A";"N/A";"0";"";"";"";"";"";"";"";"";"";"";"";"";"";"";"";"";"";"";"";"";"";"";"";"";"";"";"";"";"";"";"";"";"";"";"";"";"";"";"";"";"";""
"216";"2025-12-12 11:04:31";"5";"fr";"354192804";"2025-12-12 10:52:27";"2025-12-12 11:04:31";"39";"Féminin";"20";"≥ Bac + 3";"6";"Non";"Non";"Non";"Oui";"Non";"6";"13 ans 11 ans 9 ans 7 ans 3 ans 8 mois";"Oui";"Non";"Non";"Non";"";"Chutes, brûlures";"Non";"5";"Non";"Non";"Non";"Oui";"Non";"Non";"Non";"";"Thermique";"Liquide chaud";"Plus de 60%";"Accidentelles";"";"Les 0-4 ans";"Les 0-4 ans";"Autant chez les filles/femmes que les garçons/hommes";"La cuisine";"";"Tasse ou casserole remplie de liquide chaud sur la table ";"Oui, et la brûlure est superficielle";"37°C";"Non";"Non";"Oui";"Oui";"Non";"Oui";"La bouche";"Oui";"Non";"Oui";"Non";"Oui";"Oui";"Oui";"Non";"Non";"Non";"Oui";"Oui";"Non";"Oui";"Oui";"Non";"Non";"Oui";"Oui";"Non";"";"5";"Non";"Oui";"Non";"Oui";"Non";"Non";"Non";"Oui";"Non";"Oui";"Non";"Non";"Non";"Oui";"Oui";"Non";"Non";"Oui";"Non";"Non";"Oui";"Non";"Oui";"Oui";"Non";"Non";"Oui";"Non";"Oui";"725.43";"126.28";"";"";"";"";"";"";"";"";"";"";"";"";"";"";"252";"";"";"";"";"";"";"";"";"";"";"";"";"";"";"";"";"67.15";"";"271.41";"";"";"";"";"";"8.59";""
"217";"2025-12-12 11:06:22";"5";"fr";"696547696";"2025-12-12 10:59:35";"2025-12-12 11:06:22";"42";"Féminin";"66";"Baccalauréat - Bac +2";"5";"Oui";"Non";"Non";"Non";"Oui";"4";"13 ans, 12 ans, 8 ans, 4 ans";"Oui";"Non";"Non";"Non";"";"Chutes
Blessures avec objets du quotidien (couteau, verre cassé, ciseaux)
";"Non";"1";"Non";"Non";"Non";"Non";"Non";"Non";"Non";"Expérience des parents partagée sur les réseaux sociaux ";"Thermique";"Flamme/feu";"Plus de 60%";"Autre";"";"Les 0-4 ans";"Les 0-4 ans";"Autant chez les filles/femmes que les garçons/hommes";"La cuisine";"";"Casserole brûlante, fer à repasser, bouilloire, four, plat sortant du four ";"Oui, et la brûlure est grave";"37°C";"Non";"Non";"Non";"Oui";"Non";"Non";"Le poignet (côté paume de la main)";"Oui";"Non";"Oui";"Non";"Oui";"Non";"Non";"Non";"Oui";"Non";"Oui";"Oui";"Non";"Oui";"Non";"Non";"Non";"Non";"Non";"Non";"";"4";"Non";"Oui";"Oui";"Non";"Oui";"Non";"Non";"Oui";"Oui";"Non";"Non";"Non";"Non";"Non";"Non";"Non";"Non";"Oui";"Non";"Non";"Oui";"Non";"Oui";"Oui";"Non";"Non";"Oui";"Non";"Non";"407.62";"137.21";"";"";"";"";"";"";"";"";"";"";"";"";"";"";"157.72";"";"";"";"";"";"";"";"";"";"";"";"";"";"";"";"";"31.26";"";"74.32";"";"";"";"";"";"7.11";""
"218";"2025-12-12 11:09:14";"5";"fr";"713601193";"2025-12-12 11:03:18";"2025-12-12 11:09:14";"37";"Féminin";"54";"≥ Bac + 3";"7";"Non";"Non";"Non";"Oui";"Non";"1";"2";"Non";"Oui";"Non";"Non";"";"Brulure, risque électrique, chute dans l'escalier";"Non";"4";"Oui";"Non";"Non";"Non";"Oui";"Non";"Non";"";"Thermique";"Liquide chaud";"Environ 40%";"Accidentelles";"";"Les 5-14 ans";"Les 0-4 ans";"Chez les garçons/hommes";"La cuisine";"";"cuisine (plaques / crêpière / thé)";"Oui, et la brûlure est superficielle";"37°C";"Non";"Non";"Oui";"Oui";"Non";"Oui";"Le poignet (côté paume de la main)";"Oui";"Non";"Oui";"Non";"Non";"Oui";"Oui";"Non";"Oui";"Oui";"Oui";"Oui";"Oui";"Oui";"Oui";"Oui";"Oui";"Oui";"Oui";"Non";"";"3";"Non";"Oui";"Non";"Oui";"Oui";"Non";"Oui";"Oui";"Non";"Oui";"Non";"Non";"Oui";"Oui";"Non";"Non";"Non";"Oui";"Non";"Oui";"Oui";"Non";"Oui";"Oui";"Non";"Non";"Oui";"Oui";"N/A";"356.41";"57.26";"";"";"";"";"";"";"";"";"";"";"";"";"";"";"119.79";"";"";"";"";"";"";"";"";"";"";"";"";"";"";"";"";"65.35";"";"108.91";"";"";"";"";"";"5.1";""
"219";"2025-12-12 11:11:18";"5";"fr";"1294930395";"2025-12-12 11:05:57";"2025-12-12 11:11:17";"38";"Féminin";"35";"Baccalauréat - Bac +2";"5";"Oui";"Oui";"Non";"Oui";"Non";"4";"4-9-11-14";"Oui";"Non";"Non";"Non";"";"Blessures en jouant (fracture etc )";"Non";"4";"Oui";"Non";"Non";"Oui";"Non";"Non";"Non";"";"Thermique";"Liquide chaud";"Plus de 60%";"Accidentelles";"";"Les 0-4 ans";"Les 0-4 ans";"Chez les filles/femmes";"La cuisine";"";"Casserole bouilloire produits toxiques ";"Oui, et la brûlure est grave";"37°C";"Non";"Non";"Oui";"Oui";"Non";"Non";"Le poignet (côté paume de la main)";"Oui";"Non";"Oui";"Non";"Oui";"Oui";"Oui";"Oui";"Oui";"Non";"Non";"Non";"Non";"Oui";"Oui";"Oui";"Non";"Non";"Non";"Non";"";"4";"Non";"Non";"Non";"Oui";"Non";"Non";"Oui";"Oui";"Non";"Oui";"Non";"Non";"Non";"Non";"Oui";"Non";"Non";"Oui";"Non";"Oui";"Oui";"Non";"Oui";"Oui";"Non";"Non";"Oui";"Oui";"Non";"318.44";"78.34";"";"";"";"";"";"";"";"";"";"";"";"";"";"";"103.95";"";"";"";"";"";"";"";"";"";"";"";"";"";"";"";"";"42.03";"";"89.12";"";"";"";"";"";"5";""
"220";"";"1";"fr";"2075543392";"2025-12-12 11:15:40";"2025-12-12 11:18:53";"33";"Féminin";"44";"≥ Bac + 3";"8";"Non";"Non";"Non";"Oui";"Non";"3";"5 ans - 2 ans - 2 mois";"Oui";"Non";"Non";"Non";"";"Chutes lit, escalier, chaise, canapé 
Brûlures radiateur et cuisine, eau du bain, bougies 
Électrocution dans les prises 
Ingestion de produits caustiques, médicaments ";"N/A";"";"N/A";"N/A";"N/A";"N/A";"N/A";"N/A";"N/A";"";"";"";"";"";"";"";"";"";"";"";"";"";"";"N/A";"N/A";"N/A";"N/A";"N/A";"N/A";"";"N/A";"N/A";"N/A";"N/A";"N/A";"N/A";"N/A";"N/A";"N/A";"N/A";"N/A";"N/A";"N/A";"N/A";"N/A";"N/A";"N/A";"N/A";"N/A";"N/A";"";"";"N/A";"N/A";"N/A";"N/A";"N/A";"N/A";"N/A";"N/A";"N/A";"N/A";"N/A";"N/A";"N/A";"N/A";"N/A";"N/A";"N/A";"N/A";"N/A";"N/A";"N/A";"N/A";"N/A";"N/A";"N/A";"N/A";"N/A";"N/A";"N/A";"193.99";"193.99";"";"";"";"";"";"";"";"";"";"";"";"";"";"";"";"";"";"";"";"";"";"";"";"";"";"";"";"";"";"";"";"";"";"";"";"";"";"";"";"";""
"221";"2025-12-12 11:34:03";"5";"fr";"2068606638";"2025-12-12 11:18:56";"2025-12-12 11:34:03";"32";"Féminin";"29";"≥ Bac + 3";"7";"Non";"Non";"Non";"Oui";"Non";"3";"6 ans - 4 ans - 11 mois";"Oui";"Non";"Non";"Non";"";"Chutes (de lit, de table à langer, de meubles escaladés, d'escaliers, fenêtres)
Prises si non sécurisées 
Brûlures (feu, eau bouillante, casseroles)
Produits dangereux (produits d'entretien type javel)
Ingestion de médicaments 
Coupures 
Véhicules (bords de route, sortie de garages, tracteurs, tondeuses..)";"Non";"4";"Oui";"Non";"Non";"Oui";"Non";"Non";"Non";"Études";"Thermique";"Liquide chaud";"Plus de 60%";"Accidentelles";"";"Les 5-14 ans";"Les 0-4 ans";"Chez les garçons/hommes";"Autre";"Salon si cheminée, cuisine sinon ";"Cuisinière, cheminée/poêle, produits ménagers,
Présence de briquets/allumettes";"Oui, et la brûlure est grave";"37°C";"Oui";"Oui";"Oui";"Oui";"Non";"Oui";"Le dos de la main";"Oui";"Non";"Non";"Non";"Oui";"Oui";"Oui";"Non";"Oui";"Oui";"Non";"Oui";"Oui";"Non";"Oui";"Oui";"Oui";"Oui";"Non";"Non";"";"4";"Non";"Oui";"Non";"Oui";"Oui";"Non";"Oui";"Oui";"Non";"Oui";"Non";"Non";"Non";"Oui";"Oui";"Non";"Non";"Non";"Non";"Non";"Oui";"Non";"Oui";"Oui";"Non";"Non";"Non";"Non";"Oui";"908.66";"263.81";"";"";"";"";"";"";"";"";"";"";"";"";"";"";"328.32";"";"";"";"";"";"";"";"";"";"";"";"";"";"";"";"";"116.79";"";"190.85";"";"";"";"";"";"8.89";""
"222";"";"2";"fr";"517891217";"2025-12-12 11:25:59";"2025-12-12 11:30:03";"28";"Féminin";"93";"≥ Bac + 3";"7";"Non";"Non";"Non";"Oui";"Non";"2";"2 ans-5 ans";"Oui";"Non";"Oui";"Non";"";"La brûlure, l’inhalation de pièces ou de corps étranger , les chutes ";"Non";"4";"Oui";"Non";"Non";"Oui";"Non";"Non";"Non";"";"Thermique";"Liquide chaud";"Environ 40%";"Accidentelles";"";"Les 0-4 ans";"Les 5-14 ans";"Autant chez les filles/femmes que les garçons/hommes";"La cuisine";"";"En tirant la nappe ";"Oui, et la brûlure est grave";"37°C";"Oui";"Non";"Non";"Oui";"Non";"Oui";"La paume de la main";"N/A";"N/A";"N/A";"N/A";"N/A";"N/A";"N/A";"N/A";"N/A";"N/A";"N/A";"N/A";"N/A";"N/A";"N/A";"N/A";"N/A";"N/A";"N/A";"N/A";"";"";"N/A";"N/A";"N/A";"N/A";"N/A";"N/A";"N/A";"N/A";"N/A";"N/A";"N/A";"N/A";"N/A";"N/A";"N/A";"N/A";"N/A";"N/A";"N/A";"N/A";"N/A";"N/A";"N/A";"N/A";"N/A";"N/A";"N/A";"N/A";"N/A";"245.44";"101.45";"";"";"";"";"";"";"";"";"";"";"";"";"";"";"143.99";"";"";"";"";"";"";"";"";"";"";"";"";"";"";"";"";"";"";"";"";"";"";"";"";"";""
"223";"2025-12-12 11:40:11";"5";"fr";"1421180017";"2025-12-12 11:29:29";"2025-12-12 11:40:11";"39";"Féminin";"53";"Baccalauréat - Bac +2";"5";"Non";"Oui";"Oui";"Non";"Non";"6";"17ans-16ans-15ans-11ans-6ans-2ans";"Oui";"Non";"Non";"Non";"";"Chute, pincement de doigts, ingestion accudentelle de produits ménagers ou médicaments";"Oui";"4";"Oui";"Non";"Oui";"Oui";"Non";"Non";"Non";"";"Par rayonnement d'une grande source de chaleur";"Liquide chaud";"Plus de 60%";"Accidentelles";"";"Les 0-4 ans";"";"Autant chez les filles/femmes que les garçons/hommes";"La cuisine";"";"Lessive, bouilloire, casseroles ";"Oui, et la brûlure est superficielle";"37°C";"Non";"Non";"Oui";"Oui";"Non";"Oui";"Le dos de la main";"Oui";"Oui";"Oui";"Oui";"Oui";"Oui";"Oui";"Non";"Oui";"Oui";"Non";"Oui";"Oui";"Oui";"Oui";"Oui";"Oui";"Oui";"Oui";"Non";"";"4";"Non";"Oui";"Oui";"Non";"Non";"Non";"Oui";"Oui";"Non";"Oui";"Non";"Non";"Non";"Oui";"Oui";"Non";"Non";"Oui";"Non";"Oui";"Oui";"Non";"Oui";"Oui";"Oui";"Non";"Oui";"Oui";"N/A";"643.17";"231.95";"";"";"";"";"";"";"";"";"";"";"";"";"";"";"199.22";"";"";"";"";"";"";"";"";"";"";"";"";"";"";"";"";"60.97";"";"146.78";"";"";"";"";"";"4.25";""
"224";"2025-12-12 11:38:33";"5";"fr";"2123231328";"2025-12-12 11:29:30";"2025-12-12 11:38:33";"32";"Féminin";"13";"≥ Bac + 3";"7";"Non";"Non";"Oui";"Oui";"Non";"1";"1";"Non";"Oui";"Non";"Non";"";"-brûlures (cuisine,four, chauffage)
-pile boutons
-ingestion produit ménagers dangereux (destop…)
-tomber par la fenêtre 
-glisser et tomber dans la maison
-noyade dans le bain 
";"Non";"4";"Non";"Non";"Non";"Non";"Non";"Non";"Non";"Ma profession ";"Thermique";"Liquide chaud";"Plus de 60%";"Accidentelles";"";"Les 5-14 ans";"Les 0-4 ans";"Autant chez les filles/femmes que les garçons/hommes";"La cuisine";"";"Casserole ";"Oui, et la brûlure est superficielle";"37°C";"Non";"Non";"Non";"Oui";"Non";"Non";"Le dos de la main";"Oui";"Non";"Oui";"Non";"Oui";"Oui";"Oui";"Non";"Oui";"Oui";"Oui";"Oui";"Oui";"Oui";"Oui";"Oui";"Non";"Oui";"Non";"Non";"";"4";"Non";"Non";"Non";"Oui";"Non";"Non";"Oui";"Oui";"Non";"Oui";"Non";"Non";"Non";"Oui";"Non";"Non";"Non";"Oui";"Non";"Oui";"Oui";"Non";"Oui";"Oui";"Non";"Non";"Oui";"Non";"Oui";"542.83";"180.69";"";"";"";"";"";"";"";"";"";"";"";"";"";"";"151.2";"";"";"";"";"";"";"";"";"";"";"";"";"";"";"";"";"64.1";"";"140.54";"";"";"";"";"";"6.3";""
"225";"2025-12-12 11:43:13";"5";"fr";"429501243";"2025-12-12 11:37:53";"2025-12-12 11:43:13";"27";"Féminin";"67";"≥ Bac + 3";"9";"Non";"Non";"Non";"Oui";"Non";"1";"2";"Non";"Oui";"Non";"Non";"";"Chutes, brûlures, ingestion d'objets";"Non";"5";"Non";"Non";"Non";"Non";"Non";"Non";"Non";"Je suis médecin ";"Thermique";"Liquide chaud";"Plus de 60%";"Accidentelles";"";"Les 0-4 ans";"Les 0-4 ans";"Chez les garçons/hommes";"La cuisine";"";"Plat chaud a sa portée";"Oui, et la brûlure est grave";"37°C";"Oui";"Oui";"Oui";"Oui";"Non";"Oui";"Le poignet (côté dos de la main)";"Oui";"Non";"Oui";"Non";"Oui";"Oui";"Oui";"Non";"Oui";"Oui";"Oui";"Oui";"Oui";"Oui";"Oui";"Oui";"Non";"Oui";"Oui";"Non";"";"3";"Non";"Oui";"Oui";"Non";"Oui";"Non";"Non";"Non";"Oui";"Non";"Non";"Non";"Non";"Non";"Oui";"Non";"Non";"Non";"Oui";"Oui";"Oui";"Non";"Oui";"Oui";"Non";"Non";"Oui";"Non";"Oui";"322.52";"84.81";"";"";"";"";"";"";"";"";"";"";"";"";"";"";"104.4";"";"";"";"";"";"";"";"";"";"";"";"";"";"";"";"";"46.68";"";"82.23";"";"";"";"";"";"4.4";""
"226";"";"1";"fr";"154285562";"2025-12-12 11:44:28";"2025-12-12 11:47:44";"31";"Féminin";"94";"≥ Bac + 3";"8";"Non";"Non";"Non";"Oui";"Non";"1";"2 ans";"Non";"Oui";"Non";"Non";"";"Chute ";"N/A";"3";"Non";"Non";"Non";"Non";"Non";"Non";"Non";"Ma formation de medecin";"Thermique";"Liquide chaud";"Plus de 60%";"Accidentelles";"";"Les 0-4 ans";"Les 0-4 ans";"Chez les garçons/hommes";"La cuisine";"";"Aliment chaud ou ustensiles chauds ";"Oui, et la brûlure est superficielle";"37°C";"Non";"Non";"Non";"Oui";"Non";"Oui";"Le poignet (côté paume de la main)";"N/A";"N/A";"N/A";"N/A";"N/A";"N/A";"N/A";"N/A";"N/A";"N/A";"N/A";"N/A";"N/A";"N/A";"N/A";"N/A";"N/A";"N/A";"N/A";"N/A";"";"";"N/A";"N/A";"N/A";"N/A";"N/A";"N/A";"N/A";"N/A";"N/A";"N/A";"N/A";"N/A";"N/A";"N/A";"N/A";"N/A";"N/A";"N/A";"N/A";"N/A";"N/A";"N/A";"N/A";"N/A";"N/A";"N/A";"N/A";"N/A";"N/A";"195.5";"67.41";"";"";"";"";"";"";"";"";"";"";"";"";"";"";"128.09";"";"";"";"";"";"";"";"";"";"";"";"";"";"";"";"";"";"";"";"";"";"";"";"";"";""
"227";"";"1";"fr";"1594508277";"2025-12-12 11:53:13";"2025-12-12 11:56:44";"40";"Féminin";"1";"Inférieur au baccalauréat";"8";"Non";"Non";"Non";"Oui";"Non";"5";"16ans 14ans 11ans 6ans 4 ans";"Non";"Oui";"Non";"Non";"";"Eau bouillante 
Escaliers 
Piscine 
Intoxication produits menage";"N/A";"";"N/A";"N/A";"N/A";"N/A";"N/A";"N/A";"N/A";"";"";"";"";"";"";"";"";"";"";"";"";"";"";"N/A";"N/A";"N/A";"N/A";"N/A";"N/A";"";"N/A";"N/A";"N/A";"N/A";"N/A";"N/A";"N/A";"N/A";"N/A";"N/A";"N/A";"N/A";"N/A";"N/A";"N/A";"N/A";"N/A";"N/A";"N/A";"N/A";"";"";"N/A";"N/A";"N/A";"N/A";"N/A";"N/A";"N/A";"N/A";"N/A";"N/A";"N/A";"N/A";"N/A";"N/A";"N/A";"N/A";"N/A";"N/A";"N/A";"N/A";"N/A";"N/A";"N/A";"N/A";"N/A";"N/A";"N/A";"N/A";"N/A";"210.66";"210.66";"";"";"";"";"";"";"";"";"";"";"";"";"";"";"";"";"";"";"";"";"";"";"";"";"";"";"";"";"";"";"";"";"";"";"";"";"";"";"";"";""
"228";"2025-12-12 12:27:56";"5";"fr";"1794135256";"2025-12-12 12:07:21";"2025-12-12 12:27:56";"34";"Féminin";"13";"≥ Bac + 3";"7";"Non";"Non";"Oui";"Oui";"Non";"2";"2 mois - 4 ans ";"Oui";"Oui";"Non";"Oui";"";"Chutes ";"Non";"2";"Oui";"Non";"Non";"Non";"Non";"Non";"Non";"";"Thermique";"Liquide chaud";"Plus de 60%";"Accidentelles";"";"Les 0-4 ans";"Les 5-14 ans";"Autant chez les filles/femmes que les garçons/hommes";"La cuisine";"";"Four, poêle, biberon trop chaud ";"Oui, et la brûlure est superficielle";"37°C";"Non";"Non";"Oui";"Oui";"Non";"Oui";"Le poignet (côté paume de la main)";"Oui";"Non";"Oui";"Non";"Oui";"Non";"Oui";"Oui";"Oui";"Oui";"Oui";"Oui";"Oui";"Oui";"Oui";"Oui";"Non";"Oui";"Oui";"Non";"";"3";"Non";"Oui";"Non";"Oui";"Oui";"Oui";"Oui";"Oui";"Non";"Oui";"Non";"Non";"Non";"Oui";"Oui";"Non";"Non";"Non";"Non";"Non";"Oui";"Non";"Oui";"Oui";"Oui";"Non";"Oui";"Non";"Oui";"1235.84";"545.66";"";"";"";"";"";"";"";"";"";"";"";"";"";"";"224.14";"";"";"";"";"";"";"";"";"";"";"";"";"";"";"";"";"49.33";"";"410.7";"";"";"";"";"";"6.01";""
"229";"";"";"fr";"74899723";"2025-12-12 12:24:31";"2025-12-12 12:24:31";"";"N/A";"";"";"";"N/A";"N/A";"N/A";"N/A";"N/A";"";"";"N/A";"N/A";"N/A";"N/A";"";"";"N/A";"";"N/A";"N/A";"N/A";"N/A";"N/A";"N/A";"N/A";"";"";"";"";"";"";"";"";"";"";"";"";"";"";"N/A";"N/A";"N/A";"N/A";"N/A";"N/A";"";"N/A";"N/A";"N/A";"N/A";"N/A";"N/A";"N/A";"N/A";"N/A";"N/A";"N/A";"N/A";"N/A";"N/A";"N/A";"N/A";"N/A";"N/A";"N/A";"N/A";"";"";"N/A";"N/A";"N/A";"N/A";"N/A";"N/A";"N/A";"N/A";"N/A";"N/A";"N/A";"N/A";"N/A";"N/A";"N/A";"N/A";"N/A";"N/A";"N/A";"N/A";"N/A";"N/A";"N/A";"N/A";"N/A";"N/A";"N/A";"N/A";"N/A";"0";"";"";"";"";"";"";"";"";"";"";"";"";"";"";"";"";"";"";"";"";"";"";"";"";"";"";"";"";"";"";"";"";"";"";"";"";"";"";"";"";"";""
"230";"2025-12-12 12:39:18";"5";"fr";"170969311";"2025-12-12 12:24:42";"2025-12-12 12:39:18";"29";"Féminin";"7";"≥ Bac + 3";"8";"Non";"Non";"Non";"Oui";"Non";"2";"2 ans";"Non";"Oui";"Non";"Non";"";"Chute dans les escaliers 
Exposition aux produits ménagers 
Exposition à des objets tranchants
Prises électriques non adaptées 
Foyer de cheminée / poêles 
Matériel de cuisson 
Meubles non fixés aux murs 
Brûlure sur eau trop chaude au robinet 
Étouffement sur aliments, jouets, couvertures ";"Non";"4";"Oui";"Non";"Non";"Oui";"Non";"Non";"Non";"";"Thermique";"Liquide chaud";"Environ 40%";"Accidentelles";"";"Les 5-14 ans";"Les 0-4 ans";"Autant chez les filles/femmes que les garçons/hommes";"La cuisine";"";"Eau chaude dans une casserole, robinet, cuisine
Poêle, cheminée 
Produits ménagers";"Oui, et la brûlure est grave";"37°C";"Oui";"Non";"Oui";"Oui";"Non";"Oui";"Le dos de la main";"Oui";"Non";"Non";"Non";"Oui";"Non";"Oui";"Oui";"Oui";"Non";"Non";"Oui";"Oui";"Oui";"Non";"Oui";"Oui";"Oui";"Oui";"Non";"";"4";"Non";"Oui";"Non";"Oui";"Oui";"Non";"Oui";"Oui";"Non";"Oui";"Non";"Non";"Non";"Oui";"Oui";"Non";"Oui";"Oui";"Non";"Oui";"Oui";"Non";"Oui";"Oui";"Oui";"Non";"Oui";"Oui";"Non";"875.81";"237.67";"";"";"";"";"";"";"";"";"";"";"";"";"";"";"286.44";"";"";"";"";"";"";"";"";"";"";"";"";"";"";"";"";"65.97";"";"276.97";"";"";"";"";"";"8.76";""
"231";"2025-12-12 12:35:49";"5";"fr";"666378974";"2025-12-12 12:30:09";"2025-12-12 12:35:49";"36";"Féminin";"57";"≥ Bac + 3";"8";"Non";"Non";"Non";"Non";"Oui";"5";"1 an - 4 ans - 6 ans - 9 ans - 10 ans ";"Non";"Oui";"Non";"Non";"";"Brûlure - Chute - Noyade - Électrocution ";"Non";"3";"Oui";"Non";"Non";"Oui";"Non";"Non";"Non";"";"Thermique";"Liquide chaud";"Plus de 60%";"Accidentelles";"";"Les 0-4 ans";"Les 0-4 ans";"Chez les garçons/hommes";"La cuisine";"";"Bouilloire renversée 
Appareil électrique ";"Oui, et la brûlure est superficielle";"37°C";"Non";"Non";"Non";"Non";"Non";"Oui";"Le poignet (côté paume de la main)";"Oui";"Non";"Oui";"Non";"Oui";"Oui";"Non";"Oui";"Non";"Oui";"Oui";"Non";"Oui";"Oui";"Non";"Non";"Oui";"Oui";"Non";"Non";"";"3";"Non";"Non";"Oui";"Non";"Non";"Non";"Non";"Non";"Oui";"Non";"Non";"Non";"Non";"Non";"Non";"Non";"Non";"Oui";"Non";"Non";"Oui";"Non";"Oui";"Oui";"Non";"Non";"Oui";"Non";"Oui";"342.23";"96.02";"";"";"";"";"";"";"";"";"";"";"";"";"";"";"116.55";"";"";"";"";"";"";"";"";"";"";"";"";"";"";"";"";"40.34";"";"83.77";"";"";"";"";"";"5.55";""
"232";"";"3";"fr";"599896686";"2025-12-12 12:36:04";"2025-12-12 12:43:25";"29";"Féminin";"78";"≥ Bac + 3";"8";"Non";"Non";"Non";"Oui";"Non";"2";"5 mois ";"Non";"Oui";"Non";"Non";"";"Brûlures - ingestion produits caustiques ";"Non";"0";"Non";"Non";"Non";"Oui";"Non";"Non";"Non";"";"Thermique";"Liquide chaud";"Plus de 60%";"Accidentelles";"";"Les 0-4 ans";"Les 5-14 ans";"Autant chez les filles/femmes que les garçons/hommes";"La cuisine";"";"Casserole, four ";"Oui, et la brûlure est grave";"37°C";"Oui";"Non";"Oui";"Oui";"Non";"Oui";"Le poignet (côté paume de la main)";"Oui";"Non";"Oui";"Non";"Oui";"Non";"Oui";"Non";"Oui";"Oui";"Oui";"Oui";"Non";"Oui";"Non";"Oui";"Oui";"Non";"Oui";"Non";"";"";"N/A";"N/A";"N/A";"N/A";"N/A";"N/A";"N/A";"N/A";"N/A";"N/A";"N/A";"N/A";"N/A";"N/A";"N/A";"N/A";"N/A";"N/A";"N/A";"N/A";"N/A";"N/A";"N/A";"N/A";"N/A";"N/A";"N/A";"N/A";"N/A";"442.28";"123.19";"";"";"";"";"";"";"";"";"";"";"";"";"";"";"221.19";"";"";"";"";"";"";"";"";"";"";"";"";"";"";"";"";"97.9";"";"";"";"";"";"";"";"";""
"233";"2025-12-12 12:47:34";"5";"fr";"1362148492";"2025-12-12 12:37:52";"2025-12-12 12:47:34";"32";"Féminin";"27";"≥ Bac + 3";"7";"Non";"Non";"Non";"Non";"Non";"2";"3 ans - 4 mois";"Oui";"Oui";"Non";"Non";"";"Chutes, avaler des substances dangereuses ou objets trop gros, brûlures ";"Non";"3";"Non";"Non";"Oui";"Non";"Non";"Non";"Non";"";"Thermique";"Liquide chaud";"Plus de 60%";"Accidentelles";"";"Les 0-4 ans";"Les 0-4 ans";"Autant chez les filles/femmes que les garçons/hommes";"La cuisine";"";"En essayant d’attraper les poêles et casseroles sur le feu ";"Oui, et la brûlure est grave";"37°C";"Oui";"Non";"Oui";"Oui";"Non";"Oui";"Le poignet (côté paume de la main)";"Oui";"Non";"Oui";"Non";"Oui";"Oui";"Oui";"Non";"Oui";"Oui";"Oui";"Oui";"Oui";"Oui";"Oui";"Oui";"Oui";"Oui";"Oui";"Non";"";"2";"Non";"Non";"Oui";"Non";"Oui";"Oui";"Oui";"Oui";"Non";"Oui";"Non";"Non";"Non";"Non";"Oui";"Non";"Oui";"Non";"Non";"Oui";"Oui";"Non";"Oui";"Oui";"Oui";"Non";"Oui";"Oui";"Oui";"583.79";"121.41";"";"";"";"";"";"";"";"";"";"";"";"";"";"";"176.37";"";"";"";"";"";"";"";"";"";"";"";"";"";"";"";"";"88.45";"";"189.07";"";"";"";"";"";"8.49";""
"234";"2025-12-12 12:50:32";"5";"fr";"1208767027";"2025-12-12 12:42:07";"2025-12-12 12:50:32";"42";"Féminin";"64";"≥ Bac + 3";"7";"Non";"Non";"Oui";"Oui";"Oui";"4";"1 ans 6ans 9ans et 12 ans";"Oui";"Non";"Non";"Non";"";"Chute brulure noyade";"Non";"4";"Oui";"Non";"Non";"Oui";"Non";"Non";"Non";"";"Thermique";"Liquide chaud";"Plus de 60%";"Accidentelles";"";"Les 0-4 ans";"Les 0-4 ans";"Autant chez les filles/femmes que les garçons/hommes";"La cuisine";"";"Bouilloire bain";"Oui, et la brûlure est superficielle";"37°C";"Non";"Non";"Oui";"Oui";"Non";"Oui";"Le poignet (côté paume de la main)";"Oui";"Non";"Oui";"Non";"Oui";"Oui";"Oui";"Non";"Oui";"Non";"Oui";"Oui";"Oui";"Oui";"Non";"Oui";"Oui";"Oui";"Oui";"Non";"";"4";"Non";"Oui";"Non";"Oui";"Non";"Non";"Oui";"Oui";"Non";"Oui";"Non";"Non";"Non";"Oui";"Oui";"Non";"Non";"Oui";"Non";"Non";"Oui";"Non";"Oui";"Oui";"Non";"Non";"Oui";"Oui";"Oui";"506.4";"112.41";"";"";"";"";"";"";"";"";"";"";"";"";"";"";"198.56";"";"";"";"";"";"";"";"";"";"";"";"";"";"";"";"";"55.54";"";"130.21";"";"";"";"";"";"9.68";""
"235";"";"2";"fr";"1118422757";"2025-12-12 12:50:17";"2025-12-12 12:54:32";"36";"Féminin";"94";"Baccalauréat - Bac +2";"6";"Non";"Non";"Non";"Non";"Non";"4";"13 11 8 3";"Oui";"Non";"Non";"Non";"";"Produits ménager, 
Casseroles chaudes
Fer a repasser ";"Non";"3";"Oui";"Non";"Oui";"Oui";"Non";"Non";"Non";"";"Thermique";"Liquide chaud";"Plus de 60%";"Accidentelles";"";"Les 0-4 ans";"Les 0-4 ans";"Autant chez les filles/femmes que les garçons/hommes";"La cuisine";"";"Cuisinière, 
Fer a repasser";"Oui, et la brûlure est grave";"37°C";"Non";"Non";"Non";"Oui";"Non";"Oui";"Le dos de la main";"N/A";"N/A";"N/A";"N/A";"N/A";"N/A";"N/A";"N/A";"N/A";"N/A";"N/A";"N/A";"N/A";"N/A";"N/A";"N/A";"N/A";"N/A";"N/A";"N/A";"";"";"N/A";"N/A";"N/A";"N/A";"N/A";"N/A";"N/A";"N/A";"N/A";"N/A";"N/A";"N/A";"N/A";"N/A";"N/A";"N/A";"N/A";"N/A";"N/A";"N/A";"N/A";"N/A";"N/A";"N/A";"N/A";"N/A";"N/A";"N/A";"N/A";"254.18";"95.15";"";"";"";"";"";"";"";"";"";"";"";"";"";"";"159.03";"";"";"";"";"";"";"";"";"";"";"";"";"";"";"";"";"";"";"";"";"";"";"";"";"";""
"236";"2025-12-12 13:18:20";"5";"fr";"1940389924";"2025-12-12 13:00:50";"2025-12-12 13:18:20";"28";"Féminin";"76";"≥ Bac + 3";"6";"Non";"Non";"Non";"Oui";"Non";"1";"2 ans";"Oui";"Non";"Non";"Non";"";"L’empoisement, les chutes, les brûlures";"Non";"3";"Oui";"Non";"Oui";"Non";"Non";"Non";"Non";"";"Thermique";"Liquide chaud";"Moins de 10%";"Accidentelles";"";"Les 5-14 ans";"Les 0-4 ans";"Chez les filles/femmes";"La cuisine";"";"Le poêle à bois, les casseroles sur le feu, la bouilloire / cafetière ";"Oui, et la brûlure est superficielle";"37°C";"Non";"Non";"Oui";"Oui";"Non";"Oui";"Le poignet (côté paume de la main)";"Oui";"Non";"Oui";"Non";"Oui";"Oui";"Oui";"Oui";"Oui";"Non";"Non";"Oui";"Non";"Oui";"Oui";"Oui";"Oui";"Oui";"Non";"Non";"";"5";"Non";"Non";"Oui";"Non";"Oui";"Oui";"Non";"Non";"Non";"Oui";"Non";"Non";"Non";"Non";"Non";"Non";"Non";"Oui";"Non";"Non";"Oui";"Non";"Oui";"Oui";"Non";"Non";"Oui";"Non";"N/A";"1049.97";"651.74";"";"";"";"";"";"";"";"";"";"";"";"";"";"";"131.87";"";"";"";"";"";"";"";"";"";"";"";"";"";"";"";"";"124.89";"";"134.04";"";"";"";"";"";"7.43";""
"237";"";"";"fr";"330754163";"2025-12-12 13:21:39";"2025-12-12 13:21:39";"";"N/A";"";"";"";"N/A";"N/A";"N/A";"N/A";"N/A";"";"";"N/A";"N/A";"N/A";"N/A";"";"";"N/A";"";"N/A";"N/A";"N/A";"N/A";"N/A";"N/A";"N/A";"";"";"";"";"";"";"";"";"";"";"";"";"";"";"N/A";"N/A";"N/A";"N/A";"N/A";"N/A";"";"N/A";"N/A";"N/A";"N/A";"N/A";"N/A";"N/A";"N/A";"N/A";"N/A";"N/A";"N/A";"N/A";"N/A";"N/A";"N/A";"N/A";"N/A";"N/A";"N/A";"";"";"N/A";"N/A";"N/A";"N/A";"N/A";"N/A";"N/A";"N/A";"N/A";"N/A";"N/A";"N/A";"N/A";"N/A";"N/A";"N/A";"N/A";"N/A";"N/A";"N/A";"N/A";"N/A";"N/A";"N/A";"N/A";"N/A";"N/A";"N/A";"N/A";"0";"";"";"";"";"";"";"";"";"";"";"";"";"";"";"";"";"";"";"";"";"";"";"";"";"";"";"";"";"";"";"";"";"";"";"";"";"";"";"";"";"";""
"238";"";"1";"fr";"1233106538";"2025-12-12 13:24:25";"2025-12-12 13:26:03";"29";"Féminin";"75";"≥ Bac + 3";"9";"Non";"Non";"Non";"Oui";"Non";"1";"1 an";"Oui";"Non";"Non";"Non";"";"Produits domestiques 
Meubles dangereux ";"N/A";"";"N/A";"N/A";"N/A";"N/A";"N/A";"N/A";"N/A";"";"";"";"";"";"";"";"";"";"";"";"";"";"";"N/A";"N/A";"N/A";"N/A";"N/A";"N/A";"";"N/A";"N/A";"N/A";"N/A";"N/A";"N/A";"N/A";"N/A";"N/A";"N/A";"N/A";"N/A";"N/A";"N/A";"N/A";"N/A";"N/A";"N/A";"N/A";"N/A";"";"";"N/A";"N/A";"N/A";"N/A";"N/A";"N/A";"N/A";"N/A";"N/A";"N/A";"N/A";"N/A";"N/A";"N/A";"N/A";"N/A";"N/A";"N/A";"N/A";"N/A";"N/A";"N/A";"N/A";"N/A";"N/A";"N/A";"N/A";"N/A";"N/A";"98.79";"98.79";"";"";"";"";"";"";"";"";"";"";"";"";"";"";"";"";"";"";"";"";"";"";"";"";"";"";"";"";"";"";"";"";"";"";"";"";"";"";"";"";""
"239";"";"";"fr";"1279724410";"2025-12-12 13:27:24";"2025-12-12 13:27:24";"";"N/A";"";"";"";"N/A";"N/A";"N/A";"N/A";"N/A";"";"";"N/A";"N/A";"N/A";"N/A";"";"";"N/A";"";"N/A";"N/A";"N/A";"N/A";"N/A";"N/A";"N/A";"";"";"";"";"";"";"";"";"";"";"";"";"";"";"N/A";"N/A";"N/A";"N/A";"N/A";"N/A";"";"N/A";"N/A";"N/A";"N/A";"N/A";"N/A";"N/A";"N/A";"N/A";"N/A";"N/A";"N/A";"N/A";"N/A";"N/A";"N/A";"N/A";"N/A";"N/A";"N/A";"";"";"N/A";"N/A";"N/A";"N/A";"N/A";"N/A";"N/A";"N/A";"N/A";"N/A";"N/A";"N/A";"N/A";"N/A";"N/A";"N/A";"N/A";"N/A";"N/A";"N/A";"N/A";"N/A";"N/A";"N/A";"N/A";"N/A";"N/A";"N/A";"N/A";"0";"";"";"";"";"";"";"";"";"";"";"";"";"";"";"";"";"";"";"";"";"";"";"";"";"";"";"";"";"";"";"";"";"";"";"";"";"";"";"";"";"";""
"240";"";"3";"fr";"2063026512";"2025-12-12 13:30:19";"2025-12-12 13:34:51";"35";"Féminin";"36";"≥ Bac + 3";"7";"Oui";"Non";"Non";"Non";"Non";"5";"<1 - 3 ans -6 ans -8 ans - 13 ans ";"Oui";"Non";"Non";"Non";"";"Brûlure cheminée ";"Oui";"2";"Non";"Non";"Oui";"Non";"Non";"Non";"Non";"";"Thermique";"Flamme/feu";"Environ 40%";"Accidentelles";"";"Les 0-4 ans";"Les 0-4 ans";"Autant chez les filles/femmes que les garçons/hommes";"La cuisine";"";"Cuisine , four 
Feu cheminé ";"Oui, et la brûlure est grave";"35°C";"Oui";"Oui";"Oui";"Oui";"Non";"Oui";"Le poignet (côté dos de la main)";"Oui";"Non";"Oui";"Non";"Oui";"Oui";"Non";"Oui";"Non";"Non";"Non";"Non";"Non";"Non";"Non";"Non";"Non";"Non";"Non";"Non";"";"";"N/A";"N/A";"N/A";"N/A";"N/A";"N/A";"N/A";"N/A";"N/A";"N/A";"N/A";"N/A";"N/A";"N/A";"N/A";"N/A";"N/A";"N/A";"N/A";"N/A";"N/A";"N/A";"N/A";"N/A";"N/A";"N/A";"N/A";"N/A";"N/A";"273.39";"132.38";"";"";"";"";"";"";"";"";"";"";"";"";"";"";"120.04";"";"";"";"";"";"";"";"";"";"";"";"";"";"";"";"";"20.97";"";"";"";"";"";"";"";"";""
"241";"2025-12-12 13:55:55";"5";"fr";"576179398";"2025-12-12 13:47:51";"2025-12-12 13:55:55";"36";"Féminin";"24";"≥ Bac + 3";"7";"Non";"Non";"Non";"Oui";"Non";"4";"8-6-4-1";"Oui";"Non";"Non";"Non";"";"Brûlure par poêle à bois, dans la cuisine, chute d’un meuble, ingestion de produit ménager ou pharmaceutique";"Non";"5";"Non";"Non";"Oui";"Oui";"Non";"Non";"Non";"";"Thermique";"Liquide chaud";"Plus de 60%";"Accidentelles";"";"Les 0-4 ans";"Les 0-4 ans";"Autant chez les filles/femmes que les garçons/hommes";"La cuisine";"";"Casserole d’eau brûlante, poêle bois/cheminee, produits chimiques";"Oui, et la brûlure est superficielle";"39°C";"Oui";"Non";"Oui";"Non";"Non";"Non";"Le dos de la main";"Oui";"Non";"Oui";"Non";"Oui";"Oui";"Oui";"Non";"Oui";"Non";"Non";"Oui";"Oui";"Non";"Oui";"Oui";"Oui";"Non";"Oui";"Non";"";"5";"Non";"Oui";"Oui";"Non";"Oui";"Non";"Non";"Oui";"Oui";"Non";"Non";"Non";"Non";"Oui";"Non";"Non";"Oui";"Non";"Non";"Oui";"Non";"Non";"Oui";"Oui";"Oui";"Non";"Oui";"Non";"N/A";"485.87";"112.41";"";"";"";"";"";"";"";"";"";"";"";"";"";"";"174.46";"";"";"";"";"";"";"";"";"";"";"";"";"";"";"";"";"54.49";"";"137.1";"";"";"";"";"";"7.41";""
"242";"2025-12-12 13:56:49";"5";"fr";"979932061";"2025-12-12 13:50:34";"2025-12-12 13:56:49";"39";"Féminin";"50";"≥ Bac + 3";"8";"Non";"Non";"Non";"Non";"Non";"4";"15 ans, 13 ans, 10 ans, 3 ans";"Non";"Oui";"Non";"Non";"";"Brûlure, chute";"Non";"5";"Non";"Non";"Non";"Non";"Non";"Non";"Non";"Le bon sens";"Thermique";"Liquide chaud";"Plus de 60%";"Accidentelles";"";"Les 0-4 ans";"Les 0-4 ans";"Autant chez les filles/femmes que les garçons/hommes";"La cuisine";"";"Casseroles, four ";"Oui, et la brûlure est grave";"37°C";"Non";"Non";"Oui";"Oui";"Non";"Oui";"Le poignet (côté paume de la main)";"Oui";"Non";"Oui";"Non";"Oui";"Oui";"Oui";"Non";"Non";"Non";"Non";"Oui";"Non";"Oui";"Non";"Oui";"Non";"Oui";"Oui";"Non";"";"4";"Non";"Non";"Non";"Oui";"Non";"Non";"Non";"Non";"Non";"Oui";"Non";"Non";"Non";"Non";"Oui";"Non";"Non";"Non";"Non";"Oui";"Oui";"Non";"Oui";"Non";"Non";"Non";"Oui";"Non";"Non";"375.54";"86.93";"";"";"";"";"";"";"";"";"";"";"";"";"";"";"147.31";"";"";"";"";"";"";"";"";"";"";"";"";"";"";"";"";"54.09";"";"82.61";"";"";"";"";"";"4.6";""
"243";"";"1";"fr";"147643482";"2025-12-12 13:56:30";"2025-12-12 13:57:56";"29";"Féminin";"92";"≥ Bac + 3";"8";"Non";"Non";"Non";"Oui";"Non";"2";"1 ans - 3 ans";"Oui";"Non";"Non";"Non";"";"Intoxication 
Chute
Électrisation 
Noyade";"N/A";"";"N/A";"N/A";"N/A";"N/A";"N/A";"N/A";"N/A";"";"";"";"";"";"";"";"";"";"";"";"";"";"";"N/A";"N/A";"N/A";"N/A";"N/A";"N/A";"";"N/A";"N/A";"N/A";"N/A";"N/A";"N/A";"N/A";"N/A";"N/A";"N/A";"N/A";"N/A";"N/A";"N/A";"N/A";"N/A";"N/A";"N/A";"N/A";"N/A";"";"";"N/A";"N/A";"N/A";"N/A";"N/A";"N/A";"N/A";"N/A";"N/A";"N/A";"N/A";"N/A";"N/A";"N/A";"N/A";"N/A";"N/A";"N/A";"N/A";"N/A";"N/A";"N/A";"N/A";"N/A";"N/A";"N/A";"N/A";"N/A";"N/A";"86.25";"86.25";"";"";"";"";"";"";"";"";"";"";"";"";"";"";"";"";"";"";"";"";"";"";"";"";"";"";"";"";"";"";"";"";"";"";"";"";"";"";"";"";""
"244";"2025-12-12 14:07:29";"5";"fr";"44596321";"2025-12-12 14:00:43";"2025-12-12 14:07:29";"35";"Féminin";"37";"≥ Bac + 3";"5";"Non";"Non";"Non";"Oui";"Non";"2";"5 ans - 12 mois";"Non";"Oui";"Non";"Non";"";"Brûlures, électrocution, noyade";"Oui";"5";"Non";"Non";"Non";"Oui";"Non";"Non";"Non";"";"Thermique";"Liquide chaud";"Plus de 60%";"Accidentelles";"";"Les 0-4 ans";"Les 0-4 ans";"Chez les filles/femmes";"La cuisine";"";"Une tasse de café ou de thé, une casserole d'eau";"Oui, et la brûlure est grave";"37°C";"Oui";"Oui";"Oui";"Oui";"Oui";"Oui";"Le poignet (côté paume de la main)";"Oui";"Non";"Oui";"Non";"Oui";"Non";"Oui";"Non";"Oui";"Non";"Oui";"Oui";"Oui";"Oui";"Oui";"Oui";"Non";"Oui";"Oui";"Non";"";"5";"Non";"Oui";"Non";"Oui";"Non";"Oui";"Oui";"Oui";"Oui";"Non";"Non";"Non";"Non";"Oui";"Oui";"Non";"Non";"Oui";"Non";"Oui";"Oui";"Non";"Oui";"Oui";"Oui";"Non";"Oui";"Oui";"N/A";"406.88";"97.89";"";"";"";"";"";"";"";"";"";"";"";"";"";"";"142.28";"";"";"";"";"";"";"";"";"";"";"";"";"";"";"";"";"42.89";"";"117.51";"";"";"";"";"";"6.31";""
"245";"";"";"fr";"1569312964";"2025-12-12 14:06:39";"2025-12-12 14:06:39";"";"N/A";"";"";"";"N/A";"N/A";"N/A";"N/A";"N/A";"";"";"N/A";"N/A";"N/A";"N/A";"";"";"N/A";"";"N/A";"N/A";"N/A";"N/A";"N/A";"N/A";"N/A";"";"";"";"";"";"";"";"";"";"";"";"";"";"";"N/A";"N/A";"N/A";"N/A";"N/A";"N/A";"";"N/A";"N/A";"N/A";"N/A";"N/A";"N/A";"N/A";"N/A";"N/A";"N/A";"N/A";"N/A";"N/A";"N/A";"N/A";"N/A";"N/A";"N/A";"N/A";"N/A";"";"";"N/A";"N/A";"N/A";"N/A";"N/A";"N/A";"N/A";"N/A";"N/A";"N/A";"N/A";"N/A";"N/A";"N/A";"N/A";"N/A";"N/A";"N/A";"N/A";"N/A";"N/A";"N/A";"N/A";"N/A";"N/A";"N/A";"N/A";"N/A";"N/A";"0";"";"";"";"";"";"";"";"";"";"";"";"";"";"";"";"";"";"";"";"";"";"";"";"";"";"";"";"";"";"";"";"";"";"";"";"";"";"";"";"";"";""
"246";"2025-12-12 14:46:29";"5";"fr";"2039243026";"2025-12-12 14:33:10";"2025-12-12 14:46:29";"36";"Masculin";"59";"≥ Bac + 3";"7";"Oui";"Non";"Non";"Oui";"Non";"3";"6 ans - 3 ans - 11 mois";"Oui";"Non";"Non";"Non";"";"Chute canapé 
Doigt coincé dans une porte 
Brûlure 
";"Non";"5";"Non";"Non";"Non";"Non";"Non";"Non";"Non";"Ma formation d’interne en médecine ";"Thermique";"Liquide chaud";"Moins de 10%";"Accidentelles";"";"Les 0-4 ans";"Les 0-4 ans";"Autant chez les filles/femmes que les garçons/hommes";"La cuisine";"";"Casserole d’eau chaude 
Vitre de four (pour les anciens four), poêle à granule 

";"Oui, et la brûlure est superficielle";"37°C";"Non";"Non";"Oui";"Oui";"Non";"Oui";"Le poignet (côté paume de la main)";"Oui";"Non";"Oui";"Non";"Oui";"Oui";"Oui";"Non";"Non";"Non";"Oui";"Non";"Non";"Non";"Non";"Non";"Oui";"Non";"Oui";"Non";"";"5";"Non";"Oui";"Non";"Oui";"Non";"Non";"Non";"Oui";"Non";"Oui";"Non";"Oui";"Non";"Oui";"Non";"Non";"Non";"Non";"Non";"Non";"Oui";"Non";"Non";"Oui";"Non";"Non";"Oui";"Non";"N/A";"800.29";"201.19";"";"";"";"";"";"";"";"";"";"";"";"";"";"";"256";"";"";"";"";"";"";"";"";"";"";"";"";"";"";"";"";"91.13";"";"236.09";"";"";"";"";"";"15.88";""
"247";"";"";"fr";"1231951368";"2025-12-12 14:34:22";"2025-12-12 14:34:22";"";"N/A";"";"";"";"N/A";"N/A";"N/A";"N/A";"N/A";"";"";"N/A";"N/A";"N/A";"N/A";"";"";"N/A";"";"N/A";"N/A";"N/A";"N/A";"N/A";"N/A";"N/A";"";"";"";"";"";"";"";"";"";"";"";"";"";"";"N/A";"N/A";"N/A";"N/A";"N/A";"N/A";"";"N/A";"N/A";"N/A";"N/A";"N/A";"N/A";"N/A";"N/A";"N/A";"N/A";"N/A";"N/A";"N/A";"N/A";"N/A";"N/A";"N/A";"N/A";"N/A";"N/A";"";"";"N/A";"N/A";"N/A";"N/A";"N/A";"N/A";"N/A";"N/A";"N/A";"N/A";"N/A";"N/A";"N/A";"N/A";"N/A";"N/A";"N/A";"N/A";"N/A";"N/A";"N/A";"N/A";"N/A";"N/A";"N/A";"N/A";"N/A";"N/A";"N/A";"0";"";"";"";"";"";"";"";"";"";"";"";"";"";"";"";"";"";"";"";"";"";"";"";"";"";"";"";"";"";"";"";"";"";"";"";"";"";"";"";"";"";""
"248";"2025-12-12 14:49:43";"5";"fr";"840814365";"2025-12-12 14:35:56";"2025-12-12 14:49:43";"44";"Féminin";"60";"≥ Bac + 3";"6";"Non";"Non";"Non";"Oui";"Non";"2";"3 ans - 8 ans";"Oui";"Non";"Non";"Non";"Sos medecin";"Brulure,  chute, ingestion toxique, étouffement, noyade ";"Oui";"4";"Oui";"Non";"Non";"Oui";"Non";"Non";"Non";"";"Thermique";"Liquide chaud";"Environ 40%";"Accidentelles";"";"Les 0-4 ans";"Les 0-4 ans";"Autant chez les filles/femmes que les garçons/hommes";"La salle de bain";"";"Poêle a bois, casserole eau bouillante , repas trop chaud, eau du bain ";"Oui, et la brûlure est grave";"37°C";"Oui";"Non";"Oui";"Oui";"Non";"Oui";"Le poignet (côté paume de la main)";"Oui";"Non";"Oui";"Non";"Oui";"Oui";"Oui";"Non";"Oui";"Non";"Non";"Oui";"Non";"Oui";"Oui";"Oui";"Oui";"Oui";"Oui";"Non";"";"5";"Non";"Oui";"Oui";"Non";"Oui";"Non";"Oui";"Oui";"Oui";"Non";"Non";"Non";"Non";"Oui";"Oui";"Non";"Non";"Oui";"Non";"Non";"Oui";"Non";"Oui";"Oui";"Non";"Non";"Oui";"Oui";"Oui";"829.18";"169.24";"";"";"";"";"";"";"";"";"";"";"";"";"";"";"375.44";"";"";"";"";"";"";"";"";"";"";"";"";"";"";"";"";"81.64";"";"193.18";"";"";"";"";"";"9.68";""
"249";"";"3";"fr";"1903616598";"2025-12-12 14:38:17";"2025-12-12 14:44:00";"34";"Féminin";"6";"≥ Bac + 3";"7";"Oui";"Non";"Oui";"Oui";"Non";"2";"1 an - 4 ans ";"Non";"Oui";"Non";"Non";"";"Chute avec TC 
Inhalation objet 
Noyade dans le bain ou piscine 
Ingestion produit toxique ménager 
";"Non";"2";"Non";"Non";"Non";"Non";"Non";"Non";"Non";"Culture personnelle ";"Thermique";"Liquide chaud";"Environ 40%";"Liées à de la maltraitance";"";"Les 5-14 ans";"Les 0-4 ans";"Autant chez les filles/femmes que les garçons/hommes";"La cuisine";"";"Plaque de cuisson 
Four 
Aliment";"Oui, et la brûlure est superficielle";"37°C";"Oui";"Non";"Non";"Oui";"Non";"Oui";"Le poignet (côté paume de la main)";"Non";"Oui";"Oui";"Oui";"Non";"Oui";"Oui";"Oui";"Oui";"Oui";"Non";"Oui";"Non";"Oui";"Oui";"Oui";"Oui";"Oui";"Oui";"Non";"";"";"N/A";"N/A";"N/A";"N/A";"N/A";"N/A";"N/A";"N/A";"N/A";"N/A";"N/A";"N/A";"N/A";"N/A";"N/A";"N/A";"N/A";"N/A";"N/A";"N/A";"N/A";"N/A";"N/A";"N/A";"N/A";"N/A";"N/A";"N/A";"N/A";"344.02";"156.98";"";"";"";"";"";"";"";"";"";"";"";"";"";"";"145.13";"";"";"";"";"";"";"";"";"";"";"";"";"";"";"";"";"41.91";"";"";"";"";"";"";"";"";""
"250";"2025-12-12 14:47:58";"5";"fr";"1481120285";"2025-12-12 14:39:09";"2025-12-12 14:47:58";"31";"Féminin";"67";"≥ Bac + 3";"8";"Non";"Non";"Non";"Oui";"Non";"1";"5 mois";"Oui";"Non";"Non";"Non";"";"Étouffement 
Fausse route
Écrasement ";"Non";"1";"Oui";"Non";"Non";"Oui";"Non";"Non";"Non";"";"Chimique";"Liquide chaud";"Plus de 60%";"Accidentelles";"";"Les 0-4 ans";"Les 0-4 ans";"Autant chez les filles/femmes que les garçons/hommes";"La cuisine";"";"Tasse de café chaud sur la table";"Oui, et la brûlure est grave";"37°C";"Oui";"Non";"Oui";"Oui";"Non";"Oui";"Le poignet (côté paume de la main)";"Oui";"Non";"Oui";"Oui";"Oui";"Non";"Oui";"Oui";"Non";"Oui";"Oui";"Oui";"Oui";"Oui";"Oui";"Oui";"Oui";"Oui";"Oui";"Non";"";"5";"Non";"Oui";"Non";"Oui";"Oui";"Non";"Oui";"Oui";"Non";"Oui";"Non";"Non";"Non";"Oui";"Oui";"Non";"Non";"Non";"Non";"Oui";"Oui";"Non";"Oui";"Oui";"Non";"Non";"Oui";"Non";"N/A";"530.22";"154.2";"";"";"";"";"";"";"";"";"";"";"";"";"";"";"171.12";"";"";"";"";"";"";"";"";"";"";"";"";"";"";"";"";"52";"";"143.76";"";"";"";"";"";"9.14";""
"251";"2025-12-12 15:12:49";"5";"fr";"1218043707";"2025-12-12 15:04:57";"2025-12-12 15:12:49";"28";"Féminin";"62";"≥ Bac + 3";"7";"Non";"Non";"Non";"Non";"Non";"1";"7 mois";"Non";"Oui";"Non";"Non";"";"Chutes, ingestion de petit objets ou de produits ménagers. ";"Non";"3";"Oui";"Non";"Non";"Non";"Non";"Non";"Non";"";"Thermique";"Liquide chaud";"Plus de 60%";"Accidentelles";"";"Les 0-4 ans";"Les 0-4 ans";"Autant chez les filles/femmes que les garçons/hommes";"La cuisine";"";"Biberon ou nourriture trop chauds ";"Oui, et la brûlure est superficielle";"37°C";"Non";"Non";"Oui";"Oui";"Non";"Oui";"Le dos de la main";"Oui";"Non";"Oui";"Oui";"Oui";"Non";"Oui";"Oui";"Non";"Oui";"Oui";"Oui";"Non";"Non";"Non";"Oui";"Non";"Oui";"Oui";"Non";"";"2";"Non";"Oui";"Oui";"Non";"Non";"Non";"Oui";"Oui";"Oui";"Non";"Non";"Non";"Non";"Non";"Oui";"Non";"Non";"Non";"Non";"Non";"Oui";"Non";"Oui";"Oui";"Non";"Non";"Oui";"Oui";"Oui";"473.85";"127.32";"";"";"";"";"";"";"";"";"";"";"";"";"";"";"152.31";"";"";"";"";"";"";"";"";"";"";"";"";"";"";"";"";"51.58";"";"136.77";"";"";"";"";"";"5.87";""
"252";"";"1";"fr";"1853574134";"2025-12-12 15:12:54";"2025-12-12 15:15:08";"40";"Féminin";"35";"≥ Bac + 3";"5";"Oui";"Non";"Non";"Non";"Non";"6";"16ans- 14ans- 11 ans- 5ans- 3 ans- 1 an";"Oui";"Non";"Non";"Non";"";"Chute d'escalier ";"N/A";"";"N/A";"N/A";"N/A";"N/A";"N/A";"N/A";"N/A";"";"";"";"";"";"";"";"";"";"";"";"";"";"";"N/A";"N/A";"N/A";"N/A";"N/A";"N/A";"";"N/A";"N/A";"N/A";"N/A";"N/A";"N/A";"N/A";"N/A";"N/A";"N/A";"N/A";"N/A";"N/A";"N/A";"N/A";"N/A";"N/A";"N/A";"N/A";"N/A";"";"";"N/A";"N/A";"N/A";"N/A";"N/A";"N/A";"N/A";"N/A";"N/A";"N/A";"N/A";"N/A";"N/A";"N/A";"N/A";"N/A";"N/A";"N/A";"N/A";"N/A";"N/A";"N/A";"N/A";"N/A";"N/A";"N/A";"N/A";"N/A";"N/A";"134.84";"134.84";"";"";"";"";"";"";"";"";"";"";"";"";"";"";"";"";"";"";"";"";"";"";"";"";"";"";"";"";"";"";"";"";"";"";"";"";"";"";"";"";""
"253";"";"2";"fr";"200348616";"2025-12-12 15:13:35";"2025-12-12 15:24:21";"28";"Féminin";"38";"Baccalauréat - Bac +2";"6";"Non";"Non";"Non";"Non";"Non";"1";"1an";"Oui";"Non";"Non";"Non";"";"Chute
Empoisonnement au produit ménager 
Brûlure avec le gaz ou le feu ( cheminé ou poêle ) 
Coupure avec des ustensiles de cuisine ou autre 
Électrocution avec les prises 
Étouffement avec la nourriture 
";"Non";"4";"Oui";"Non";"Non";"Oui";"Non";"Non";"Non";"";"Chimique";"Liquide chaud";"Moins de 10%";"Accidentelles";"";"Les 0-4 ans";"Les 5-14 ans";"Autant chez les filles/femmes que les garçons/hommes";"La cuisine";"";"Gaziniere plasue de cuisson 
";"Oui, et la brûlure est superficielle";"37°C";"Non";"Non";"Oui";"Non";"Non";"Non";"Le poignet (côté paume de la main)";"N/A";"N/A";"N/A";"N/A";"N/A";"N/A";"N/A";"N/A";"N/A";"N/A";"N/A";"N/A";"N/A";"N/A";"N/A";"N/A";"N/A";"N/A";"N/A";"N/A";"";"";"N/A";"N/A";"N/A";"N/A";"N/A";"N/A";"N/A";"N/A";"N/A";"N/A";"N/A";"N/A";"N/A";"N/A";"N/A";"N/A";"N/A";"N/A";"N/A";"N/A";"N/A";"N/A";"N/A";"N/A";"N/A";"N/A";"N/A";"N/A";"N/A";"645.69";"329.2";"";"";"";"";"";"";"";"";"";"";"";"";"";"";"316.49";"";"";"";"";"";"";"";"";"";"";"";"";"";"";"";"";"";"";"";"";"";"";"";"";"";""
"254";"2025-12-12 15:20:46";"5";"fr";"1433307403";"2025-12-12 15:14:14";"2025-12-12 15:20:46";"41";"Féminin";"6";"≥ Bac + 3";"10";"Non";"Non";"Non";"Non";"Non";"4";"12 ans - 10 ans - 6 ans - 3 ans";"Non";"Oui";"Non";"Non";"";"Blessures, coupures, brûlures, empoisonnement, chutes";"Non";"3";"Non";"Non";"Non";"Non";"Non";"Non";"Non";"Recherches personnelles et histoire personnelle";"Chimique";"Liquide chaud";"Plus de 60%";"Accidentelles";"";"Les 0-4 ans";"Les 0-4 ans";"Chez les garçons/hommes";"La cuisine";"";"Eau ou huile bouillante, feu (cheminée, barbecue), plaques électriques, four";"Oui, et la brûlure est grave";"37°C";"Non";"Non";"Oui";"Oui";"Non";"Oui";"Le dos de la main";"Oui";"Oui";"Oui";"Non";"Oui";"Oui";"Oui";"Non";"Oui";"Oui";"Non";"Oui";"Oui";"Non";"Oui";"Oui";"Non";"Oui";"Oui";"Non";"";"2";"Non";"Oui";"Oui";"Non";"Non";"Non";"Oui";"Oui";"Oui";"Non";"Non";"Non";"Non";"Non";"Oui";"Non";"Oui";"Oui";"Non";"Non";"Non";"Non";"Oui";"Oui";"Non";"Non";"Oui";"Non";"Oui";"392.34";"115.51";"";"";"";"";"";"";"";"";"";"";"";"";"";"";"141.47";"";"";"";"";"";"";"";"";"";"";"";"";"";"";"";"";"43.95";"";"81.37";"";"";"";"";"";"10.04";""
"255";"";"4";"fr";"1106561377";"2025-12-12 15:15:20";"2025-12-12 15:25:58";"40";"Féminin";"78";"≥ Bac + 3";"5";"Oui";"Non";"Non";"Non";"Non";"6";"17 ans-16ans-11 ans-10 ans- 3 ans- 20mois ";"Oui";"Non";"Non";"Non";"";"Chutes, doigts dans les portes ";"Non";"5";"Non";"Non";"Non";"Non";"Non";"Non";"Non";"Je sais, je ne suis pas idiote ";"Par rayonnement d'une grande source de chaleur";"Liquide chaud";"Environ 40%";"Accidentelles";"";"Les 5-14 ans";"";"Autant chez les filles/femmes que les garçons/hommes";"La cuisine";"";"Cuisine. Casserole ";"Oui, et la brûlure est grave";"37°C";"Oui";"Non";"Non";"Oui";"Non";"Non";"Le poignet (côté paume de la main)";"Oui";"Non";"Oui";"Oui";"Oui";"Non";"Oui";"Oui";"Oui";"Non";"Oui";"Oui";"Non";"Non";"Oui";"Oui";"Oui";"Oui";"Oui";"Non";"";"5";"Non";"Oui";"Non";"Oui";"Non";"Non";"Oui";"Non";"Non";"Oui";"Non";"Non";"Oui";"Oui";"Oui";"Non";"Non";"Non";"Non";"Non";"Oui";"Non";"Oui";"Non";"Oui";"Non";"Oui";"Non";"N/A";"639.27";"230.5";"";"";"";"";"";"";"";"";"";"";"";"";"";"";"216.4";"";"";"";"";"";"";"";"";"";"";"";"";"";"";"";"";"68.12";"";"124.25";"";"";"";"";"";"";""
"256";"";"";"fr";"1166516243";"2025-12-12 15:41:23";"2025-12-12 15:41:23";"";"N/A";"";"";"";"N/A";"N/A";"N/A";"N/A";"N/A";"";"";"N/A";"N/A";"N/A";"N/A";"";"";"N/A";"";"N/A";"N/A";"N/A";"N/A";"N/A";"N/A";"N/A";"";"";"";"";"";"";"";"";"";"";"";"";"";"";"N/A";"N/A";"N/A";"N/A";"N/A";"N/A";"";"N/A";"N/A";"N/A";"N/A";"N/A";"N/A";"N/A";"N/A";"N/A";"N/A";"N/A";"N/A";"N/A";"N/A";"N/A";"N/A";"N/A";"N/A";"N/A";"N/A";"";"";"N/A";"N/A";"N/A";"N/A";"N/A";"N/A";"N/A";"N/A";"N/A";"N/A";"N/A";"N/A";"N/A";"N/A";"N/A";"N/A";"N/A";"N/A";"N/A";"N/A";"N/A";"N/A";"N/A";"N/A";"N/A";"N/A";"N/A";"N/A";"N/A";"0";"";"";"";"";"";"";"";"";"";"";"";"";"";"";"";"";"";"";"";"";"";"";"";"";"";"";"";"";"";"";"";"";"";"";"";"";"";"";"";"";"";""
"257";"";"1";"fr";"1252862835";"2025-12-12 15:41:48";"2025-12-12 15:47:18";"36";"Féminin";"75";"≥ Bac + 3";"6";"Non";"Non";"Non";"Oui";"Non";"4";"3,5,8,10";"Oui";"Oui";"Non";"Non";"";"Inhalation ou ingestion de corps étranger 
Doigt dans une porte
Brûlure 
Chute
Électrocution 
Accident de la route (dans un jardin/une allée)";"N/A";"";"N/A";"N/A";"N/A";"N/A";"N/A";"N/A";"N/A";"";"";"";"";"";"";"";"";"";"";"";"";"";"";"N/A";"N/A";"N/A";"N/A";"N/A";"N/A";"";"N/A";"N/A";"N/A";"N/A";"N/A";"N/A";"N/A";"N/A";"N/A";"N/A";"N/A";"N/A";"N/A";"N/A";"N/A";"N/A";"N/A";"N/A";"N/A";"N/A";"";"";"N/A";"N/A";"N/A";"N/A";"N/A";"N/A";"N/A";"N/A";"N/A";"N/A";"N/A";"N/A";"N/A";"N/A";"N/A";"N/A";"N/A";"N/A";"N/A";"N/A";"N/A";"N/A";"N/A";"N/A";"N/A";"N/A";"N/A";"N/A";"N/A";"330.44";"330.44";"";"";"";"";"";"";"";"";"";"";"";"";"";"";"";"";"";"";"";"";"";"";"";"";"";"";"";"";"";"";"";"";"";"";"";"";"";"";"";"";""
"258";"";"3";"fr";"1731060438";"2025-12-12 16:03:34";"2025-12-12 16:10:42";"26";"Féminin";"69";"≥ Bac + 3";"6";"Non";"Non";"Non";"Oui";"Non";"2";"2 ans et demi - 13 mois";"Non";"Oui";"Non";"Non";"";"Électroménager à leur portée (four), brûlures avec ustensiles cuisine 
Produits ménagers toxiques 
Chute dans les escaliers 
Noyade piscine ";"Oui";"5";"Oui";"Non";"Non";"Non";"Oui";"Non";"Non";"";"Thermique";"Solide chaud";"Plus de 60%";"Accidentelles";"";"Les 0-4 ans";"Les 0-4 ans";"Autant chez les filles/femmes que les garçons/hommes";"La cuisine";"";"Four 
Liquide chaud (thé café des parents)
Projections d’ustensiles type poeles  
";"Oui, et la brûlure est grave";"37°C";"Non";"Non";"Oui";"Oui";"Non";"Oui";"Le poignet (côté paume de la main)";"Oui";"Non";"Oui";"Oui";"Oui";"Non";"Oui";"Non";"Non";"Non";"Oui";"Oui";"Non";"Non";"Non";"Oui";"Oui";"Oui";"Oui";"Non";"";"";"N/A";"N/A";"N/A";"N/A";"N/A";"N/A";"N/A";"N/A";"N/A";"N/A";"N/A";"N/A";"N/A";"N/A";"N/A";"N/A";"N/A";"N/A";"N/A";"N/A";"N/A";"N/A";"N/A";"N/A";"N/A";"N/A";"N/A";"N/A";"N/A";"429.96";"177.44";"";"";"";"";"";"";"";"";"";"";"";"";"";"";"203.72";"";"";"";"";"";"";"";"";"";"";"";"";"";"";"";"";"48.8";"";"";"";"";"";"";"";"";""
"259";"2025-12-12 16:19:43";"5";"fr";"2105372309";"2025-12-12 16:09:36";"2025-12-12 16:19:43";"30";"Féminin";"52";"≥ Bac + 3";"9";"Non";"Non";"Non";"Non";"Non";"3";"5 ans - 4 ans - 21 mois";"Non";"Non";"Non";"Non";"Mon mari médecin ";"Brûlure, noyade, accident avec les couteaux de cuisine, chute dans les escaliers ";"Non";"3";"Non";"Oui";"Non";"Non";"Non";"Non";"Non";"";"Thermique";"Liquide chaud";"Plus de 60%";"Accidentelles";"";"Les 0-4 ans";"Les 0-4 ans";"Autant chez les filles/femmes que les garçons/hommes";"La cuisine";"";"En attrapant une casserole qui se renverse sur lui ";"";"35°C";"Oui";"Non";"Oui";"Oui";"Non";"Non";"Le poignet (côté paume de la main)";"Oui";"Non";"Non";"Non";"Oui";"Oui";"Oui";"Non";"Oui";"Non";"Non";"Oui";"Oui";"Oui";"Oui";"Non";"Oui";"Non";"Non";"Non";"";"4";"Non";"Oui";"Oui";"Non";"Non";"Non";"Non";"Oui";"Non";"Oui";"Non";"Non";"Non";"Oui";"Non";"Non";"Non";"Oui";"Non";"Non";"Oui";"Non";"Oui";"Oui";"Oui";"Non";"Oui";"Non";"N/A";"609.05";"127.24";"";"";"";"";"";"";"";"";"";"";"";"";"";"";"155.41";"";"";"";"";"";"";"";"";"";"";"";"";"";"";"";"";"94.31";"";"217.32";"";"";"";"";"";"14.77";""
"260";"2025-12-12 16:27:05";"5";"fr";"482841566";"2025-12-12 16:17:51";"2025-12-12 16:27:05";"29";"Féminin";"21";"≥ Bac + 3";"8";"Non";"Non";"Non";"Oui";"Non";"2";"2 ans - 3 mois";"Non";"Oui";"Non";"Non";"";"Chutes du mobilier (canapé, chaises, lit…), chute dans les escaliers ou d’une mezzanine, Brûlures, ingestion objets, prises électriques, coupure par objets coupants (couteaux, outils…), ingestion de médicaments ou produits ménagers, pincements main/ doigts dans une porte ou fenêtre, plaie par coups contre un coin / bord de fenêtre … ";"Non";"5";"Non";"Non";"Non";"Oui";"Non";"Non";"Non";"Cours de médecine ";"Thermique";"Liquide chaud";"Plus de 60%";"Accidentelles";"";"Les 0-4 ans";"Les 0-4 ans";"Chez les garçons/hommes";"La cuisine";"";"En attrapant une casserole chaude";"Oui, et la brûlure est superficielle";"37°C";"Non";"Oui";"Non";"Oui";"Non";"Oui";"Le poignet (côté paume de la main)";"Oui";"Non";"Oui";"Oui";"Oui";"Oui";"Oui";"Non";"Oui";"Non";"Non";"Oui";"Non";"Oui";"Oui";"Non";"Oui";"Oui";"Oui";"Non";"";"4";"Non";"Non";"Oui";"Non";"Non";"Non";"Oui";"Oui";"Oui";"Non";"Non";"Non";"Non";"Oui";"Oui";"Non";"Non";"Non";"Non";"Oui";"Oui";"Non";"Oui";"Oui";"Non";"Non";"Oui";"Oui";"Oui";"554.07";"219.86";"";"";"";"";"";"";"";"";"";"";"";"";"";"";"146.31";"";"";"";"";"";"";"";"";"";"";"";"";"";"";"";"";"58.94";"";"123.54";"";"";"";"";"";"5.42";""
"261";"2025-12-12 16:33:23";"5";"fr";"366922058";"2025-12-12 16:26:09";"2025-12-12 16:33:23";"38";"Féminin";"92";"≥ Bac + 3";"8";"Non";"Non";"Non";"Oui";"Non";"4";"4 ans - 7 ans - 10 ans - 12 ans";"Non";"Oui";"Non";"Non";"";"Chutes, coupures, brûlures, exposition à des produits toxiques ";"Oui";"4";"Non";"Non";"Non";"Oui";"Non";"Non";"Non";"";"Thermique";"Liquide chaud";"Plus de 60%";"Accidentelles";"";"Les 0-4 ans";"Les 0-4 ans";"Autant chez les filles/femmes que les garçons/hommes";"La cuisine";"";"Four, liquide chaud renversé, plaque, cheminée…";"Oui, et la brûlure est grave";"37°C";"Non";"Non";"Oui";"Oui";"Non";"Oui";"Le poignet (côté paume de la main)";"Non";"Oui";"Non";"Non";"Oui";"Oui";"Oui";"Non";"Non";"Non";"Non";"Oui";"Non";"Non";"Non";"Oui";"Oui";"Non";"Oui";"Non";"";"4";"Non";"Oui";"Non";"Oui";"Non";"Oui";"Oui";"Non";"Non";"Oui";"Non";"Non";"Non";"Oui";"Oui";"Non";"Non";"Oui";"Non";"Non";"Oui";"Non";"Oui";"Oui";"Non";"Non";"Oui";"Non";"Non";"434.43";"102.69";"";"";"";"";"";"";"";"";"";"";"";"";"";"";"130.03";"";"";"";"";"";"";"";"";"";"";"";"";"";"";"";"";"43.46";"";"153.04";"";"";"";"";"";"5.21";""
"262";"";"1";"fr";"1536149912";"2025-12-12 16:48:14";"2025-12-12 16:51:26";"26";"Féminin";"93";"≥ Bac + 3";"6";"Non";"Non";"Non";"Oui";"Non";"1";"8 mois";"Oui";"Non";"Non";"Non";"";"Chute 
Étouffement
Blessure 
Brûlure  ";"N/A";"";"N/A";"N/A";"N/A";"N/A";"N/A";"N/A";"N/A";"";"";"";"";"";"";"";"";"";"";"";"";"";"";"N/A";"N/A";"N/A";"N/A";"N/A";"N/A";"";"N/A";"N/A";"N/A";"N/A";"N/A";"N/A";"N/A";"N/A";"N/A";"N/A";"N/A";"N/A";"N/A";"N/A";"N/A";"N/A";"N/A";"N/A";"N/A";"N/A";"";"";"N/A";"N/A";"N/A";"N/A";"N/A";"N/A";"N/A";"N/A";"N/A";"N/A";"N/A";"N/A";"N/A";"N/A";"N/A";"N/A";"N/A";"N/A";"N/A";"N/A";"N/A";"N/A";"N/A";"N/A";"N/A";"N/A";"N/A";"N/A";"N/A";"192.81";"192.81";"";"";"";"";"";"";"";"";"";"";"";"";"";"";"";"";"";"";"";"";"";"";"";"";"";"";"";"";"";"";"";"";"";"";"";"";"";"";"";"";""
"263";"2025-12-12 17:20:43";"5";"fr";"1741383068";"2025-12-12 17:06:36";"2025-12-12 17:20:43";"42";"Féminin";"78";"≥ Bac + 3";"8";"Non";"Non";"Non";"Non";"Non";"8";"10 mois - 4 ans - 7ans- 9ans- 12 ans- 14 ans- 16ans - 17ans ";"Oui";"Non";"Non";"Non";"";"Prise électrique, tomber des escaliers, tomber du lit superposé, noyade (bain), glisser dans la douche, tomber de l’arbre (jardin), … ";"Non";"4";"Non";"Non";"Non";"Oui";"Non";"Non";"Non";"Mon Mari ";"Par frottement";"Liquide chaud";"Environ 40%";"Accidentelles";"";"Les 0-4 ans";"Les 0-4 ans";"Autant chez les filles/femmes que les garçons/hommes";"La cuisine";"";"La nourriture, eau chaude tombée avec casserole etc ";"Oui, et la brûlure est grave";"37°C";"Non";"Non";"Non";"Non";"Non";"Oui";"Le poignet (côté paume de la main)";"Oui";"Oui";"Oui";"Non";"Non";"Oui";"Oui";"Non";"Oui";"Non";"Non";"Non";"Non";"Oui";"Oui";"Oui";"Oui";"Oui";"Oui";"Non";"";"3";"Non";"Oui";"Non";"Non";"Oui";"Non";"Non";"Oui";"Non";"Non";"Non";"Non";"Non";"Oui";"Oui";"Non";"Non";"Non";"Non";"Non";"Oui";"Non";"Oui";"Oui";"Oui";"Non";"Oui";"Non";"N/A";"848.49";"331.92";"";"";"";"";"";"";"";"";"";"";"";"";"";"";"259.04";"";"";"";"";"";"";"";"";"";"";"";"";"";"";"";"";"63.42";"";"183.54";"";"";"";"";"";"10.57";""
"264";"";"3";"fr";"549955834";"2025-12-12 17:52:24";"2025-12-12 18:04:39";"42";"Féminin";"49";"≥ Bac + 3";"7";"Non";"Non";"Non";"Oui";"Non";"4";"11-9-6-4";"Non";"Oui";"Non";"Non";"";"Chute dans les escaliers, coupure ciseaux, produits ménagers, outils dans le garage, médicaments ";"Non";"5";"Non";"Non";"Non";"Oui";"Non";"Non";"Non";"";"Thermique";"Liquide chaud";"Environ 40%";"Accidentelles";"";"Les 0-4 ans";"Les 0-4 ans";"Chez les garçons/hommes";"La cuisine";"";"Pas de surveillance ";"Oui, et la brûlure est superficielle";"37°C";"Non";"Non";"Non";"Oui";"Non";"Non";"Le poignet (côté paume de la main)";"Oui";"Non";"Oui";"Non";"Oui";"Non";"Oui";"Non";"Oui";"Non";"Non";"Oui";"Non";"Oui";"Oui";"Oui";"Oui";"Oui";"Oui";"Non";"";"";"N/A";"N/A";"N/A";"N/A";"N/A";"N/A";"N/A";"N/A";"N/A";"N/A";"N/A";"N/A";"N/A";"N/A";"N/A";"N/A";"N/A";"N/A";"N/A";"N/A";"N/A";"N/A";"N/A";"N/A";"N/A";"N/A";"N/A";"N/A";"N/A";"735.82";"229.21";"";"";"";"";"";"";"";"";"";"";"";"";"";"";"325.73";"";"";"";"";"";"";"";"";"";"";"";"";"";"";"";"";"180.88";"";"";"";"";"";"";"";"";""
"265";"";"1";"fr";"1624831494";"2025-12-12 18:18:58";"2025-12-12 18:21:50";"38";"Féminin";"72";"≥ Bac + 3";"7";"Oui";"Oui";"Non";"Oui";"Non";"7";"13 ans-11ème ans-9 ans-9 ans-6 ans-4 ans-1 an";"Oui";"Non";"Non";"Non";"";"Brûlure, chute, électrocution,coupure";"N/A";"";"N/A";"N/A";"N/A";"N/A";"N/A";"N/A";"N/A";"";"";"";"";"";"";"";"";"";"";"";"";"";"";"N/A";"N/A";"N/A";"N/A";"N/A";"N/A";"";"N/A";"N/A";"N/A";"N/A";"N/A";"N/A";"N/A";"N/A";"N/A";"N/A";"N/A";"N/A";"N/A";"N/A";"N/A";"N/A";"N/A";"N/A";"N/A";"N/A";"";"";"N/A";"N/A";"N/A";"N/A";"N/A";"N/A";"N/A";"N/A";"N/A";"N/A";"N/A";"N/A";"N/A";"N/A";"N/A";"N/A";"N/A";"N/A";"N/A";"N/A";"N/A";"N/A";"N/A";"N/A";"N/A";"N/A";"N/A";"N/A";"N/A";"172.63";"172.63";"";"";"";"";"";"";"";"";"";"";"";"";"";"";"";"";"";"";"";"";"";"";"";"";"";"";"";"";"";"";"";"";"";"";"";"";"";"";"";"";""
"266";"2025-12-12 19:23:49";"5";"fr";"869101933";"2025-12-12 19:09:48";"2025-12-12 19:23:49";"36";"Féminin";"91";"≥ Bac + 3";"5";"Oui";"Non";"Non";"Oui";"Non";"2";"1 mois - 6 ans";"Oui";"Non";"Non";"Non";"";"Brûlure, chute, étouffement, électrocution, choc contre meuble";"Non";"4";"Non";"Non";"Non";"Oui";"Non";"Non";"Non";"";"Chimique";"Liquide chaud";"Plus de 60%";"Accidentelles";"";"Les 0-4 ans";"Les 0-4 ans";"Autant chez les filles/femmes que les garçons/hommes";"La cuisine";"";"Produits ménagers et cuisine du repas ";"Oui, et la brûlure est superficielle";"37°C";"Non";"Non";"Oui";"Oui";"Non";"Oui";"Le poignet (côté paume de la main)";"Oui";"Non";"Oui";"Non";"Oui";"Non";"Oui";"Oui";"Oui";"Non";"Non";"Non";"Non";"Oui";"Non";"Non";"Non";"Oui";"Oui";"Non";"";"3";"Non";"Oui";"Oui";"Non";"Non";"Non";"Oui";"Oui";"Oui";"Non";"Non";"Non";"Non";"Non";"Oui";"Non";"Oui";"Non";"Non";"Non";"Oui";"Non";"Oui";"Oui";"Non";"Non";"Oui";"Non";"Oui";"841.6";"210.54";"";"";"";"";"";"";"";"";"";"";"";"";"";"";"151";"";"";"";"";"";"";"";"";"";"";"";"";"";"";"";"";"118.69";"";"340.08";"";"";"";"";"";"21.29";""
"267";"2025-12-12 19:51:14";"5";"fr";"1875243987";"2025-12-12 19:43:29";"2025-12-12 19:51:14";"39";"Féminin";"35";"≥ Bac + 3";"7";"Oui";"Non";"Non";"Non";"Non";"6";"18 - 17 - 14 - 10 - 8 - 3";"Oui";"Non";"Non";"Oui";"";"- Brûlure ( casserole, ampoule trop chaude, eau trop chaude, bougie)
- Noyade dans le bain
- ingestion de produits toxiques ( médicaments, produits ménagers)
- chute 
";"Non";"5";"Non";"Non";"Non";"Oui";"Non";"Non";"Non";"Témoignages de parents d'enfants brûlés ";"Thermique";"Liquide chaud";"Plus de 60%";"Accidentelles";"";"Les 0-4 ans";"Les 0-4 ans";"Autant chez les filles/femmes que les garçons/hommes";"La cuisine";"";"Casserole qui se renversé/ plaque de cuisson  ou four";"Oui, et la brûlure est superficielle";"37°C";"Oui";"Oui";"Oui";"Oui";"Non";"Oui";"Le coude";"Oui";"Non";"Oui";"Non";"Oui";"Oui";"Oui";"Non";"Non";"Non";"Non";"Oui";"Non";"Oui";"Oui";"Oui";"Non";"Oui";"Non";"Non";"";"3";"Non";"Oui";"Oui";"Non";"Oui";"Non";"Oui";"Oui";"Non";"Oui";"Non";"Non";"Non";"Oui";"Oui";"Non";"Non";"Oui";"Non";"Oui";"Oui";"Non";"Oui";"Oui";"Non";"Non";"Oui";"Oui";"Non";"467.29";"140.52";"";"";"";"";"";"";"";"";"";"";"";"";"";"";"145.68";"";"";"";"";"";"";"";"";"";"";"";"";"";"";"";"";"44.62";"";"131.91";"";"";"";"";"";"4.56";""
"268";"2025-12-12 20:04:48";"5";"fr";"1135376721";"2025-12-12 19:45:51";"2025-12-12 20:04:48";"29";"Féminin";"74";"≥ Bac + 3";"7";"Non";"Non";"Non";"Oui";"Non";"1";"1an";"Non";"Oui";"Non";"Non";"";"Chute 
Brûlure 
Ingestion toxique 
Étouffement ";"Non";"5";"Non";"Non";"Non";"Non";"Non";"Non";"Non";"Je suis medecin au cours de ma formation ";"Thermique";"Liquide chaud";"Plus de 60%";"Accidentelles";"";"Les 5-14 ans";"Les 0-4 ans";"Autant chez les filles/femmes que les garçons/hommes";"La cuisine";"";"Chute d'une casserole avec eau bouillante 
Se renversé une tasse ";"Oui, et la brûlure est superficielle";"37°C";"Non";"Non";"Oui";"Oui";"Non";"Oui";"Le poignet (côté paume de la main)";"Oui";"Non";"Oui";"Non";"Oui";"Oui";"Oui";"Non";"Oui";"Non";"Oui";"Oui";"Non";"Oui";"Non";"Oui";"Non";"Oui";"Oui";"Non";"";"5";"Non";"Oui";"Non";"Oui";"Oui";"Oui";"Oui";"Oui";"Non";"Oui";"Non";"Non";"Non";"Oui";"Oui";"Non";"Oui";"Non";"Non";"Oui";"Oui";"Non";"Oui";"Oui";"Non";"Non";"Oui";"Oui";"Oui";"1139.06";"107.48";"";"";"";"";"";"";"";"";"";"";"";"";"";"";"220.11";"";"";"";"";"";"";"";"";"";"";"";"";"";"";"";"";"80.33";"";"714.8";"";"";"";"";"";"16.34";""
"269";"2025-12-12 20:16:35";"5";"fr";"245267916";"2025-12-12 19:56:06";"2025-12-12 20:16:35";"29";"Féminin";"92";"≥ Bac + 3";"8";"Non";"Non";"Non";"Oui";"Oui";"3";"3 ans- 1 an- 1 mois";"Non";"Oui";"Non";"Non";"";"Brulures-chute-coupure-ingestion de corps etranger/toxiques- defenestration";"Non";"5";"Non";"Non";"Non";"Oui";"Non";"Non";"Non";"";"Thermique";"Liquide chaud";"Plus de 60%";"Accidentelles";"";"Les 0-4 ans";"Les 0-4 ans";"Autant chez les filles/femmes que les garçons/hommes";"La cuisine";"";"Bain, renverser un recipient";"Oui, et la brûlure est grave";"37°C";"Oui";"Oui";"Oui";"Oui";"Non";"Oui";"Le poignet (côté paume de la main)";"Oui";"Non";"Oui";"Non";"Oui";"Oui";"Oui";"Non";"Oui";"Oui";"Oui";"Oui";"Non";"Non";"Non";"Oui";"Oui";"Oui";"Oui";"Non";"";"5";"Non";"Oui";"Non";"Oui";"Oui";"Non";"Non";"Oui";"Non";"Oui";"Non";"Non";"Non";"Oui";"Oui";"Non";"Non";"Oui";"Non";"Non";"Oui";"Non";"Oui";"Oui";"Non";"Non";"Oui";"Non";"N/A";"1231.18";"661.39";"";"";"";"";"";"";"";"";"";"";"";"";"";"";"132.2";"";"";"";"";"";"";"";"";"";"";"";"";"";"";"";"";"217.44";"";"213.3";"";"";"";"";"";"6.85";""
"270";"2025-12-12 20:10:26";"5";"fr";"2082068293";"2025-12-12 20:01:26";"2025-12-12 20:10:26";"28";"Féminin";"83";"≥ Bac + 3";"8";"Non";"Non";"Non";"Oui";"Non";"1";"1 ans";"Non";"Oui";"Non";"Non";"";"- brûlure
- chute
- ingestion de toxiques
- électrocution
- doigts coincés dans une porte
- étouffement (jouets, aliments …)
- noyade dans le bain ";"Non";"5";"Non";"Non";"Non";"Oui";"Non";"Non";"Non";"";"Thermique";"Liquide chaud";"Environ 40%";"Accidentelles";"";"Les 5-14 ans";"Les 0-4 ans";"Chez les garçons/hommes";"La cuisine";"";"Avec un plat chaud sur la table 
Avec un plat en cours de préparation dans la cuisine 
Avec eau chaude du bain
Avec un produit ménager";"Oui, et la brûlure est superficielle";"37°C";"Oui";"Oui";"Oui";"Oui";"Non";"Oui";"Le poignet (côté paume de la main)";"Non";"Non";"Oui";"Non";"Oui";"Oui";"Oui";"Oui";"Non";"Non";"Oui";"Oui";"Oui";"Oui";"Oui";"Oui";"Oui";"Oui";"Oui";"Non";"";"3";"Non";"Oui";"Non";"Oui";"Non";"Non";"Oui";"Oui";"Non";"Oui";"Non";"Non";"Oui";"Oui";"Oui";"Non";"Non";"Non";"Non";"Oui";"Oui";"Non";"Oui";"Oui";"Non";"Non";"Oui";"Oui";"N/A";"540.78";"172.75";"";"";"";"";"";"";"";"";"";"";"";"";"";"";"188.6";"";"";"";"";"";"";"";"";"";"";"";"";"";"";"";"";"43.46";"";"127.64";"";"";"";"";"";"8.33";""
"271";"2025-12-12 20:15:19";"5";"fr";"892090323";"2025-12-12 20:06:16";"2025-12-12 20:15:18";"37";"Féminin";"44";"≥ Bac + 3";"7";"Non";"Non";"Non";"Non";"Oui";"2";"8 mois et 7 ans ";"Oui";"Oui";"Non";"Non";"";"Brûlures, objet qui tombe";"Non";"4";"Non";"Non";"Non";"Oui";"Non";"Non";"Non";"";"Thermique";"Liquide chaud";"Environ 40%";"Accidentelles";"";"Les 0-4 ans";"Les 0-4 ans";"Chez les garçons/hommes";"La cuisine";"";"Fer, bouilloire, four, plaque ";"Oui, et la brûlure est superficielle";"37°C";"Oui";"Oui";"Oui";"Oui";"Oui";"Oui";"Le coude";"Oui";"Non";"Oui";"Oui";"Oui";"Oui";"Oui";"Non";"Non";"Non";"Oui";"Oui";"Non";"Oui";"Oui";"Oui";"Non";"Non";"Non";"Non";"";"4";"Non";"Oui";"Non";"Oui";"Non";"Non";"Oui";"Oui";"Non";"Oui";"Non";"Non";"Non";"Oui";"Oui";"Non";"Non";"Oui";"Non";"Non";"Oui";"Non";"Non";"Oui";"Non";"Non";"Oui";"Oui";"N/A";"544.44";"100.45";"";"";"";"";"";"";"";"";"";"";"";"";"";"";"183.71";"";"";"";"";"";"";"";"";"";"";"";"";"";"";"";"";"51.25";"";"172.04";"";"";"";"";"";"36.99";""
"272";"2025-12-12 20:40:32";"5";"fr";"34015993";"2025-12-12 20:33:34";"2025-12-12 20:40:32";"37";"Féminin";"8";"≥ Bac + 3";"8";"Non";"Non";"Non";"Oui";"Oui";"3";"8 ans - 5 ans - 1 an";"Oui";"Non";"Non";"Non";"";"Traumatisme crânien, chute compliquée de fracture, coupure, empoisonnement involontaire, brûlure, obstruction des voies aériennes supérieur suite à une fausse route ";"Non";"5";"Non";"Non";"Non";"Oui";"Non";"Non";"Non";"Mon parcours de medecine";"Thermique";"Liquide chaud";"Environ 40%";"Accidentelles";"";"Les 0-4 ans";"Les 0-4 ans";"Chez les filles/femmes";"La cuisine";"";"Une casserole d’eau chaude";"Oui, et la brûlure est grave";"37°C";"Non";"Non";"Non";"Oui";"Non";"Non";"Le poignet (côté paume de la main)";"Oui";"Non";"Oui";"Non";"Oui";"Non";"Oui";"Non";"Non";"Non";"Non";"Oui";"Non";"Non";"Oui";"Non";"Non";"Oui";"Oui";"Non";"";"4";"Non";"Non";"Non";"Oui";"Non";"Oui";"Oui";"Non";"Non";"Oui";"Non";"Non";"Non";"Oui";"Oui";"Non";"Non";"Non";"Non";"Oui";"Oui";"Non";"Oui";"Oui";"Non";"Non";"Non";"Non";"Oui";"417.97";"165.17";"";"";"";"";"";"";"";"";"";"";"";"";"";"";"112.37";"";"";"";"";"";"";"";"";"";"";"";"";"";"";"";"";"43.38";"";"89.94";"";"";"";"";"";"7.11";""
"273";"2025-12-12 20:48:36";"5";"fr";"1814649010";"2025-12-12 20:34:49";"2025-12-12 20:48:36";"30";"Féminin";"21";"≥ Bac + 3";"8";"Non";"Non";"Oui";"Oui";"Non";"2";"6 ans - 3 ans ";"Non";"Oui";"Non";"Non";"";"Chute 
Brulure
Coupure ";"Oui";"5";"Non";"Non";"Non";"Oui";"Non";"Non";"Non";"";"Thermique";"Liquide chaud";"Environ 40%";"Accidentelles";"";"Les 0-4 ans";"Les 15-24 ans";"Chez les garçons/hommes";"La cuisine";"";"Casseroles d’eau bouillante 
Huile 
";"Oui, et la brûlure est superficielle";"37°C";"Non";"Non";"Non";"Oui";"Non";"Oui";"Le poignet (côté dos de la main)";"Oui";"Oui";"Oui";"Non";"Oui";"Oui";"Oui";"Oui";"Oui";"Non";"Non";"Oui";"Non";"Oui";"Oui";"Oui";"Oui";"Oui";"Oui";"Non";"";"5";"Non";"Oui";"Non";"Oui";"Non";"Non";"Non";"Oui";"Non";"Oui";"Non";"Non";"Non";"Oui";"Oui";"Non";"Non";"Non";"Non";"Oui";"Oui";"Non";"Oui";"Oui";"Oui";"Non";"Oui";"Non";"Non";"828.5";"420.73";"";"";"";"";"";"";"";"";"";"";"";"";"";"";"174.02";"";"";"";"";"";"";"";"";"";"";"";"";"";"";"";"";"63.64";"";"161.49";"";"";"";"";"";"8.62";""
"274";"2025-12-12 21:16:00";"5";"fr";"790639581";"2025-12-12 21:07:34";"2025-12-12 21:16:00";"39";"Féminin";"50";"≥ Bac + 3";"8";"Non";"Non";"Non";"Non";"Non";"4";"13 ans - 11 ans - 7 ans - 4 ans";"Oui";"Non";"Non";"Non";"";"Chute, brulure";"Non";"4";"Oui";"Non";"Oui";"Oui";"Non";"Non";"Non";"";"Thermique";"Liquide chaud";"Plus de 60%";"Accidentelles";"";"Les 0-4 ans";"Les 5-14 ans";"Autant chez les filles/femmes que les garçons/hommes";"La cuisine";"";"Boisson chaude/bouilloire, casserole, four, bougie, bouillotte, bain avec eau chaude, cheminée/insert";"Oui, et la brûlure est grave";"37°C";"Oui";"Non";"Oui";"Oui";"Non";"Oui";"";"Oui";"Oui";"Oui";"Non";"Oui";"Oui";"Oui";"Non";"Non";"Non";"Oui";"Oui";"Oui";"Oui";"Oui";"Oui";"Non";"Oui";"Oui";"Non";"Je tiens à preciser que nous n'avons jamais donné de biberon, allaitement exclusif et lait tiré froid dans une tasse babycup";"4";"Non";"Non";"Non";"Oui";"Non";"Non";"Oui";"Non";"Non";"Oui";"Non";"Non";"Non";"Oui";"Oui";"Non";"Non";"Oui";"Non";"Non";"Oui";"Non";"Oui";"Oui";"Oui";"Non";"Non";"Non";"Non";"507.33";"113.11";"";"";"";"";"";"";"";"";"";"";"";"";"";"";"200.12";"";"";"";"";"";"";"";"";"";"";"";"";"";"";"";"";"88.36";"";"101.15";"";"";"";"";"";"4.59";""
"275";"2025-12-12 21:18:36";"5";"fr";"389263235";"2025-12-12 21:09:39";"2025-12-12 21:18:36";"28";"Féminin";"35";"≥ Bac + 3";"8";"Non";"Non";"Non";"Oui";"Non";"2";"6 mois - 2 ans";"Oui";"Non";"Non";"Non";"";"brûlure, chute, traumatisme contre un meuble/chute d'un meuble sur lui, inhalation d'un corps étranger, noyade, coupure ";"Non";"4";"Non";"Non";"Non";"Oui";"Non";"Non";"Non";"mon métier";"Thermique";"Liquide chaud";"Plus de 60%";"Accidentelles";"";"Les 0-4 ans";"Les 0-4 ans";"Autant chez les filles/femmes que les garçons/hommes";"La cuisine";"";"s'il ouvre le four (qui n'est pas en hauteur), si un récipient contenant de l'eau bouillante se renverse ";"Oui, et la brûlure est grave";"37°C";"Non";"Non";"Oui";"Oui";"Non";"Oui";"Le dos de la main";"Oui";"Non";"Oui";"Non";"Oui";"Oui";"Oui";"Oui";"Oui";"Oui";"Oui";"Oui";"Oui";"Oui";"Oui";"Oui";"Oui";"Oui";"Oui";"Non";"";"4";"Non";"Non";"Non";"Oui";"Non";"Non";"Oui";"Oui";"Non";"Oui";"Non";"Non";"Non";"Oui";"Non";"Non";"Non";"Non";"Non";"Non";"Oui";"Non";"Oui";"Oui";"Non";"Non";"Oui";"Non";"Oui";"537.34";"119.18";"";"";"";"";"";"";"";"";"";"";"";"";"";"";"198.74";"";"";"";"";"";"";"";"";"";"";"";"";"";"";"";"";"50.09";"";"158.85";"";"";"";"";"";"10.48";""
"276";"2025-12-12 21:37:13";"5";"fr";"290398449";"2025-12-12 21:24:26";"2025-12-12 21:37:13";"34";"Féminin";"94";"≥ Bac + 3";"7";"Non";"Non";"Non";"Oui";"Non";"1";"18 mois";"Non";"Oui";"Non";"Non";"";"Électricité avec les prises, se prendre des meubles mal fixés,  absorption de médicaments, produits domestiques autres substances toxiques non mises hors de portée,  se coincer les doigts dans des portes, des placards. Se brûler avec four, plaques de cuisson, fer a repasser. Se faire ébouillanter par une casserole d'eau chaude, noyade avec bain mal surveillé , chute après avoir grimpé quelque part";"Non";"4";"Non";"Non";"Non";"Oui";"Non";"Non";"Non";"Formation medicale";"Thermique";"Liquide chaud";"Environ 40%";"Accidentelles";"";"Les 0-4 ans";"Les 0-4 ans";"Autant chez les filles/femmes que les garçons/hommes";"La cuisine";"";"Casserole d’eau chaude ou autre substance en cours de cuisson";"Oui, et la brûlure est grave";"37°C";"Non";"Non";"Oui";"Oui";"Non";"Oui";"Le poignet (côté paume de la main)";"Oui";"Non";"Oui";"Oui";"Oui";"Non";"Oui";"Non";"Oui";"Non";"Oui";"Oui";"Non";"Oui";"Oui";"Oui";"Oui";"Oui";"Oui";"Non";"";"4";"Non";"Oui";"Non";"Oui";"Non";"Non";"Oui";"Oui";"Non";"Oui";"Non";"Non";"Non";"Non";"Oui";"Non";"Non";"Non";"Non";"Oui";"Oui";"Non";"Oui";"Oui";"Non";"Non";"Oui";"Oui";"Oui";"768.4";"332.95";"";"";"";"";"";"";"";"";"";"";"";"";"";"";"214.39";"";"";"";"";"";"";"";"";"";"";"";"";"";"";"";"";"45.52";"";"169.24";"";"";"";"";"";"6.3";""
"277";"2025-12-12 21:47:25";"5";"fr";"512660538";"2025-12-12 21:35:36";"2025-12-12 21:47:25";"36";"Féminin";"75";"≥ Bac + 3";"7";"Oui";"Non";"Non";"Oui";"Non";"1";"2";"Non";"Oui";"Non";"Non";"Moi même ";"Chutes (de sa hauteur, lit, balcon) 
Fausse route 
Brûlures 
Agression par un animal 
Tristesse
Plaie 
Noyade 
AVP";"Non";"5";"Oui";"Non";"Non";"Oui";"Non";"Non";"Oui";"Ma formation médicale ";"Par rayonnement d'une grande source de chaleur";"Liquide chaud";"Environ 40%";"Accidentelles";"";"Les 0-4 ans";"Les 0-4 ans";"Chez les garçons/hommes";"La cuisine";"";"Prise électrique 
Four
Grille pain ";"Oui, et la brûlure est grave";"37°C";"Oui";"Non";"Oui";"Oui";"Non";"Oui";"Le coude";"Non";"Non";"Oui";"Non";"Oui";"Oui";"Oui";"Oui";"Oui";"Oui";"Non";"Oui";"Non";"Oui";"Oui";"Oui";"Oui";"Oui";"Oui";"Non";"";"5";"Non";"Oui";"Non";"Oui";"Non";"Non";"Non";"Oui";"Non";"Oui";"Non";"Non";"Non";"Oui";"Non";"Non";"Non";"Oui";"Non";"Non";"Oui";"Non";"Oui";"Oui";"Oui";"Non";"Oui";"Non";"Oui";"709.06";"244.36";"";"";"";"";"";"";"";"";"";"";"";"";"";"";"193.17";"";"";"";"";"";"";"";"";"";"";"";"";"";"";"";"";"56.44";"";"209.99";"";"";"";"";"";"5.1";""
"278";"2025-12-12 21:57:31";"5";"fr";"965680569";"2025-12-12 21:52:03";"2025-12-12 21:57:31";"40";"Féminin";"76";"≥ Bac + 3";"7";"Non";"Non";"Non";"Non";"Non";"5";"17 ans - 16 ans - 14 ans - 10 ans - 3 and";"Oui";"Non";"Non";"Non";"";"Chute, blessure avec objet coupant, brûlure";"Oui";"4";"Non";"Non";"Non";"Oui";"Non";"Non";"Non";"";"Thermique";"Liquide chaud";"Plus de 60%";"Accidentelles";"";"Les 0-4 ans";"Les 0-4 ans";"Autant chez les filles/femmes que les garçons/hommes";"La cuisine";"";"Chercher à attraper une tasse de thé, une casserole ";"Oui, et la brûlure est grave";"37°C";"Oui";"Non";"Non";"Oui";"Non";"Oui";"Le poignet (côté paume de la main)";"Oui";"Non";"Oui";"Oui";"Oui";"Oui";"Oui";"Non";"Oui";"Non";"Oui";"Oui";"Oui";"Oui";"Oui";"Oui";"Oui";"Oui";"Oui";"Non";"";"4";"Non";"Non";"Oui";"Non";"Non";"Non";"Oui";"Non";"Oui";"Non";"Non";"Non";"Non";"Oui";"Oui";"Non";"Non";"Oui";"Non";"Oui";"Oui";"Non";"Oui";"Oui";"Oui";"Non";"Oui";"Non";"Non";"327.57";"94.69";"";"";"";"";"";"";"";"";"";"";"";"";"";"";"103.88";"";"";"";"";"";"";"";"";"";"";"";"";"";"";"";"";"40.36";"";"84.15";"";"";"";"";"";"4.49";""
"279";"";"1";"fr";"1983120617";"2025-12-12 21:59:00";"2025-12-12 22:01:11";"33";"Féminin";"84";"≥ Bac + 3";"7";"Non";"Non";"Non";"Oui";"Non";"5";"8 ans-7ans-5ans-3ans-1 jour";"Oui";"Non";"Non";"Non";"";"Étouffement, trauma crânien, noyade";"N/A";"";"N/A";"N/A";"N/A";"N/A";"N/A";"N/A";"N/A";"";"";"";"";"";"";"";"";"";"";"";"";"";"";"N/A";"N/A";"N/A";"N/A";"N/A";"N/A";"";"N/A";"N/A";"N/A";"N/A";"N/A";"N/A";"N/A";"N/A";"N/A";"N/A";"N/A";"N/A";"N/A";"N/A";"N/A";"N/A";"N/A";"N/A";"N/A";"N/A";"";"";"N/A";"N/A";"N/A";"N/A";"N/A";"N/A";"N/A";"N/A";"N/A";"N/A";"N/A";"N/A";"N/A";"N/A";"N/A";"N/A";"N/A";"N/A";"N/A";"N/A";"N/A";"N/A";"N/A";"N/A";"N/A";"N/A";"N/A";"N/A";"N/A";"131.39";"131.39";"";"";"";"";"";"";"";"";"";"";"";"";"";"";"";"";"";"";"";"";"";"";"";"";"";"";"";"";"";"";"";"";"";"";"";"";"";"";"";"";""
"280";"";"1";"fr";"746462356";"2025-12-12 22:03:25";"2025-12-12 22:05:47";"33";"Féminin";"75";"≥ Bac + 3";"7";"Non";"Non";"Non";"Oui";"Oui";"2";"2 ans 8 mois - 5 ans ";"Non";"Oui";"Non";"Non";"";"Chutes, ingestion jouets";"N/A";"";"N/A";"N/A";"N/A";"N/A";"N/A";"N/A";"N/A";"";"";"";"";"";"";"";"";"";"";"";"";"";"";"N/A";"N/A";"N/A";"N/A";"N/A";"N/A";"";"N/A";"N/A";"N/A";"N/A";"N/A";"N/A";"N/A";"N/A";"N/A";"N/A";"N/A";"N/A";"N/A";"N/A";"N/A";"N/A";"N/A";"N/A";"N/A";"N/A";"";"";"N/A";"N/A";"N/A";"N/A";"N/A";"N/A";"N/A";"N/A";"N/A";"N/A";"N/A";"N/A";"N/A";"N/A";"N/A";"N/A";"N/A";"N/A";"N/A";"N/A";"N/A";"N/A";"N/A";"N/A";"N/A";"N/A";"N/A";"N/A";"N/A";"142.29";"142.29";"";"";"";"";"";"";"";"";"";"";"";"";"";"";"";"";"";"";"";"";"";"";"";"";"";"";"";"";"";"";"";"";"";"";"";"";"";"";"";"";""
"281";"2025-12-12 22:21:03";"5";"fr";"1642525864";"2025-12-12 22:13:46";"2025-12-12 22:21:03";"34";"Féminin";"37";"≥ Bac + 3";"8";"Non";"Non";"Non";"Oui";"Non";"1";"1 an";"Non";"Oui";"Non";"Non";"";"Brûlure 
Coupures
Chutes
";"Non";"5";"Non";"Non";"Non";"Non";"Non";"Non";"Non";"Médecin en réanimation ";"Thermique";"Liquide chaud";"Plus de 60%";"Accidentelles";"";"Les 5-14 ans";"Les 0-4 ans";"Autant chez les filles/femmes que les garçons/hommes";"La cuisine";"";"Bain trop chaud
Casserole brûlante 
Poêle ou cheminée ";"Oui, et la brûlure est grave";"37°C";"Oui";"Non";"Oui";"Oui";"Non";"Oui";"Le poignet (côté paume de la main)";"Oui";"Non";"Oui";"Non";"Oui";"Oui";"Oui";"Non";"Oui";"Non";"Oui";"Oui";"Non";"Non";"Oui";"Oui";"Oui";"Oui";"Oui";"Non";"";"5";"Non";"Oui";"Non";"Oui";"Oui";"Non";"Oui";"Oui";"Non";"Oui";"Non";"Non";"Oui";"Oui";"Oui";"Non";"Non";"Non";"Non";"Oui";"Oui";"Non";"Oui";"Oui";"Non";"Non";"Oui";"Oui";"Non";"433.61";"97.97";"";"";"";"";"";"";"";"";"";"";"";"";"";"";"156.29";"";"";"";"";"";"";"";"";"";"";"";"";"";"";"";"";"45.87";"";"127.96";"";"";"";"";"";"5.52";""
"282";"2025-12-12 22:50:48";"5";"fr";"694162982";"2025-12-12 22:39:06";"2025-12-12 22:50:48";"35";"Masculin";"37";"≥ Bac + 3";"8";"Non";"Non";"Non";"Oui";"Non";"1";"1 an";"Non";"Oui";"Non";"Non";"";"Traumatisme/contusion, brûlure, électrisation, plaie coupante, morsure (animal)";"Non";"3";"Oui";"Non";"Non";"Non";"Non";"Non";"Non";"";"Par rayonnement d'une grande source de chaleur";"Liquide chaud";"Plus de 60%";"Accidentelles";"";"Les 0-4 ans";"Les 0-4 ans";"Autant chez les filles/femmes que les garçons/hommes";"La cuisine";"";"Casserole, four, ";"Oui, et la brûlure est superficielle";"37°C";"Oui";"Non";"Oui";"Oui";"Non";"Oui";"Le poignet (côté paume de la main)";"Oui";"Non";"Oui";"Non";"Oui";"Oui";"Oui";"Non";"Oui";"Oui";"Oui";"Oui";"Oui";"Oui";"Oui";"Oui";"Oui";"Oui";"Oui";"Non";"";"3";"Non";"Oui";"Non";"Oui";"Oui";"Non";"Non";"Oui";"Non";"Oui";"Non";"Non";"Non";"Oui";"Oui";"Non";"Non";"Non";"Non";"Non";"Oui";"Non";"Oui";"Oui";"Non";"Non";"Oui";"Oui";"N/A";"702.74";"177.24";"";"";"";"";"";"";"";"";"";"";"";"";"";"";"201.4";"";"";"";"";"";"";"";"";"";"";"";"";"";"";"";"";"79.36";"";"238.35";"";"";"";"";"";"6.39";""
"283";"2025-12-12 23:08:53";"5";"fr";"1868441625";"2025-12-12 22:56:59";"2025-12-12 23:08:53";"35";"Féminin";"62";"≥ Bac + 3";"6";"Non";"Non";"Non";"Non";"Non";"2";"6 ans - 3 ans ";"Oui";"Non";"Non";"Non";"";"Chute de meuble 
Chute de canapé/table/chaise 
Utilisation de produits dangereux (ménagers par exemple) 
Ingestion de corps étrangers de petite taille ou étouffement repas 
Passage par la fenêtre ou Chute 
Coupure ou blessure avec ustensiles 
Chute dans l'escalier 
Électrocution 
Noyade (bain) 
Étouffement ( la nuit) 
Pincement, fracture (porte, fenêtre ou tiroir) 
";"Non";"3";"Oui";"Non";"Non";"Non";"Non";"Non";"Non";"";"Par rayonnement d'une grande source de chaleur";"Solide chaud";"Environ 40%";"Accidentelles";"";"Les 0-4 ans";"Les 0-4 ans";"Chez les garçons/hommes";"La cuisine";"";"Radiateur
Four 
Eau (bain, bouilloire) 
Plaques de cuisson 
Cheminée ";"Oui, et la brûlure est superficielle";"37°C";"Non";"Non";"Oui";"Oui";"Non";"Non";"Le coude";"Oui";"Non";"Oui";"Oui";"Oui";"Oui";"Oui";"Oui";"Oui";"Oui";"Non";"Oui";"Oui";"Oui";"Oui";"Oui";"Oui";"Oui";"Oui";"Non";"";"3";"Non";"Non";"Non";"Oui";"Non";"Non";"Oui";"Oui";"Non";"Oui";"Non";"Non";"Non";"Non";"Non";"Non";"Non";"Non";"Non";"Oui";"Oui";"Non";"Oui";"Oui";"Oui";"Non";"Oui";"Non";"Oui";"715.13";"292.1";"";"";"";"";"";"";"";"";"";"";"";"";"";"";"165.07";"";"";"";"";"";"";"";"";"";"";"";"";"";"";"";"";"60.65";"";"193.13";"";"";"";"";"";"4.18";""
"284";"2025-12-12 23:06:43";"5";"fr";"1998846219";"2025-12-12 22:59:10";"2025-12-12 23:06:43";"28";"Féminin";"78";"≥ Bac + 3";"8";"Non";"Non";"Non";"Oui";"Oui";"1";"9 mois";"Oui";"Non";"Non";"Non";"";"Brûlures 
Chutes 
Électrocution 
Blessure liées aux animaux";"Non";"5";"Non";"Non";"Non";"Oui";"Non";"Non";"Non";"Ma profession";"Thermique";"Liquide chaud";"Plus de 60%";"Accidentelles";"";"Les 0-4 ans";"Les 0-4 ans";"Autant chez les filles/femmes que les garçons/hommes";"La cuisine";"";"Tasse de thé/café 
Casserole
Bain";"Oui, et la brûlure est grave";"37°C";"Oui";"Non";"Oui";"Oui";"Non";"Oui";"Le poignet (côté paume de la main)";"Oui";"Non";"Oui";"Non";"Oui";"Non";"Oui";"Oui";"Oui";"Non";"Oui";"Oui";"Non";"Oui";"Oui";"Oui";"Oui";"Oui";"Oui";"Non";"";"4";"Non";"Oui";"Non";"Oui";"Oui";"Non";"Oui";"Oui";"Non";"Oui";"Non";"Non";"Non";"Oui";"Oui";"Non";"Non";"Non";"Non";"Non";"Oui";"Non";"Oui";"Oui";"Non";"Non";"Oui";"Oui";"Oui";"453.64";"134.67";"";"";"";"";"";"";"";"";"";"";"";"";"";"";"136.51";"";"";"";"";"";"";"";"";"";"";"";"";"";"";"";"";"54.27";"";"123.26";"";"";"";"";"";"4.93";""
"285";"2025-12-13 00:25:08";"5";"fr";"1477676135";"2025-12-13 00:14:02";"2025-12-13 00:25:08";"39";"Féminin";"88";"≥ Bac + 3";"7";"Non";"Non";"Non";"Non";"Non";"7";"15/14/14/12/7/4/2";"Oui";"Non";"Non";"Non";"";"Chute brûlure coupure";"Non";"2";"Non";"Non";"Non";"Non";"Non";"Non";"Non";"Internet amie médecin ";"Thermique";"Liquide chaud";"Environ 40%";"Accidentelles";"";"";"";"Autant chez les filles/femmes que les garçons/hommes";"La cuisine";"";"Renverser une tasse, une casserole ";"Oui, et la brûlure est superficielle";"37°C";"Oui";"Non";"Non";"Oui";"Non";"Oui";"Le poignet (côté paume de la main)";"Oui";"Non";"Oui";"Non";"Oui";"Oui";"Oui";"Non";"Oui";"Non";"Non";"Oui";"Non";"Non";"Oui";"Oui";"Oui";"Non";"Oui";"Non";"";"3";"Non";"Oui";"Non";"Oui";"Non";"Non";"Non";"Non";"Non";"Oui";"Non";"Non";"Non";"Non";"Oui";"Non";"Non";"Non";"Non";"Non";"Oui";"Non";"Oui";"Oui";"Oui";"Non";"Oui";"Non";"Oui";"667.89";"133.44";"";"";"";"";"";"";"";"";"";"";"";"";"";"";"256.7";"";"";"";"";"";"";"";"";"";"";"";"";"";"";"";"";"82.59";"";"183.72";"";"";"";"";"";"11.44";""
"286";"2025-12-13 01:23:14";"5";"fr";"1633133868";"2025-12-13 01:15:44";"2025-12-13 01:23:14";"35";"Féminin";"44";"≥ Bac + 3";"9";"Non";"Non";"Non";"Non";"Non";"5";"12 ans- 10 ans- 7 ans- 4 ans - 1 an";"Oui";"Non";"Non";"Non";"";"brulure, tomber dans les escaliers";"Non";"4";"Non";"Non";"Non";"Non";"Non";"Non";"Non";"les echanges entre mamans";"Electrique";"Flamme/feu";"Environ 40%";"Accidentelles";"";"Les 0-4 ans";"Les 0-4 ans";"Autant chez les filles/femmes que les garçons/hommes";"La cuisine";"";"en attrapant une casserole, feu de cheminee ";"";"37°C";"Non";"Non";"Oui";"Oui";"Non";"Oui";"Le poignet (côté paume de la main)";"Non";"Non";"Oui";"Non";"Oui";"Non";"Oui";"Non";"Oui";"Non";"Non";"Non";"Non";"Oui";"Oui";"Oui";"Non";"Non";"Non";"Non";"";"3";"Non";"Oui";"Oui";"Non";"Oui";"Non";"Non";"Non";"Non";"Oui";"Non";"Non";"Non";"Non";"Non";"Non";"Non";"Non";"Non";"Non";"Oui";"Non";"Oui";"Oui";"Non";"Non";"Oui";"Non";"Non";"451.03";"116.11";"";"";"";"";"";"";"";"";"";"";"";"";"";"";"163.02";"";"";"";"";"";"";"";"";"";"";"";"";"";"";"";"";"42.1";"";"123.68";"";"";"";"";"";"6.12";""
"287";"";"3";"fr";"560176728";"2025-12-13 06:31:38";"2025-12-13 06:39:04";"32";"Féminin";"59";"≥ Bac + 3";"5";"Non";"Non";"Non";"Oui";"Non";"1";"18 mois";"Oui";"Non";"Non";"Non";"";"Ingestion de caustique
En contact avec objets coupants
Chute dans les escaliers, fenêtre 
Recevoir quelque chose par accident sur lui";"Non";"3";"Oui";"Non";"Non";"Non";"Non";"Non";"Non";"";"Thermique";"Liquide chaud";"Environ 40%";"Accidentelles";"";"Les 0-4 ans";"Les 0-4 ans";"Autant chez les filles/femmes que les garçons/hommes";"La cuisine";"";"En attrapant une tasse ou une marmite contenant une substance chaude
En ingerant une pile ou des caustiques
";"Oui, et la brûlure est grave";"37°C";"Oui";"Non";"Oui";"Oui";"Non";"Oui";"La paume de la main";"Oui";"Non";"Oui";"Non";"Oui";"Non";"Oui";"Oui";"Oui";"Non";"Non";"Oui";"Non";"Non";"Non";"Oui";"Oui";"Oui";"Non";"Non";"";"";"N/A";"N/A";"N/A";"N/A";"N/A";"N/A";"N/A";"N/A";"N/A";"N/A";"N/A";"N/A";"N/A";"N/A";"N/A";"N/A";"N/A";"N/A";"N/A";"N/A";"N/A";"N/A";"N/A";"N/A";"N/A";"N/A";"N/A";"N/A";"N/A";"446.23";"151.57";"";"";"";"";"";"";"";"";"";"";"";"";"";"";"240.94";"";"";"";"";"";"";"";"";"";"";"";"";"";"";"";"";"53.72";"";"";"";"";"";"";"";"";""
"288";"2025-12-13 08:26:26";"5";"fr";"1232779036";"2025-12-13 08:21:36";"2025-12-13 08:26:26";"29";"Féminin";"44";"≥ Bac + 3";"8";"Oui";"Non";"Non";"Oui";"Non";"1";"1 an";"Oui";"Non";"Non";"Non";"";"Brûlures, électrocution, doigts coincés ou écrasés, traumatisme crânien ";"Non";"5";"Non";"Non";"Non";"Oui";"Non";"Non";"Non";"";"Thermique";"Liquide chaud";"Plus de 60%";"Accidentelles";"";"Les 0-4 ans";"Les 0-4 ans";"Autant chez les filles/femmes que les garçons/hommes";"La cuisine";"";"Renverser une casserole d’eau bouillante";"Oui, et la brûlure est grave";"37°C";"Oui";"Non";"Oui";"Non";"Non";"Non";"Le poignet (côté paume de la main)";"Oui";"Non";"Oui";"Non";"Oui";"Non";"Oui";"Oui";"Non";"Non";"Oui";"Non";"Non";"Non";"Non";"Non";"Oui";"Oui";"Oui";"Non";"";"4";"Non";"Oui";"Non";"Oui";"Non";"Non";"Oui";"Oui";"Non";"Oui";"Non";"Non";"Non";"Non";"Oui";"Non";"Non";"Non";"Non";"Oui";"Oui";"Non";"Oui";"Oui";"Non";"Non";"Oui";"Oui";"Oui";"292.46";"78.29";"";"";"";"";"";"";"";"";"";"";"";"";"";"";"96.73";"";"";"";"";"";"";"";"";"";"";"";"";"";"";"";"";"28.75";"";"83.6";"";"";"";"";"";"5.09";""
"289";"";"";"fr";"1471741420";"2025-12-13 08:32:43";"2025-12-13 08:32:43";"";"N/A";"";"";"";"N/A";"N/A";"N/A";"N/A";"N/A";"";"";"N/A";"N/A";"N/A";"N/A";"";"";"N/A";"";"N/A";"N/A";"N/A";"N/A";"N/A";"N/A";"N/A";"";"";"";"";"";"";"";"";"";"";"";"";"";"";"N/A";"N/A";"N/A";"N/A";"N/A";"N/A";"";"N/A";"N/A";"N/A";"N/A";"N/A";"N/A";"N/A";"N/A";"N/A";"N/A";"N/A";"N/A";"N/A";"N/A";"N/A";"N/A";"N/A";"N/A";"N/A";"N/A";"";"";"N/A";"N/A";"N/A";"N/A";"N/A";"N/A";"N/A";"N/A";"N/A";"N/A";"N/A";"N/A";"N/A";"N/A";"N/A";"N/A";"N/A";"N/A";"N/A";"N/A";"N/A";"N/A";"N/A";"N/A";"N/A";"N/A";"N/A";"N/A";"N/A";"0";"";"";"";"";"";"";"";"";"";"";"";"";"";"";"";"";"";"";"";"";"";"";"";"";"";"";"";"";"";"";"";"";"";"";"";"";"";"";"";"";"";""
"290";"";"1";"fr";"1294133975";"2025-12-13 08:45:40";"2025-12-13 08:50:46";"25";"Féminin";"28";"≥ Bac + 3";"7";"Non";"Non";"Non";"Oui";"Non";"1";"2 mois";"Oui";"Non";"Non";"Non";"";"Chute, brûlure, choc...";"N/A";"";"N/A";"N/A";"N/A";"N/A";"N/A";"N/A";"N/A";"";"";"";"";"";"";"";"";"";"";"";"";"";"";"N/A";"N/A";"N/A";"N/A";"N/A";"N/A";"";"N/A";"N/A";"N/A";"N/A";"N/A";"N/A";"N/A";"N/A";"N/A";"N/A";"N/A";"N/A";"N/A";"N/A";"N/A";"N/A";"N/A";"N/A";"N/A";"N/A";"";"";"N/A";"N/A";"N/A";"N/A";"N/A";"N/A";"N/A";"N/A";"N/A";"N/A";"N/A";"N/A";"N/A";"N/A";"N/A";"N/A";"N/A";"N/A";"N/A";"N/A";"N/A";"N/A";"N/A";"N/A";"N/A";"N/A";"N/A";"N/A";"N/A";"305.1";"305.1";"";"";"";"";"";"";"";"";"";"";"";"";"";"";"";"";"";"";"";"";"";"";"";"";"";"";"";"";"";"";"";"";"";"";"";"";"";"";"";"";""
"291";"";"1";"fr";"825963875";"2025-12-13 08:51:20";"2025-12-13 08:55:57";"40";"Féminin";"78";"≥ Bac + 3";"6";"Oui";"Non";"Oui";"Non";"Non";"4";"4ans- 6ans- 11ans- 12ans";"Oui";"Non";"Non";"Non";"";"Feu, chute, produits d’entretien";"Non";"4";"Oui";"Non";"Non";"Oui";"Non";"Non";"Non";"";"Thermique";"Liquide chaud";"";"Accidentelles";"";"";"Les 0-4 ans";"Autant chez les filles/femmes que les garçons/hommes";"La cuisine";"";"Casserole";"Oui, et la brûlure est superficielle";"37°C";"Non";"Oui";"Non";"Oui";"Non";"Oui";"Le dos de la main";"N/A";"N/A";"N/A";"N/A";"N/A";"N/A";"N/A";"N/A";"N/A";"N/A";"N/A";"N/A";"N/A";"N/A";"N/A";"N/A";"N/A";"N/A";"N/A";"N/A";"";"";"N/A";"N/A";"N/A";"N/A";"N/A";"N/A";"N/A";"N/A";"N/A";"N/A";"N/A";"N/A";"N/A";"N/A";"N/A";"N/A";"N/A";"N/A";"N/A";"N/A";"N/A";"N/A";"N/A";"N/A";"N/A";"N/A";"N/A";"N/A";"N/A";"277.73";"119.93";"";"";"";"";"";"";"";"";"";"";"";"";"";"";"157.8";"";"";"";"";"";"";"";"";"";"";"";"";"";"";"";"";"";"";"";"";"";"";"";"";"";""
"292";"2025-12-13 12:57:07";"5";"fr";"1844511840";"2025-12-13 12:51:23";"2025-12-13 12:57:07";"44";"Féminin";"74";"≥ Bac + 3";"10";"Non";"Non";"Non";"Oui";"Oui";"8";"19 - 17- 15- 11- 9 - 7 - 5- 1";"Non";"Oui";"Non";"Non";"";"Brûlures
Chutes
Noyades 
";"Non";"5";"Oui";"Non";"Oui";"Non";"Non";"Non";"Non";"";"Thermique";"Liquide chaud";"Plus de 60%";"Accidentelles";"";"Les 0-4 ans";"Les 0-4 ans";"Chez les garçons/hommes";"La cuisine";"";"Boisson brûlante posée sur une table
Friteuse - fondue";"Oui, et la brûlure est grave";"37°C";"Oui";"Non";"Oui";"Oui";"Non";"Oui";"La paume de la main";"Oui";"Non";"Oui";"Non";"Oui";"Oui";"Oui";"Oui";"Non";"Non";"Oui";"Non";"Non";"Oui";"Oui";"Non";"Oui";"Oui";"Oui";"Non";"";"5";"Non";"Oui";"Non";"Oui";"Oui";"Non";"Oui";"Oui";"Non";"Oui";"Non";"Non";"Non";"Oui";"Oui";"Non";"Non";"Oui";"Non";"Oui";"Oui";"Non";"Oui";"Oui";"Non";"Non";"Oui";"Oui";"Non";"344.53";"98.87";"";"";"";"";"";"";"";"";"";"";"";"";"";"";"110.08";"";"";"";"";"";"";"";"";"";"";"";"";"";"";"";"";"39.82";"";"89.37";"";"";"";"";"";"6.39";""
"293";"";"1";"fr";"2071645147";"2025-12-13 14:03:28";"2025-12-13 14:04:40";"40";"Féminin";"77";"≥ Bac + 3";"6";"Non";"Non";"Non";"Non";"Non";"3";"3 ans 7 ans 10 ans ";"Oui";"Oui";"Non";"Non";"";"Noyade brûlure chute ";"N/A";"";"N/A";"N/A";"N/A";"N/A";"N/A";"N/A";"N/A";"";"";"";"";"";"";"";"";"";"";"";"";"";"";"N/A";"N/A";"N/A";"N/A";"N/A";"N/A";"";"N/A";"N/A";"N/A";"N/A";"N/A";"N/A";"N/A";"N/A";"N/A";"N/A";"N/A";"N/A";"N/A";"N/A";"N/A";"N/A";"N/A";"N/A";"N/A";"N/A";"";"";"N/A";"N/A";"N/A";"N/A";"N/A";"N/A";"N/A";"N/A";"N/A";"N/A";"N/A";"N/A";"N/A";"N/A";"N/A";"N/A";"N/A";"N/A";"N/A";"N/A";"N/A";"N/A";"N/A";"N/A";"N/A";"N/A";"N/A";"N/A";"N/A";"72.09";"72.09";"";"";"";"";"";"";"";"";"";"";"";"";"";"";"";"";"";"";"";"";"";"";"";"";"";"";"";"";"";"";"";"";"";"";"";"";"";"";"";"";""
"294";"";"";"fr";"276771252";"2025-12-13 14:57:08";"2025-12-13 14:57:08";"";"N/A";"";"";"";"N/A";"N/A";"N/A";"N/A";"N/A";"";"";"N/A";"N/A";"N/A";"N/A";"";"";"N/A";"";"N/A";"N/A";"N/A";"N/A";"N/A";"N/A";"N/A";"";"";"";"";"";"";"";"";"";"";"";"";"";"";"N/A";"N/A";"N/A";"N/A";"N/A";"N/A";"";"N/A";"N/A";"N/A";"N/A";"N/A";"N/A";"N/A";"N/A";"N/A";"N/A";"N/A";"N/A";"N/A";"N/A";"N/A";"N/A";"N/A";"N/A";"N/A";"N/A";"";"";"N/A";"N/A";"N/A";"N/A";"N/A";"N/A";"N/A";"N/A";"N/A";"N/A";"N/A";"N/A";"N/A";"N/A";"N/A";"N/A";"N/A";"N/A";"N/A";"N/A";"N/A";"N/A";"N/A";"N/A";"N/A";"N/A";"N/A";"N/A";"N/A";"0";"";"";"";"";"";"";"";"";"";"";"";"";"";"";"";"";"";"";"";"";"";"";"";"";"";"";"";"";"";"";"";"";"";"";"";"";"";"";"";"";"";""
"295";"2025-12-13 17:30:21";"5";"fr";"217073779";"2025-12-13 17:21:40";"2025-12-13 17:30:21";"35";"Féminin";"12";"≥ Bac + 3";"6";"Non";"Non";"Non";"Non";"Non";"2";"5 ans - 2 ans";"Non";"Oui";"Non";"Oui";"";"Produits toxiques
Fenetres ouvertes
Brulures
Electricité
Noyade
Inhalation de petits objets
Etc etc";"Non";"3";"Non";"Non";"Non";"Oui";"Non";"Non";"Non";"";"Thermique";"Liquide chaud";"Environ 40%";"Accidentelles";"";"Les 0-4 ans";"Les 0-4 ans";"Autant chez les filles/femmes que les garçons/hommes";"La cuisine";"";"Boisson chaude
Poelle a bois
Bain";"Oui, et la brûlure est grave";"37°C";"Oui";"Non";"Non";"Oui";"Non";"Oui";"Le poignet (côté paume de la main)";"Oui";"Non";"Oui";"Oui";"Oui";"Oui";"Oui";"Oui";"Oui";"Oui";"Oui";"Oui";"Oui";"Oui";"Oui";"Oui";"Oui";"Oui";"Oui";"Non";"";"3";"Non";"Non";"Non";"Oui";"Non";"Non";"Oui";"Non";"Non";"Oui";"Non";"Non";"Non";"Non";"Oui";"Non";"Non";"Non";"Non";"Non";"Oui";"Non";"Oui";"Oui";"Oui";"Non";"Oui";"Non";"N/A";"522.76";"144.51";"";"";"";"";"";"";"";"";"";"";"";"";"";"";"136.89";"";"";"";"";"";"";"";"";"";"";"";"";"";"";"";"";"50.53";"";"121.54";"";"";"";"";"";"69.29";""
"296";"2025-12-13 19:35:01";"5";"fr";"2053778835";"2025-12-13 19:26:19";"2025-12-13 19:35:01";"31";"Féminin";"44";"Baccalauréat - Bac +2";"3";"Oui";"Non";"Oui";"Non";"Non";"2";"4 ans- 2 ans ";"Oui";"Non";"Non";"Non";"";"Brûlure 
Noyade ";"Oui";"3";"Non";"Non";"Non";"Oui";"Non";"Non";"Non";"";"Thermique";"Liquide chaud";"Plus de 60%";"Accidentelles";"";"Les 0-4 ans";"Les 15-24 ans";"Autant chez les filles/femmes que les garçons/hommes";"La cuisine";"";"Bouilloire 
Tasse renversée 
Casserole eau bouillante ";"Oui, et la brûlure est superficielle";"37°C";"Non";"Non";"Oui";"Oui";"Non";"Oui";"La bouche";"Non";"Non";"Oui";"Non";"Oui";"Non";"Non";"Non";"Non";"Non";"Oui";"Oui";"Non";"Oui";"Non";"Oui";"Non";"Oui";"Non";"Non";"";"5";"Non";"Oui";"Oui";"Non";"Oui";"Non";"Non";"Oui";"Non";"Oui";"Non";"Non";"Non";"Non";"Oui";"Non";"Non";"Non";"Non";"Non";"Oui";"Non";"Non";"Oui";"Oui";"Non";"Oui";"Non";"Non";"523.8";"110.37";"";"";"";"";"";"";"";"";"";"";"";"";"";"";"193.81";"";"";"";"";"";"";"";"";"";"";"";"";"";"";"";"";"50.92";"";"160.83";"";"";"";"";"";"7.87";""
"297";"2025-12-13 20:35:22";"5";"fr";"730596292";"2025-12-13 20:29:32";"2025-12-13 20:35:22";"28";"Féminin";"21";"≥ Bac + 3";"8";"Non";"Non";"Non";"Oui";"Non";"2";"2 ans - 10 mois ";"Oui";"Non";"Non";"Non";"";"Brûlures 
Chutes
";"Non";"4";"Non";"Non";"Oui";"Oui";"Non";"Non";"Non";"";"Thermique";"Liquide chaud";"Plus de 60%";"Accidentelles";"";"Les 0-4 ans";"Les 0-4 ans";"Chez les garçons/hommes";"La cuisine";"";"Bouilloire 
Casserole ";"Oui, et la brûlure est grave";"37°C";"Non";"Non";"Oui";"Oui";"Non";"Oui";"Le poignet (côté paume de la main)";"Oui";"Oui";"Oui";"Non";"Oui";"Oui";"Oui";"Non";"Oui";"Non";"Oui";"Oui";"Oui";"Oui";"Oui";"Oui";"Oui";"Oui";"Oui";"Non";"";"3";"Non";"Non";"Non";"Oui";"Non";"Non";"Oui";"Oui";"Non";"Oui";"Non";"Non";"Non";"Oui";"Oui";"Non";"Non";"Oui";"Non";"Oui";"Oui";"Non";"Oui";"Oui";"Non";"Non";"Oui";"Oui";"Oui";"350.69";"89.2";"";"";"";"";"";"";"";"";"";"";"";"";"";"";"120.02";"";"";"";"";"";"";"";"";"";"";"";"";"";"";"";"";"43.16";"";"92.78";"";"";"";"";"";"5.53";""
"298";"2025-12-13 21:11:30";"5";"fr";"609475515";"2025-12-13 21:05:26";"2025-12-13 21:11:30";"29";"Féminin";"67";"≥ Bac + 3";"6";"Non";"Non";"Non";"Oui";"Non";"1";"9 mois";"Non";"Oui";"Non";"Non";"";"Chute accidentelle, brûlure";"Non";"1";"Non";"Non";"Oui";"Non";"Non";"Non";"Non";"";"Thermique";"Liquide chaud";"Environ 40%";"Accidentelles";"";"Les 0-4 ans";"Les 0-4 ans";"Autant chez les filles/femmes que les garçons/hommes";"La cuisine";"";"Four, plaque de cuisson, cheminée, eau du bain ";"Oui, et la brûlure est grave";"37°C";"Oui";"Non";"Oui";"Oui";"Non";"Oui";"Le poignet (côté paume de la main)";"Oui";"Non";"Oui";"Non";"Oui";"Non";"Oui";"Non";"Non";"Non";"Oui";"Oui";"Non";"Oui";"Oui";"Oui";"Non";"Oui";"Oui";"Non";"";"2";"Non";"Oui";"Non";"Oui";"Non";"Non";"Oui";"Oui";"Non";"Oui";"Non";"Non";"Non";"Oui";"Oui";"Non";"Non";"Non";"Non";"Oui";"Oui";"Non";"Oui";"Oui";"Oui";"Non";"Oui";"Oui";"Oui";"364.95";"93.44";"";"";"";"";"";"";"";"";"";"";"";"";"";"";"128.24";"";"";"";"";"";"";"";"";"";"";"";"";"";"";"";"";"36.48";"";"102.17";"";"";"";"";"";"4.62";""
"299";"2025-12-13 22:23:43";"5";"fr";"1916836726";"2025-12-13 22:14:50";"2025-12-13 22:23:43";"34";"Masculin";"75";"≥ Bac + 3";"8";"Non";"Non";"Non";"Oui";"Non";"1";"3";"Non";"Oui";"Non";"Non";"";"Chutes, brûlures, intoxications, électrisations, griffures/morsures par animaux";"Non";"4";"Non";"Non";"Non";"Oui";"Non";"Non";"Non";"Etudes";"Thermique";"Liquide chaud";"Plus de 60%";"Accidentelles";"";"Les 5-14 ans";"Les 0-4 ans";"Chez les garçons/hommes";"La cuisine";"";"Eau chaude dans casserole";"Oui, et la brûlure est grave";"35°C";"Non";"Non";"Oui";"Oui";"Oui";"Oui";"Le dos de la main";"Oui";"Non";"Oui";"Non";"Oui";"Non";"Oui";"Non";"Oui";"Non";"Non";"Oui";"Non";"Oui";"Non";"Oui";"Oui";"Oui";"Oui";"Non";"";"4";"Non";"Oui";"Non";"Oui";"Non";"Non";"Non";"Oui";"Non";"Oui";"Non";"Non";"Non";"Non";"Non";"Non";"Non";"Non";"Non";"Oui";"Oui";"Non";"Oui";"Oui";"Non";"Non";"Oui";"Oui";"Oui";"534.55";"167.77";"";"";"";"";"";"";"";"";"";"";"";"";"";"";"172.8";"";"";"";"";"";"";"";"";"";"";"";"";"";"";"";"";"59.48";"";"127.85";"";"";"";"";"";"6.65";""
"300";"";"2";"fr";"217905097";"2025-12-14 01:10:42";"2025-12-14 01:17:18";"30";"Féminin";"13";"≥ Bac + 3";"6";"Non";"Non";"Non";"Oui";"Non";"1";"1 mois";"Non";"Oui";"Non";"Non";"";"Tout ";"Non";"3";"Non";"Non";"Non";"Oui";"Non";"Non";"Non";"";"Thermique";"Liquide chaud";"Plus de 60%";"Accidentelles";"";"Les 0-4 ans";"Les 0-4 ans";"Chez les garçons/hommes";"La cuisine";"";"Manque de surveillance ";"Oui, et la brûlure est grave";"37°C";"Oui";"Oui";"Oui";"Oui";"Oui";"Oui";"Le dos de la main";"N/A";"N/A";"N/A";"N/A";"N/A";"N/A";"N/A";"N/A";"N/A";"N/A";"N/A";"N/A";"N/A";"N/A";"N/A";"N/A";"N/A";"N/A";"N/A";"N/A";"";"";"N/A";"N/A";"N/A";"N/A";"N/A";"N/A";"N/A";"N/A";"N/A";"N/A";"N/A";"N/A";"N/A";"N/A";"N/A";"N/A";"N/A";"N/A";"N/A";"N/A";"N/A";"N/A";"N/A";"N/A";"N/A";"N/A";"N/A";"N/A";"N/A";"396.31";"137.41";"";"";"";"";"";"";"";"";"";"";"";"";"";"";"258.9";"";"";"";"";"";"";"";"";"";"";"";"";"";"";"";"";"";"";"";"";"";"";"";"";"";""
"301";"";"1";"fr";"815376786";"2025-12-14 10:10:27";"2025-12-14 10:11:35";"30";"Féminin";"69";"≥ Bac + 3";"9";"Non";"Non";"Non";"Oui";"Non";"1";"2 ans";"Oui";"Non";"Non";"Non";"";"Chute
Brûlure
Coupure

";"N/A";"";"N/A";"N/A";"N/A";"N/A";"N/A";"N/A";"N/A";"";"";"";"";"";"";"";"";"";"";"";"";"";"";"N/A";"N/A";"N/A";"N/A";"N/A";"N/A";"";"N/A";"N/A";"N/A";"N/A";"N/A";"N/A";"N/A";"N/A";"N/A";"N/A";"N/A";"N/A";"N/A";"N/A";"N/A";"N/A";"N/A";"N/A";"N/A";"N/A";"";"";"N/A";"N/A";"N/A";"N/A";"N/A";"N/A";"N/A";"N/A";"N/A";"N/A";"N/A";"N/A";"N/A";"N/A";"N/A";"N/A";"N/A";"N/A";"N/A";"N/A";"N/A";"N/A";"N/A";"N/A";"N/A";"N/A";"N/A";"N/A";"N/A";"68.9";"68.9";"";"";"";"";"";"";"";"";"";"";"";"";"";"";"";"";"";"";"";"";"";"";"";"";"";"";"";"";"";"";"";"";"";"";"";"";"";"";"";"";""
"302";"";"3";"fr";"669446808";"2025-12-14 11:05:50";"2025-12-14 11:12:49";"26";"Féminin";"76";"≥ Bac + 3";"7";"Non";"Non";"Non";"Oui";"Non";"1";"8 mois";"Oui";"Oui";"Non";"Non";"";"Chute 
Ingestion de produits toxiques ";"Non";"0";"Non";"Non";"Non";"Non";"Non";"Non";"Non";"Personne";"Thermique";"Liquide chaud";"Environ 40%";"Accidentelles";"";"Les 0-4 ans";"Les 0-4 ans";"Autant chez les filles/femmes que les garçons/hommes";"La cuisine";"";"Inattention ";"Oui, et la brûlure est grave";"37°C";"Oui";"Non";"Oui";"Oui";"Oui";"Non";"La paume de la main";"Oui";"Non";"Oui";"Non";"Non";"Non";"Oui";"Oui";"Oui";"Non";"Non";"Oui";"Non";"Non";"Non";"Oui";"Non";"Oui";"Oui";"Non";"";"";"N/A";"N/A";"N/A";"N/A";"N/A";"N/A";"N/A";"N/A";"N/A";"N/A";"N/A";"N/A";"N/A";"N/A";"N/A";"N/A";"N/A";"N/A";"N/A";"N/A";"N/A";"N/A";"N/A";"N/A";"N/A";"N/A";"N/A";"N/A";"N/A";"419.49";"151.15";"";"";"";"";"";"";"";"";"";"";"";"";"";"";"198.01";"";"";"";"";"";"";"";"";"";"";"";"";"";"";"";"";"70.33";"";"";"";"";"";"";"";"";""
"303";"2025-12-14 11:38:04";"5";"fr";"276320543";"2025-12-14 11:24:54";"2025-12-14 11:38:04";"29";"Féminin";"92";"≥ Bac + 3";"7";"Non";"Non";"Non";"Oui";"Non";"1";"6 mois";"Non";"Oui";"Non";"Non";"";"Brûlures, ingestion de caustiques, ingestion d’objets, chutes";"Non";"3";"Non";"Non";"Non";"Non";"Non";"Non";"Non";"Formation médicale ";"Thermique";"Liquide chaud";"Environ 40%";"Accidentelles";"";"Les 0-4 ans";"Les 0-4 ans";"Chez les garçons/hommes";"La cuisine";"";"Défaut de surveillance 
Inattention";"Oui, et la brûlure est grave";"37°C";"Non";"Oui";"Non";"Oui";"Non";"Non";"La paume de la main";"Oui";"Non";"Oui";"Non";"Oui";"Non";"Oui";"Oui";"Oui";"Oui";"Oui";"Oui";"Oui";"Oui";"Oui";"Oui";"Non";"Oui";"Oui";"Non";"";"4";"Non";"Oui";"Oui";"Non";"Non";"Non";"Oui";"Oui";"Oui";"Non";"Non";"Non";"Non";"Oui";"Non";"Non";"Non";"Non";"Non";"Oui";"Oui";"Non";"Oui";"Oui";"Oui";"Non";"Oui";"Non";"Oui";"789.94";"154.19";"";"";"";"";"";"";"";"";"";"";"";"";"";"";"276.84";"";"";"";"";"";"";"";"";"";"";"";"";"";"";"";"";"100.57";"";"239.12";"";"";"";"";"";"19.22";""
"304";"2025-12-14 13:38:43";"5";"fr";"596289531";"2025-12-14 13:30:37";"2025-12-14 13:38:43";"31";"Féminin";"69";"≥ Bac + 3";"8";"Non";"Non";"Non";"Oui";"Non";"1";"10 mois";"Oui";"Non";"Non";"Non";"";"Brûlures, chute, ingestion de produit toxique, écrasement, noyade, étouffement ";"Non";"3";"Non";"Non";"Non";"Non";"Non";"Non";"Non";"Ma culture générale ?";"Thermique";"Liquide chaud";"Plus de 60%";"Accidentelles";"";"Les 0-4 ans";"Les 0-4 ans";"Autant chez les filles/femmes que les garçons/hommes";"La cuisine";"";"Casserole d'eau bouillante, robinet de la baignoire, thé ou café chaud";"Oui, et la brûlure est superficielle";"37°C";"Oui";"Non";"Non";"Oui";"Non";"Oui";"Le poignet (côté paume de la main)";"Non";"Oui";"Oui";"Non";"Non";"Oui";"Oui";"Non";"Oui";"Non";"Oui";"Non";"Oui";"Non";"Oui";"Non";"Non";"Oui";"Non";"Non";"";"3";"Non";"Oui";"Oui";"Non";"Oui";"Non";"Non";"Oui";"Non";"Oui";"Non";"Non";"Non";"Oui";"Oui";"Non";"Non";"Non";"Non";"Non";"Oui";"Non";"Oui";"Oui";"Oui";"Non";"Oui";"Non";"Oui";"487.59";"125.44";"";"";"";"";"";"";"";"";"";"";"";"";"";"";"156.34";"";"";"";"";"";"";"";"";"";"";"";"";"";"";"";"";"74.81";"";"123.71";"";"";"";"";"";"7.29";""
"305";"2025-12-14 17:03:40";"5";"fr";"1530506071";"2025-12-14 16:53:17";"2025-12-14 17:03:40";"36";"Féminin";"68";"≥ Bac + 3";"8";"Non";"Non";"Oui";"Oui";"Non";"4";"4- 7-10-11 ans ";"Non";"Oui";"Non";"Non";"";"Chutes principalement ";"Non";"3";"Non";"Non";"Non";"Oui";"Non";"Non";"Non";"";"Thermique";"Liquide chaud";"Plus de 60%";"Accidentelles";"";"Les 0-4 ans";"Les 0-4 ans";"Autant chez les filles/femmes que les garçons/hommes";"La cuisine";"";"Nourriture/liquides, casserole chaudes, cheminée poêle à bois, bain, produits d’entretien ";"Oui, et la brûlure est superficielle";"37°C";"Oui";"Non";"Oui";"Oui";"Non";"Oui";"La bouche";"Oui";"Non";"Oui";"Non";"Oui";"Oui";"Oui";"Non";"Oui";"Oui";"Oui";"Oui";"Oui";"Oui";"Oui";"Non";"Non";"Oui";"Oui";"Non";"";"3";"Non";"Non";"Non";"Oui";"Non";"Non";"Oui";"Oui";"Non";"Oui";"Non";"Non";"Non";"Non";"Oui";"Non";"Non";"Non";"Non";"Oui";"Oui";"Non";"Oui";"Oui";"Oui";"Non";"Oui";"Oui";"Oui";"622.68";"133.08";"";"";"";"";"";"";"";"";"";"";"";"";"";"";"275.14";"";"";"";"";"";"";"";"";"";"";"";"";"";"";"";"";"58.37";"";"149.41";"";"";"";"";"";"6.68";""
"306";"2025-12-14 19:42:28";"5";"fr";"756842787";"2025-12-14 19:27:11";"2025-12-14 19:42:28";"30";"Féminin";"80";"≥ Bac + 3";"6";"Non";"Non";"Non";"Oui";"Non";"1";"3 mois";"Oui";"Non";"Non";"Non";"";"Chute de mobilier
Angles de meubles
Prises électriques 
Etouffement
Morsure/Griffure animale
Ingestion/Inhalation corps étranger";"Non";"5";"Oui";"Non";"Oui";"Oui";"Oui";"Oui";"Non";"Etudes médicales";"Par frottement";"Liquide chaud";"Plus de 60%";"Accidentelles";"";"Les 0-4 ans";"Les 0-4 ans";"Chez les garçons/hommes";"La cuisine";"";"Casseroles/Poêles en cours de cuisson avec anse qui dépasse";"Oui, et la brûlure est superficielle";"37°C";"Oui";"Non";"Oui";"Oui";"Non";"Oui";"Le poignet (côté paume de la main)";"Oui";"Non";"Oui";"Non";"Oui";"Oui";"Non";"Oui";"Non";"Non";"Oui";"Non";"Non";"Non";"Non";"Non";"Non";"Non";"Non";"Non";"";"5";"Non";"Oui";"Oui";"Non";"Non";"Non";"Oui";"Oui";"Non";"Oui";"Non";"Non";"Non";"Oui";"Oui";"Non";"Non";"Oui";"Non";"Non";"Oui";"Non";"Oui";"Oui";"Oui";"Non";"Non";"Non";"Non";"918.47";"205.61";"";"";"";"";"";"";"";"";"";"";"";"";"";"";"280.6";"";"";"";"";"";"";"";"";"";"";"";"";"";"";"";"";"125.98";"";"300.49";"";"";"";"";"";"5.79";""
"307";"2025-12-14 21:18:33";"5";"fr";"2121417516";"2025-12-14 21:09:58";"2025-12-14 21:18:33";"28";"Féminin";"14";"≥ Bac + 3";"7";"Non";"Non";"Non";"Oui";"Non";"2";"3 ans - 1 an";"Oui";"Non";"Non";"Non";"";"Chute chaise haute 
Corps étranger nez / oreille";"Non";"3";"Non";"Non";"Non";"Oui";"Non";"Non";"Non";"";"Thermique";"Liquide chaud";"Plus de 60%";"Accidentelles";"";"Les 0-4 ans";"Les 0-4 ans";"Chez les garçons/hommes";"La cuisine";"";"Casserole eau
Bouilloire
Aliments";"Oui, et la brûlure est grave";"37°C";"Oui";"Oui";"Oui";"Oui";"Non";"Oui";"Le poignet (côté paume de la main)";"Oui";"Non";"Oui";"Non";"Oui";"Oui";"Oui";"Non";"Oui";"Oui";"Oui";"Oui";"Non";"Oui";"Oui";"Oui";"Oui";"Oui";"Oui";"Non";"";"3";"Non";"Oui";"Non";"Oui";"Oui";"Non";"Oui";"Oui";"Non";"Oui";"Non";"Non";"Non";"Oui";"Non";"Non";"Non";"Non";"Non";"Non";"Oui";"Non";"Oui";"Oui";"Oui";"Non";"Oui";"Non";"Non";"516.88";"89.27";"";"";"";"";"";"";"";"";"";"";"";"";"";"";"186.23";"";"";"";"";"";"";"";"";"";"";"";"";"";"";"";"";"53.06";"";"180.7";"";"";"";"";"";"7.62";""
"308";"";"3";"fr";"1696031320";"2025-12-14 23:02:35";"2025-12-14 23:10:27";"39";"Féminin";"78";"≥ Bac + 3";"7";"Non";"Non";"Non";"Non";"Non";"4";"11 ans - 9 ans - 6 ans - 2 ans";"Oui";"Oui";"Non";"Non";"";"Brûlure, fracture à cause de chute, fausses routes";"Non";"5";"Non";"Non";"Non";"Non";"Non";"Non";"Non";"Exemples d’ami pendant mon enfance ";"Thermique";"Liquide chaud";"Plus de 60%";"Accidentelles";"";"Les 0-4 ans";"Les 0-4 ans";"Autant chez les filles/femmes que les garçons/hommes";"Le salon";"";"Une tasse de café ou thé posée sur la table basse. ";"Oui, et la brûlure est grave";"37°C";"Non";"Non";"Non";"Non";"Non";"Oui";"Le poignet (côté paume de la main)";"Oui";"Oui";"Oui";"Non";"Oui";"Oui";"Oui";"Non";"Oui";"Oui";"Oui";"Oui";"Non";"Oui";"Oui";"Oui";"Oui";"Oui";"Oui";"Non";"";"";"N/A";"N/A";"N/A";"N/A";"N/A";"N/A";"N/A";"N/A";"N/A";"N/A";"N/A";"N/A";"N/A";"N/A";"N/A";"N/A";"N/A";"N/A";"N/A";"N/A";"N/A";"N/A";"N/A";"N/A";"N/A";"N/A";"N/A";"N/A";"N/A";"471.89";"178.37";"";"";"";"";"";"";"";"";"";"";"";"";"";"";"219.5";"";"";"";"";"";"";"";"";"";"";"";"";"";"";"";"";"74.02";"";"";"";"";"";"";"";"";""
"309";"";"1";"fr";"1172551271";"2025-12-15 07:35:14";"2025-12-15 07:43:07";"40";"Féminin";"33";"≥ Bac + 3";"6";"Non";"Non";"Non";"Oui";"Non";"5";"14-13-10-7-4";"Oui";"Non";"Non";"Non";"";"Intoxication , brûlures";"Non";"3";"Non";"Non";"Non";"Oui";"Non";"Non";"Non";"";"Thermique";"Liquide chaud";"Environ 40%";"Accidentelles";"";"Les 0-4 ans";"Les 0-4 ans";"Autant chez les filles/femmes que les garçons/hommes";"La cuisine";"";"";"Oui, et la brûlure est grave";"37°C";"Non";"Non";"Non";"Oui";"Non";"Non";"Le poignet (côté paume de la main)";"N/A";"N/A";"N/A";"N/A";"N/A";"N/A";"N/A";"N/A";"N/A";"N/A";"N/A";"N/A";"N/A";"N/A";"N/A";"N/A";"N/A";"N/A";"N/A";"N/A";"";"";"N/A";"N/A";"N/A";"N/A";"N/A";"N/A";"N/A";"N/A";"N/A";"N/A";"N/A";"N/A";"N/A";"N/A";"N/A";"N/A";"N/A";"N/A";"N/A";"N/A";"N/A";"N/A";"N/A";"N/A";"N/A";"N/A";"N/A";"N/A";"N/A";"471.52";"231.01";"";"";"";"";"";"";"";"";"";"";"";"";"";"";"240.51";"";"";"";"";"";"";"";"";"";"";"";"";"";"";"";"";"";"";"";"";"";"";"";"";"";""
"310";"";"";"fr";"410694195";"2025-12-15 09:15:49";"2025-12-15 09:15:49";"";"N/A";"";"";"";"N/A";"N/A";"N/A";"N/A";"N/A";"";"";"N/A";"N/A";"N/A";"N/A";"";"";"N/A";"";"N/A";"N/A";"N/A";"N/A";"N/A";"N/A";"N/A";"";"";"";"";"";"";"";"";"";"";"";"";"";"";"N/A";"N/A";"N/A";"N/A";"N/A";"N/A";"";"N/A";"N/A";"N/A";"N/A";"N/A";"N/A";"N/A";"N/A";"N/A";"N/A";"N/A";"N/A";"N/A";"N/A";"N/A";"N/A";"N/A";"N/A";"N/A";"N/A";"";"";"N/A";"N/A";"N/A";"N/A";"N/A";"N/A";"N/A";"N/A";"N/A";"N/A";"N/A";"N/A";"N/A";"N/A";"N/A";"N/A";"N/A";"N/A";"N/A";"N/A";"N/A";"N/A";"N/A";"N/A";"N/A";"N/A";"N/A";"N/A";"N/A";"0";"";"";"";"";"";"";"";"";"";"";"";"";"";"";"";"";"";"";"";"";"";"";"";"";"";"";"";"";"";"";"";"";"";"";"";"";"";"";"";"";"";""
"311";"2025-12-15 10:25:27";"5";"fr";"869910021";"2025-12-15 10:05:50";"2025-12-15 10:25:27";"45";"Masculin";"78";"≥ Bac + 3";"4";"Oui";"Non";"Oui";"Non";"Non";"1";"1 an";"Oui";"Non";"Non";"Non";"";"Ingérer petits objets 
Ingérer substance toxique
Chute de l'enfant (d'un lit adulte)
Chute de mobilier
Choc contre mobilier 
Doigt coincé dans porte
Risque de strangulation avec lien (ceinture, ruban, câble)
Risque d'étouffement (sac, etc)
Chute de hauteur : escalier, fenêtre 
Risque d'électrocution si prise pas aux normes ou multiprise
Brûlures";"Non";"1";"Non";"Non";"Non";"Non";"Non";"Non";"Non";"Bouche à oreille parental ";"Thermique";"Liquide chaud";"Plus de 60%";"Accidentelles";"";"Les 0-4 ans";"Les 0-4 ans";"Chez les garçons/hommes";"Le salon";"";"Café ou thé brûlant à sa proximité ";"Oui, et la brûlure est grave";"37°C";"Non";"Non";"Oui";"Oui";"Non";"Oui";"Le poignet (côté paume de la main)";"Oui";"Non";"Oui";"Oui";"Oui";"Non";"Oui";"Oui";"Oui";"Oui";"Oui";"Oui";"Oui";"Oui";"Oui";"Oui";"Oui";"Oui";"Oui";"Non";"Four en hauteur ";"2";"Non";"Oui";"Oui";"Non";"Non";"Non";"Oui";"Oui";"Non";"Oui";"Non";"Non";"Non";"Oui";"Oui";"Non";"Non";"Non";"Non";"Non";"Oui";"Non";"Oui";"Oui";"Non";"Non";"Oui";"Oui";"Oui";"1178.97";"408.34";"";"";"";"";"";"";"";"";"";"";"";"";"";"";"424.96";"";"";"";"";"";"";"";"";"";"";"";"";"";"";"";"";"97.41";"";"241.79";"";"";"";"";"";"6.47";""
"312";"2025-12-15 10:11:49";"5";"fr";"1270347749";"2025-12-15 10:06:18";"2025-12-15 10:11:49";"39";"Féminin";"78";"≥ Bac + 3";"6";"Oui";"Non";"Non";"Non";"Non";"1";"1";"Oui";"Non";"Non";"Oui";"";"Prises électriques, meubles qui peuvent tomber, produits dangereux produits ménagers ";"Non";"0";"Non";"Non";"Oui";"Non";"Non";"Non";"Non";"";"Chimique";"Flamme/feu";"Plus de 60%";"Accidentelles";"";"Les 0-4 ans";"Les 0-4 ans";"Autant chez les filles/femmes que les garçons/hommes";"La cuisine";"";"Je n'ai pas trop envie d'y penser ";"Oui, et la brûlure est grave";"37°C";"Oui";"Non";"Oui";"Oui";"Non";"Oui";"Le poignet (côté paume de la main)";"Oui";"Non";"Oui";"Oui";"Oui";"Non";"Oui";"Oui";"Oui";"Oui";"Oui";"Oui";"Non";"Non";"Non";"Oui";"Oui";"Oui";"Oui";"Non";"";"0";"Non";"Oui";"Oui";"Non";"Oui";"Non";"Non";"Non";"Oui";"Non";"Non";"Non";"Oui";"Non";"Non";"Non";"Non";"Oui";"Non";"Non";"Oui";"Non";"Oui";"Oui";"Oui";"Non";"Oui";"Non";"Oui";"331.46";"87";"";"";"";"";"";"";"";"";"";"";"";"";"";"";"94.92";"";"";"";"";"";"";"";"";"";"";"";"";"";"";"";"";"45.55";"";"97.48";"";"";"";"";"";"6.51";""
"313";"";"2";"fr";"1693956744";"2025-12-15 10:49:56";"2025-12-15 10:59:06";"40";"Féminin";"75";"≥ Bac + 3";"7";"Non";"Non";"Non";"Non";"Non";"5";"15 ans - 13 ans - 9 ans - 6 ans - 2 mois";"Oui";"Oui";"Non";"Non";"";"Avaler petites pièces (ou introduire dans oreilles/nez)
Chute  (lit, canapé ou au parc)";"Non";"4";"Non";"Non";"Non";"Oui";"Non";"Non";"Non";"";"Thermique";"Liquide chaud";"Environ 40%";"Accidentelles";"";"Les 5-14 ans";"Les 0-4 ans";"Autant chez les filles/femmes que les garçons/hommes";"La cuisine";"";"Casserole ";"Oui, et la brûlure est grave";"37°C";"Non";"Oui";"Oui";"Oui";"Non";"Oui";"Le poignet (côté paume de la main)";"N/A";"N/A";"N/A";"N/A";"N/A";"N/A";"N/A";"N/A";"N/A";"N/A";"N/A";"N/A";"N/A";"N/A";"N/A";"N/A";"N/A";"N/A";"N/A";"N/A";"";"";"N/A";"N/A";"N/A";"N/A";"N/A";"N/A";"N/A";"N/A";"N/A";"N/A";"N/A";"N/A";"N/A";"N/A";"N/A";"N/A";"N/A";"N/A";"N/A";"N/A";"N/A";"N/A";"N/A";"N/A";"N/A";"N/A";"N/A";"N/A";"N/A";"550.88";"393.1";"";"";"";"";"";"";"";"";"";"";"";"";"";"";"157.78";"";"";"";"";"";"";"";"";"";"";"";"";"";"";"";"";"";"";"";"";"";"";"";"";"";""
"314";"";"1";"fr";"537314737";"2025-12-15 17:11:40";"2025-12-15 17:21:02";"68";"Masculin";"78";"≥ Bac + 3";"8";"Non";"Non";"Non";"Non";"Non";"0";"34 ans - 31 ans - 28 ans";"Non";"Non";"Non";"Non";"Mes enfants sont finis d'élever. J'ai toujours été très sensible aux accidents domestiques.";"La chute 
La brûlure, le feu des bougies ou des cigarettes, du gaz, des plaques de cuisson 
L' ébouillantement 
La percussion 
La coupure 
L'électrocution 
La perforation 
La morsure pae des animaux 
Les produits toxiques, les produits d'entretien, les médicaments 
Le renversement de mobilier ou d'objets mal attachés au mur 
L'étouffement ";"N/A";"";"N/A";"N/A";"N/A";"N/A";"N/A";"N/A";"N/A";"";"";"";"";"";"";"";"";"";"";"";"";"";"";"N/A";"N/A";"N/A";"N/A";"N/A";"N/A";"";"N/A";"N/A";"N/A";"N/A";"N/A";"N/A";"N/A";"N/A";"N/A";"N/A";"N/A";"N/A";"N/A";"N/A";"N/A";"N/A";"N/A";"N/A";"N/A";"N/A";"";"";"N/A";"N/A";"N/A";"N/A";"N/A";"N/A";"N/A";"N/A";"N/A";"N/A";"N/A";"N/A";"N/A";"N/A";"N/A";"N/A";"N/A";"N/A";"N/A";"N/A";"N/A";"N/A";"N/A";"N/A";"N/A";"N/A";"N/A";"N/A";"N/A";"562.97";"562.97";"";"";"";"";"";"";"";"";"";"";"";"";"";"";"";"";"";"";"";"";"";"";"";"";"";"";"";"";"";"";"";"";"";"";"";"";"";"";"";"";""
"315";"";"";"fr";"6673803";"2025-12-15 20:01:35";"2025-12-15 20:01:35";"";"N/A";"";"";"";"N/A";"N/A";"N/A";"N/A";"N/A";"";"";"N/A";"N/A";"N/A";"N/A";"";"";"N/A";"";"N/A";"N/A";"N/A";"N/A";"N/A";"N/A";"N/A";"";"";"";"";"";"";"";"";"";"";"";"";"";"";"N/A";"N/A";"N/A";"N/A";"N/A";"N/A";"";"N/A";"N/A";"N/A";"N/A";"N/A";"N/A";"N/A";"N/A";"N/A";"N/A";"N/A";"N/A";"N/A";"N/A";"N/A";"N/A";"N/A";"N/A";"N/A";"N/A";"";"";"N/A";"N/A";"N/A";"N/A";"N/A";"N/A";"N/A";"N/A";"N/A";"N/A";"N/A";"N/A";"N/A";"N/A";"N/A";"N/A";"N/A";"N/A";"N/A";"N/A";"N/A";"N/A";"N/A";"N/A";"N/A";"N/A";"N/A";"N/A";"N/A";"0";"";"";"";"";"";"";"";"";"";"";"";"";"";"";"";"";"";"";"";"";"";"";"";"";"";"";"";"";"";"";"";"";"";"";"";"";"";"";"";"";"";""
"316";"";"3";"fr";"862753429";"2025-12-16 09:20:18";"2025-12-16 09:27:45";"44";"Masculin";"38";"≥ Bac + 3";"7";"Non";"Non";"Oui";"Oui";"Non";"2";"13ans- 11ans";"Non";"Non";"Non";"Non";"Je suis médecin généraliste ";"Chute, brûlure, intoxication ";"Oui";"5";"Non";"Non";"Non";"Oui";"Non";"Non";"Non";"Mes etudes";"Thermique";"Liquide chaud";"Plus de 60%";"Accidentelles";"";"Les 0-4 ans";"Les 0-4 ans";"Autant chez les filles/femmes que les garçons/hommes";"La cuisine";"";"Poêle, bouilloire, casserole, liquide alimentaire ";"Oui, et la brûlure est grave";"37°C";"Non";"Non";"Oui";"Oui";"Non";"Non";"Le dos de la main";"Oui";"Non";"Oui";"Non";"Oui";"Non";"Oui";"Oui";"Oui";"Non";"Non";"Non";"Non";"Oui";"Oui";"Oui";"Non";"Oui";"Oui";"Non";"";"";"N/A";"N/A";"N/A";"N/A";"N/A";"N/A";"N/A";"N/A";"N/A";"N/A";"N/A";"N/A";"N/A";"N/A";"N/A";"N/A";"N/A";"N/A";"N/A";"N/A";"N/A";"N/A";"N/A";"N/A";"N/A";"N/A";"N/A";"N/A";"N/A";"448.76";"122.35";"";"";"";"";"";"";"";"";"";"";"";"";"";"";"244.71";"";"";"";"";"";"";"";"";"";"";"";"";"";"";"";"";"81.7";"";"";"";"";"";"";"";"";""
"317";"";"1";"fr";"655178466";"2025-12-16 13:37:25";"2025-12-16 13:39:02";"30";"Féminin";"69";"≥ Bac + 3";"8";"Non";"Non";"Non";"Oui";"Non";"2";"6 mois - 3 ans ";"Non";"Oui";"Non";"Non";"";"Chûtes , brûlures";"N/A";"";"N/A";"N/A";"N/A";"N/A";"N/A";"N/A";"N/A";"";"";"";"";"";"";"";"";"";"";"";"";"";"";"N/A";"N/A";"N/A";"N/A";"N/A";"N/A";"";"N/A";"N/A";"N/A";"N/A";"N/A";"N/A";"N/A";"N/A";"N/A";"N/A";"N/A";"N/A";"N/A";"N/A";"N/A";"N/A";"N/A";"N/A";"N/A";"N/A";"";"";"N/A";"N/A";"N/A";"N/A";"N/A";"N/A";"N/A";"N/A";"N/A";"N/A";"N/A";"N/A";"N/A";"N/A";"N/A";"N/A";"N/A";"N/A";"N/A";"N/A";"N/A";"N/A";"N/A";"N/A";"N/A";"N/A";"N/A";"N/A";"N/A";"97.64";"97.64";"";"";"";"";"";"";"";"";"";"";"";"";"";"";"";"";"";"";"";"";"";"";"";"";"";"";"";"";"";"";"";"";"";"";"";"";"";"";"";"";""
"318";"2025-12-16 16:38:25";"5";"fr";"239256835";"2025-12-16 16:29:09";"2025-12-16 16:38:25";"28";"Féminin";"94";"≥ Bac + 3";"5";"Non";"Non";"Non";"Oui";"Oui";"1";"5mois";"Non";"Oui";"Non";"Non";"";"Brûlures plaies traumatisme ";"Non";"2";"Non";"Non";"Non";"Oui";"Non";"Non";"Non";"";"Thermique";"Liquide chaud";"Plus de 60%";"Accidentelles";"";"Les 0-4 ans";"Les 0-4 ans";"Autant chez les filles/femmes que les garçons/hommes";"La cuisine";"";"Bouilloire, bain chaud ";"Oui, et la brûlure est grave";"37°C";"Oui";"Non";"Oui";"Oui";"Oui";"Oui";"Le poignet (côté paume de la main)";"Oui";"Non";"Oui";"Non";"Oui";"Non";"Oui";"Oui";"Non";"Oui";"Oui";"Oui";"Oui";"Oui";"Oui";"Oui";"Oui";"Oui";"Oui";"Non";"";"2";"Non";"Oui";"Non";"Oui";"Non";"Non";"Oui";"Oui";"Non";"Oui";"Non";"Non";"Non";"Oui";"Oui";"Non";"Non";"Oui";"Non";"Oui";"Oui";"Non";"Oui";"Oui";"Non";"Non";"Oui";"Non";"Oui";"557.5";"79.15";"";"";"";"";"";"";"";"";"";"";"";"";"";"";"267.16";"";"";"";"";"";"";"";"";"";"";"";"";"";"";"";"";"55.43";"";"150.28";"";"";"";"";"";"5.48";""
"319";"2025-12-16 21:12:24";"5";"fr";"2078444180";"2025-12-16 21:00:44";"2025-12-16 21:12:24";"39";"Féminin";"75";"≥ Bac + 3";"5";"Non";"Non";"Non";"Oui";"Non";"1";"2";"Non";"Oui";"Non";"Non";"";"Fausse route 
Brûlure 
Chute 
";"Non";"0";"Non";"Non";"Non";"Oui";"Non";"Non";"Non";"";"Thermique";"Liquide chaud";"Plus de 60%";"Accidentelles";"";"Les 0-4 ans";"Les 5-14 ans";"Autant chez les filles/femmes que les garçons/hommes";"La cuisine";"";"Tasse de thé ou café des parents 
Casserole sur le feu 
Friteuse 
Four ";"Oui, et la brûlure est grave";"37°C";"Non";"Non";"Oui";"Oui";"Non";"Oui";"Le poignet (côté paume de la main)";"Oui";"Non";"Oui";"Non";"Oui";"Non";"Oui";"Non";"Non";"Non";"Oui";"Oui";"Non";"Oui";"Non";"Non";"Oui";"Oui";"Oui";"Non";"";"4";"Non";"Oui";"Oui";"Non";"Non";"Non";"Non";"Oui";"Non";"Oui";"Non";"Non";"Non";"Oui";"Oui";"Non";"Non";"Oui";"Non";"Oui";"Oui";"Non";"Oui";"Oui";"Non";"Non";"Oui";"Oui";"N/A";"700.24";"135.97";"";"";"";"";"";"";"";"";"";"";"";"";"";"";"272.39";"";"";"";"";"";"";"";"";"";"";"";"";"";"";"";"";"77.29";"";"203.43";"";"";"";"";"";"11.16";""
"320";"2025-12-16 21:29:38";"5";"fr";"1496322060";"2025-12-16 21:20:35";"2025-12-16 21:29:38";"30";"Féminin";"93";"Inférieur au baccalauréat";"7";"Non";"Non";"Non";"Oui";"Non";"3";"7 ans - 5 ans - 3 ans ";"Oui";"Oui";"Non";"Non";"";"Les prises - les dangers  dans la cuisine.  les cass3role  ";"Non";"2";"Oui";"Non";"Non";"Oui";"Non";"Non";"Non";"";"Thermique";"Liquide chaud";"Environ 40%";"Accidentelles";"";"Les 0-4 ans";"Les 0-4 ans";"Autant chez les filles/femmes que les garçons/hommes";"La cuisine";"";"En touchant une casserole chaude , un thé ";"Oui, et la brûlure est grave";"37°C";"Non";"Non";"Oui";"Oui";"Non";"Oui";"Le dos de la main";"Oui";"Non";"Oui";"Non";"Oui";"Non";"Oui";"Non";"Non";"Non";"Non";"Non";"Non";"Oui";"Oui";"Non";"Non";"Non";"Non";"Non";"";"3";"Non";"Non";"Non";"Oui";"Non";"Non";"Oui";"Non";"Non";"Oui";"Non";"Non";"Non";"Non";"Oui";"Non";"Non";"Oui";"Non";"Non";"Oui";"Non";"Oui";"Oui";"Non";"Non";"Oui";"Non";"N/A";"544.46";"136.94";"";"";"";"";"";"";"";"";"";"";"";"";"";"";"177.35";"";"";"";"";"";"";"";"";"";"";"";"";"";"";"";"";"48.32";"";"173.7";"";"";"";"";"";"8.15";""
"321";"2025-12-17 07:16:32";"5";"fr";"1184378715";"2025-12-17 07:05:01";"2025-12-17 07:16:32";"32";"Féminin";"45";"Baccalauréat - Bac +2";"4";"Oui";"Non";"Non";"Oui";"Non";"2";"7ans - 2 ans";"Oui";"Non";"Non";"Non";"";"Fracture - Brûlure - chute - étouffée ";"Non";"5";"Non";"Non";"Non";"Oui";"Non";"Non";"Non";"";"Thermique";"Liquide chaud";"Environ 40%";"Accidentelles";"";"Les 0-4 ans";"Les 0-4 ans";"Autant chez les filles/femmes que les garçons/hommes";"La cuisine";"";"En touchant casserole avec de l’eau chaude";"Oui, et la brûlure est grave";"33°C";"Oui";"Non";"Oui";"Oui";"Non";"Oui";"Le poignet (côté paume de la main)";"Oui";"Non";"Oui";"Non";"Oui";"Non";"Non";"Non";"Oui";"Oui";"Non";"Oui";"Non";"Oui";"Non";"Non";"Oui";"Oui";"Oui";"Non";"";"5";"Non";"Oui";"Oui";"Non";"Oui";"Non";"Non";"Oui";"Non";"Oui";"Non";"Non";"Non";"Oui";"Oui";"Non";"Non";"Oui";"Non";"Non";"Oui";"Non";"Oui";"Oui";"Non";"Non";"Oui";"Non";"Oui";"692.09";"169.5";"";"";"";"";"";"";"";"";"";"";"";"";"";"";"235.88";"";"";"";"";"";"";"";"";"";"";"";"";"";"";"";"";"69.93";"";"205.58";"";"";"";"";"";"11.2";""
"322";"2025-12-17 09:52:53";"5";"fr";"1585847305";"2025-12-17 07:17:56";"2025-12-17 09:52:53";"33";"Masculin";"92";"≥ Bac + 3";"6";"Non";"Non";"Non";"Oui";"Non";"2";"1 an - 3 ans";"Oui";"Non";"Non";"Non";"";"Brûlure, chute mécanique, étouffement, allergie, bruit, electrocution, malaise, noyade, pollution environnementale (déodorant, etc.), pincement (porte)";"Non";"4";"Non";"Non";"Non";"Oui";"Non";"Non";"Non";"Les collègues formateurs AP et puer";"Par rayonnement d'une grande source de chaleur";"Liquide chaud";"Plus de 60%";"Accidentelles";"";"Les 5-14 ans";"Les 0-4 ans";"Autant chez les filles/femmes que les garçons/hommes";"La cuisine";"";"Huile, fer à repasser, l'eau, bain";"Oui, et la brûlure est grave";"37°C";"Oui";"Oui";"Oui";"Oui";"Non";"Oui";"Le dos de la main";"Oui";"Non";"Non";"Non";"Oui";"Oui";"Oui";"Non";"Oui";"Non";"Oui";"Oui";"Non";"Oui";"Oui";"Oui";"Oui";"Oui";"Oui";"Non";"";"4";"Non";"Oui";"Non";"Oui";"Non";"Non";"Oui";"Oui";"Non";"Oui";"Non";"Non";"Non";"Non";"Oui";"Non";"Non";"Non";"Non";"Oui";"Oui";"Non";"Oui";"Non";"Non";"Non";"Oui";"Oui";"Oui";"9296.69";"2328.33";"";"";"";"";"";"";"";"";"";"";"";"";"";"";"6541.89";"";"";"";"";"";"";"";"";"";"";"";"";"";"";"";"";"103.4";"";"312.02";"";"";"";"";"";"11.05";""
"323";"2025-12-17 12:00:33";"5";"fr";"235253583";"2025-12-17 11:50:24";"2025-12-17 12:00:33";"38";"Féminin";"93";"≥ Bac + 3";"8";"Non";"Non";"Oui";"Oui";"Non";"1";"5";"Oui";"Non";"Non";"Non";"";"Brûlure 
Chute 
Intoxication 
Étouffement ";"Non";"0";"Non";"Non";"Non";"Oui";"Non";"Non";"Non";"";"Par rayonnement d'une grande source de chaleur";"Liquide chaud";"Moins de 10%";"Accidentelles";"";"Les 0-4 ans";"Les 0-4 ans";"Autant chez les filles/femmes que les garçons/hommes";"La cuisine";"";"Casserole
Poêle 
Fer à repasser
Eau/huile";"Oui, et la brûlure est grave";"37°C";"Oui";"Non";"Oui";"Oui";"Non";"Oui";"Le poignet (côté paume de la main)";"Oui";"Non";"Non";"Oui";"Oui";"Non";"Oui";"Non";"Oui";"Non";"Oui";"Oui";"Non";"Oui";"Non";"Oui";"Oui";"Oui";"Non";"Non";"";"4";"Non";"Non";"Non";"Oui";"Non";"Non";"Oui";"Non";"Non";"Oui";"Non";"Non";"Non";"Non";"Oui";"Non";"Non";"Non";"Non";"Oui";"Oui";"Non";"Non";"Oui";"Non";"Non";"Oui";"Oui";"Oui";"609.7";"97.95";"";"";"";"";"";"";"";"";"";"";"";"";"";"";"163.47";"";"";"";"";"";"";"";"";"";"";"";"";"";"";"";"";"48.68";"";"293.48";"";"";"";"";"";"6.12";""
"324";"2025-12-17 15:31:55";"5";"fr";"1366597862";"2025-12-17 15:24:37";"2025-12-17 15:31:55";"33";"Féminin";"56";"Baccalauréat - Bac +2";"4";"Oui";"Non";"Non";"Non";"Non";"2";"3";"Oui";"Oui";"Non";"Non";"";"Brûlure ingestion chutes morsures griffures";"Non";"5";"Oui";"Non";"Oui";"Non";"Non";"Non";"Non";"Mes recherches personnelles ";"Thermique";"Liquide chaud";"Plus de 60%";"Accidentelles";"";"Les 0-4 ans";"Les 0-4 ans";"Autant chez les filles/femmes que les garçons/hommes";"La cuisine";"";"Poêle à bois non protégé, cuisine ouverte sans surveillance, tasse de liquide brûlant en évidence ";"Oui, et la brûlure est superficielle";"37°C";"Oui";"Non";"Oui";"Oui";"Non";"Oui";"Le poignet (côté paume de la main)";"Oui";"Non";"Oui";"Non";"Oui";"Oui";"Oui";"Non";"Oui";"Non";"Oui";"Oui";"Non";"Oui";"Non";"Oui";"Non";"Oui";"Oui";"Non";"";"4";"Non";"Oui";"Non";"Oui";"Non";"Non";"Oui";"Non";"Non";"Oui";"Non";"Non";"Non";"Oui";"Oui";"Non";"Non";"Non";"Non";"Oui";"Oui";"Non";"Oui";"Oui";"Oui";"Non";"Oui";"Non";"Oui";"439.89";"111.66";"";"";"";"";"";"";"";"";"";"";"";"";"";"";"158.02";"";"";"";"";"";"";"";"";"";"";"";"";"";"";"";"";"39.71";"";"123.66";"";"";"";"";"";"6.84";""
"325";"2025-12-17 20:14:01";"5";"fr";"585473428";"2025-12-17 20:08:05";"2025-12-17 20:14:01";"29";"Féminin";"77";"≥ Bac + 3";"7";"Non";"Non";"Non";"Oui";"Non";"1";"23 mois";"Oui";"Oui";"Non";"Non";"";"Chute, brûlure, ingestion ";"Non";"3";"Non";"Non";"Non";"Non";"Non";"Non";"Non";"Ï";"Thermique";"Liquide chaud";"Plus de 60%";"Accidentelles";"";"Les 0-4 ans";"Les 0-4 ans";"Autant chez les filles/femmes que les garçons/hommes";"La cuisine";"";"Chute d'un bol, casserole... En essayant de l'attraper ";"Oui, et la brûlure est grave";"37°C";"Oui";"Oui";"Oui";"Oui";"Non";"Oui";"Le dos de la main";"Oui";"Non";"Oui";"Non";"Oui";"Non";"Non";"Non";"Oui";"Non";"Non";"Non";"Non";"Non";"Non";"Non";"Non";"Non";"Non";"Non";"";"3";"Non";"Non";"Non";"Oui";"Oui";"Non";"Oui";"Oui";"Non";"Oui";"Non";"Non";"Non";"Oui";"Oui";"Non";"Non";"Non";"Non";"Oui";"Oui";"Non";"Oui";"Oui";"Non";"Non";"Oui";"Oui";"Oui";"356.84";"76.36";"";"";"";"";"";"";"";"";"";"";"";"";"";"";"132.43";"";"";"";"";"";"";"";"";"";"";"";"";"";"";"";"";"41.35";"";"101.32";"";"";"";"";"";"5.38";""
"326";"";"1";"fr";"1408173645";"2025-12-18 07:36:08";"2025-12-18 07:39:09";"37";"Féminin";"78";"≥ Bac + 3";"10";"Non";"Non";"Non";"Non";"Non";"5";"9 ans - 7 ans - 5 ans et demi - 2 ans - 4 mois";"Non";"Oui";"Non";"Non";"Kiné respiratoire ";"Cuisine bouilloire plaques de cuisson / casseroles
Produits d’entretien 
Médicaments 
Prise électrique 
";"N/A";"";"N/A";"N/A";"N/A";"N/A";"N/A";"N/A";"N/A";"";"";"";"";"";"";"";"";"";"";"";"";"";"";"N/A";"N/A";"N/A";"N/A";"N/A";"N/A";"";"N/A";"N/A";"N/A";"N/A";"N/A";"N/A";"N/A";"N/A";"N/A";"N/A";"N/A";"N/A";"N/A";"N/A";"N/A";"N/A";"N/A";"N/A";"N/A";"N/A";"";"";"N/A";"N/A";"N/A";"N/A";"N/A";"N/A";"N/A";"N/A";"N/A";"N/A";"N/A";"N/A";"N/A";"N/A";"N/A";"N/A";"N/A";"N/A";"N/A";"N/A";"N/A";"N/A";"N/A";"N/A";"N/A";"N/A";"N/A";"N/A";"N/A";"181.98";"181.98";"";"";"";"";"";"";"";"";"";"";"";"";"";"";"";"";"";"";"";"";"";"";"";"";"";"";"";"";"";"";"";"";"";"";"";"";"";"";"";"";""
"327";"";"";"fr";"635551393";"2025-12-18 19:58:54";"2025-12-18 19:58:54";"";"N/A";"";"";"";"N/A";"N/A";"N/A";"N/A";"N/A";"";"";"N/A";"N/A";"N/A";"N/A";"";"";"N/A";"";"N/A";"N/A";"N/A";"N/A";"N/A";"N/A";"N/A";"";"";"";"";"";"";"";"";"";"";"";"";"";"";"N/A";"N/A";"N/A";"N/A";"N/A";"N/A";"";"N/A";"N/A";"N/A";"N/A";"N/A";"N/A";"N/A";"N/A";"N/A";"N/A";"N/A";"N/A";"N/A";"N/A";"N/A";"N/A";"N/A";"N/A";"N/A";"N/A";"";"";"N/A";"N/A";"N/A";"N/A";"N/A";"N/A";"N/A";"N/A";"N/A";"N/A";"N/A";"N/A";"N/A";"N/A";"N/A";"N/A";"N/A";"N/A";"N/A";"N/A";"N/A";"N/A";"N/A";"N/A";"N/A";"N/A";"N/A";"N/A";"N/A";"0";"";"";"";"";"";"";"";"";"";"";"";"";"";"";"";"";"";"";"";"";"";"";"";"";"";"";"";"";"";"";"";"";"";"";"";"";"";"";"";"";"";""
"328";"";"1";"fr";"1685855483";"2025-12-19 07:38:58";"2025-12-19 07:40:42";"31";"Féminin";"78";"≥ Bac + 3";"7";"Non";"Non";"Non";"Oui";"Non";"2";"3 ans - 1 an";"Non";"Oui";"Non";"Non";"";"Ingestion corps étranger , brûlures, chute , ingestion produits caustiques ";"N/A";"";"N/A";"N/A";"N/A";"N/A";"N/A";"N/A";"N/A";"";"";"";"";"";"";"";"";"";"";"";"";"";"";"N/A";"N/A";"N/A";"N/A";"N/A";"N/A";"";"N/A";"N/A";"N/A";"N/A";"N/A";"N/A";"N/A";"N/A";"N/A";"N/A";"N/A";"N/A";"N/A";"N/A";"N/A";"N/A";"N/A";"N/A";"N/A";"N/A";"";"";"N/A";"N/A";"N/A";"N/A";"N/A";"N/A";"N/A";"N/A";"N/A";"N/A";"N/A";"N/A";"N/A";"N/A";"N/A";"N/A";"N/A";"N/A";"N/A";"N/A";"N/A";"N/A";"N/A";"N/A";"N/A";"N/A";"N/A";"N/A";"N/A";"104.12";"104.12";"";"";"";"";"";"";"";"";"";"";"";"";"";"";"";"";"";"";"";"";"";"";"";"";"";"";"";"";"";"";"";"";"";"";"";"";"";"";"";"";""
"329";"2025-12-19 14:24:59";"5";"fr";"524474325";"2025-12-19 14:16:01";"2025-12-19 14:24:59";"34";"Féminin";"35";"≥ Bac + 3";"8";"Non";"Non";"Non";"Oui";"Non";"2";"5 ans - 2 ans";"Oui";"Non";"Non";"Non";"";"Pas eu de gros accidents domestiques, mes deux enfants sont déjà tombés de notre lit ";"Non";"3";"Non";"Non";"Non";"Oui";"Non";"Non";"Non";"";"Thermique";"Liquide chaud";"Plus de 60%";"Accidentelles";"";"Les 0-4 ans";"Les 0-4 ans";"Chez les filles/femmes";"La cuisine";"";"Bouilloire d'eau chaude et casserole d'eau chaude pour les pâtes";"Oui, et la brûlure est grave";"37°C";"Non";"Oui";"Oui";"Oui";"Non";"Oui";"Le poignet (côté paume de la main)";"Oui";"Non";"Non";"Non";"Oui";"Non";"Oui";"Non";"Non";"Oui";"Oui";"Oui";"Non";"Non";"Non";"Non";"Oui";"Non";"Oui";"Non";"";"4";"Non";"Non";"Non";"Oui";"Non";"Non";"Oui";"Non";"Non";"Oui";"Non";"Non";"Non";"Oui";"Oui";"Non";"Non";"Non";"Non";"Oui";"Oui";"Non";"Oui";"Oui";"Non";"Non";"Oui";"Oui";"Oui";"539.02";"142.12";"";"";"";"";"";"";"";"";"";"";"";"";"";"";"213.37";"";"";"";"";"";"";"";"";"";"";"";"";"";"";"";"";"54.97";"";"123.36";"";"";"";"";"";"5.2";""
"330";"2025-12-22 12:17:57";"5";"fr";"298954939";"2025-12-22 12:05:55";"2025-12-22 12:17:57";"40";"Féminin";"92";"≥ Bac + 3";"7";"Non";"Non";"Oui";"Non";"Non";"2";"4 années - 7 années ";"Oui";"Non";"Non";"Non";"";"Chutes, brûlures, coupures, coups, étouffement, empoisonnement ";"Non";"4";"Oui";"Non";"Non";"Oui";"Non";"Non";"Non";"";"Thermique";"Liquide chaud";"Plus de 60%";"Accidentelles";"";"Les 0-4 ans";"Les 0-4 ans";"Autant chez les filles/femmes que les garçons/hommes";"La cuisine";"";"Eau bouillante 
Huile friture ";"Oui, et la brûlure est grave";"37°C";"Oui";"Non";"Non";"Oui";"Non";"Oui";"Le poignet (côté paume de la main)";"Oui";"Non";"Non";"Non";"Oui";"Non";"Oui";"Non";"Oui";"Non";"Non";"Non";"Non";"Non";"Non";"Non";"Oui";"Oui";"Oui";"Non";"";"3";"Non";"Non";"Oui";"Non";"Non";"Non";"Non";"Oui";"Non";"Oui";"Non";"Non";"Non";"Non";"Oui";"Non";"Non";"Oui";"Non";"Non";"Oui";"Non";"Oui";"Non";"Oui";"Non";"Oui";"Non";"Non";"722.98";"152.31";"";"";"";"";"";"";"";"";"";"";"";"";"";"";"257.75";"";"";"";"";"";"";"";"";"";"";"";"";"";"";"";"";"80.71";"";"213.16";"";"";"";"";"";"19.05";""
"331";"2025-12-22 15:50:09";"5";"fr";"1802325169";"2025-12-22 14:55:00";"2025-12-22 15:50:09";"39";"Féminin";"92";"≥ Bac + 3";"6";"Non";"Non";"Non";"Non";"Non";"1";"2";"Non";"Oui";"Non";"Non";"";"Four, plaques de cuisson, fenêtres, bain";"Non";"1";"Oui";"Non";"Non";"Non";"Non";"Non";"Non";"";"Thermique";"Liquide chaud";"Environ 40%";"Accidentelles";"";"";"Les 0-4 ans";"Autant chez les filles/femmes que les garçons/hommes";"La cuisine";"";"Four, plaques de cuisson ";"Oui, et la brûlure est grave";"37°C";"Non";"Non";"Oui";"Oui";"Non";"Non";"Le poignet (côté paume de la main)";"Oui";"Non";"Oui";"Non";"Oui";"Oui";"Oui";"Non";"Oui";"Non";"Non";"Oui";"Oui";"Oui";"Oui";"Oui";"Non";"Oui";"Oui";"Non";"";"3";"Non";"Oui";"Oui";"Non";"Non";"Non";"Non";"Oui";"Non";"Oui";"Non";"Non";"Non";"Oui";"Oui";"Non";"Non";"Non";"Non";"Oui";"Oui";"Non";"Oui";"Oui";"Non";"Non";"Oui";"Non";"N/A";"3309.35";"240.32";"";"";"";"";"";"";"";"";"";"";"";"";"";"";"252.16";"";"";"";"";"";"";"";"";"";"";"";"";"";"";"";"";"77.79";"";"2716.46";"";"";"";"";"";"22.62";""
"332";"";"1";"fr";"1861371895";"2025-12-23 19:20:39";"2025-12-23 19:22:31";"29";"Féminin";"14";"≥ Bac + 3";"8";"Non";"Non";"Non";"Oui";"Non";"2";"6 mois et 3 ans";"Oui";"Non";"Non";"Non";"";"Brûlures 
Inhalations de fumées toxiques 
Ingestion de produits ménagers ";"N/A";"";"N/A";"N/A";"N/A";"N/A";"N/A";"N/A";"N/A";"";"";"";"";"";"";"";"";"";"";"";"";"";"";"N/A";"N/A";"N/A";"N/A";"N/A";"N/A";"";"N/A";"N/A";"N/A";"N/A";"N/A";"N/A";"N/A";"N/A";"N/A";"N/A";"N/A";"N/A";"N/A";"N/A";"N/A";"N/A";"N/A";"N/A";"N/A";"N/A";"";"";"N/A";"N/A";"N/A";"N/A";"N/A";"N/A";"N/A";"N/A";"N/A";"N/A";"N/A";"N/A";"N/A";"N/A";"N/A";"N/A";"N/A";"N/A";"N/A";"N/A";"N/A";"N/A";"N/A";"N/A";"N/A";"N/A";"N/A";"N/A";"N/A";"111.85";"111.85";"";"";"";"";"";"";"";"";"";"";"";"";"";"";"";"";"";"";"";"";"";"";"";"";"";"";"";"";"";"";"";"";"";"";"";"";"";"";"";"";""
"333";"2025-12-26 17:14:16";"5";"fr";"20901463";"2025-12-26 17:07:01";"2025-12-26 17:14:16";"36";"Masculin";"37";"≥ Bac + 3";"7";"Non";"Non";"Oui";"Non";"Non";"2";"10 mois - 4 ans";"Oui";"Non";"Non";"Non";"";"Produits ménagers, piscine, chutes, brûlures";"Non";"4";"Non";"Non";"Non";"Oui";"Non";"Non";"Non";"";"Thermique";"Liquide chaud";"Plus de 60%";"Accidentelles";"";"Les 0-4 ans";"Les 0-4 ans";"Autant chez les filles/femmes que les garçons/hommes";"La cuisine";"";"Thé, tisane.";"Oui, et la brûlure est grave";"37°C";"Non";"Non";"Oui";"Oui";"Non";"Non";"Le dos de la main";"Oui";"Non";"Oui";"Oui";"Oui";"Oui";"Oui";"Non";"Oui";"Oui";"Oui";"Oui";"Oui";"Oui";"Oui";"Oui";"Oui";"Oui";"Oui";"Non";"";"4";"Non";"Non";"Oui";"Non";"Oui";"Non";"Oui";"Non";"Non";"Oui";"Non";"Non";"Non";"Non";"Oui";"Non";"Non";"Non";"Non";"Non";"Oui";"Non";"Oui";"Oui";"Non";"Non";"Oui";"Oui";"N/A";"433.88";"110.87";"";"";"";"";"";"";"";"";"";"";"";"";"";"";"120.83";"";"";"";"";"";"";"";"";"";"";"";"";"";"";"";"";"47.81";"";"146.27";"";"";"";"";"";"8.1";""
"334";"2025-12-27 01:30:48";"5";"fr";"284631795";"2025-12-27 01:22:43";"2025-12-27 01:30:48";"28";"Féminin";"93";"≥ Bac + 3";"6";"Non";"Non";"Non";"Oui";"Non";"1";"2 ans";"Non";"Oui";"Non";"Non";"";"Brûlures 
Chute ";"Oui";"0";"Oui";"Non";"Non";"Non";"Non";"Non";"Non";"";"Thermique";"Liquide chaud";"Environ 40%";"Accidentelles";"";"Les 0-4 ans";"Les 0-4 ans";"Autant chez les filles/femmes que les garçons/hommes";"La cuisine";"";"Accès au boisson chaude préparer pour le parent ";"Oui, et la brûlure est grave";"37°C";"Non";"Non";"Non";"Oui";"Non";"Oui";"Le poignet (côté paume de la main)";"Non";"Non";"Oui";"Non";"Oui";"Non";"Oui";"Non";"Non";"Non";"Oui";"Oui";"Non";"Non";"Non";"Non";"Oui";"Oui";"Oui";"Non";"";"3";"Non";"Oui";"Oui";"Non";"Non";"Non";"Oui";"Oui";"Oui";"Non";"Non";"Non";"Non";"Non";"Oui";"Non";"Non";"Oui";"Non";"Oui";"Oui";"Non";"Oui";"Oui";"Non";"Non";"Oui";"Non";"N/A";"487.31";"91.76";"";"";"";"";"";"";"";"";"";"";"";"";"";"";"166.63";"";"";"";"";"";"";"";"";"";"";"";"";"";"";"";"";"55.71";"";"166.76";"";"";"";"";"";"6.45";""
"335";"";"";"fr";"834305344";"2025-12-28 22:02:45";"2025-12-28 22:02:45";"";"N/A";"";"";"";"N/A";"N/A";"N/A";"N/A";"N/A";"";"";"N/A";"N/A";"N/A";"N/A";"";"";"N/A";"";"N/A";"N/A";"N/A";"N/A";"N/A";"N/A";"N/A";"";"";"";"";"";"";"";"";"";"";"";"";"";"";"N/A";"N/A";"N/A";"N/A";"N/A";"N/A";"";"N/A";"N/A";"N/A";"N/A";"N/A";"N/A";"N/A";"N/A";"N/A";"N/A";"N/A";"N/A";"N/A";"N/A";"N/A";"N/A";"N/A";"N/A";"N/A";"N/A";"";"";"N/A";"N/A";"N/A";"N/A";"N/A";"N/A";"N/A";"N/A";"N/A";"N/A";"N/A";"N/A";"N/A";"N/A";"N/A";"N/A";"N/A";"N/A";"N/A";"N/A";"N/A";"N/A";"N/A";"N/A";"N/A";"N/A";"N/A";"N/A";"N/A";"0";"";"";"";"";"";"";"";"";"";"";"";"";"";"";"";"";"";"";"";"";"";"";"";"";"";"";"";"";"";"";"";"";"";"";"";"";"";"";"";"";"";""
"336";"";"";"fr";"611065408";"2025-12-30 14:20:55";"2025-12-30 14:20:55";"";"N/A";"";"";"";"N/A";"N/A";"N/A";"N/A";"N/A";"";"";"N/A";"N/A";"N/A";"N/A";"";"";"N/A";"";"N/A";"N/A";"N/A";"N/A";"N/A";"N/A";"N/A";"";"";"";"";"";"";"";"";"";"";"";"";"";"";"N/A";"N/A";"N/A";"N/A";"N/A";"N/A";"";"N/A";"N/A";"N/A";"N/A";"N/A";"N/A";"N/A";"N/A";"N/A";"N/A";"N/A";"N/A";"N/A";"N/A";"N/A";"N/A";"N/A";"N/A";"N/A";"N/A";"";"";"N/A";"N/A";"N/A";"N/A";"N/A";"N/A";"N/A";"N/A";"N/A";"N/A";"N/A";"N/A";"N/A";"N/A";"N/A";"N/A";"N/A";"N/A";"N/A";"N/A";"N/A";"N/A";"N/A";"N/A";"N/A";"N/A";"N/A";"N/A";"N/A";"0";"";"";"";"";"";"";"";"";"";"";"";"";"";"";"";"";"";"";"";"";"";"";"";"";"";"";"";"";"";"";"";"";"";"";"";"";"";"";"";"";"";""
"337";"";"";"fr";"973205228";"2025-12-30 23:47:32";"2025-12-30 23:47:32";"";"N/A";"";"";"";"N/A";"N/A";"N/A";"N/A";"N/A";"";"";"N/A";"N/A";"N/A";"N/A";"";"";"N/A";"";"N/A";"N/A";"N/A";"N/A";"N/A";"N/A";"N/A";"";"";"";"";"";"";"";"";"";"";"";"";"";"";"N/A";"N/A";"N/A";"N/A";"N/A";"N/A";"";"N/A";"N/A";"N/A";"N/A";"N/A";"N/A";"N/A";"N/A";"N/A";"N/A";"N/A";"N/A";"N/A";"N/A";"N/A";"N/A";"N/A";"N/A";"N/A";"N/A";"";"";"N/A";"N/A";"N/A";"N/A";"N/A";"N/A";"N/A";"N/A";"N/A";"N/A";"N/A";"N/A";"N/A";"N/A";"N/A";"N/A";"N/A";"N/A";"N/A";"N/A";"N/A";"N/A";"N/A";"N/A";"N/A";"N/A";"N/A";"N/A";"N/A";"0";"";"";"";"";"";"";"";"";"";"";"";"";"";"";"";"";"";"";"";"";"";"";"";"";"";"";"";"";"";"";"";"";"";"";"";"";"";"";"";"";"";""
"338";"";"";"fr";"53615082";"2025-12-31 13:24:37";"2025-12-31 13:24:37";"";"N/A";"";"";"";"N/A";"N/A";"N/A";"N/A";"N/A";"";"";"N/A";"N/A";"N/A";"N/A";"";"";"N/A";"";"N/A";"N/A";"N/A";"N/A";"N/A";"N/A";"N/A";"";"";"";"";"";"";"";"";"";"";"";"";"";"";"N/A";"N/A";"N/A";"N/A";"N/A";"N/A";"";"N/A";"N/A";"N/A";"N/A";"N/A";"N/A";"N/A";"N/A";"N/A";"N/A";"N/A";"N/A";"N/A";"N/A";"N/A";"N/A";"N/A";"N/A";"N/A";"N/A";"";"";"N/A";"N/A";"N/A";"N/A";"N/A";"N/A";"N/A";"N/A";"N/A";"N/A";"N/A";"N/A";"N/A";"N/A";"N/A";"N/A";"N/A";"N/A";"N/A";"N/A";"N/A";"N/A";"N/A";"N/A";"N/A";"N/A";"N/A";"N/A";"N/A";"0";"";"";"";"";"";"";"";"";"";"";"";"";"";"";"";"";"";"";"";"";"";"";"";"";"";"";"";"";"";"";"";"";"";"";"";"";"";"";"";"";"";""
"339";"";"3";"fr";"1515692785";"2026-01-02 09:30:58";"2026-01-02 09:40:16";"32";"Féminin";"38";"≥ Bac + 3";"6";"Non";"Non";"Non";"Non";"Non";"1";"2 mois";"Non";"Oui";"Non";"Non";"";"Chute, brûlures, ingestion accidentelle";"Non";"3";"Oui";"Non";"Non";"Non";"Non";"Non";"Non";"Discussions générales, informations";"Thermique";"Liquide chaud";"Environ 40%";"Accidentelles";"";"Les 0-4 ans";"Les 0-4 ans";"Autant chez les filles/femmes que les garçons/hommes";"La cuisine";"";"Chute d'un récipient chaud (bol, casserole), éclaboussures ";"Oui, et la brûlure est grave";"37°C";"Non";"Non";"Non";"Oui";"Non";"Non";"Le poignet (côté paume de la main)";"Oui";"Non";"Oui";"Non";"Non";"Non";"Oui";"Non";"Oui";"Oui";"Oui";"Non";"Non";"Oui";"Non";"Non";"Non";"Non";"Oui";"Non";"";"";"N/A";"N/A";"N/A";"N/A";"N/A";"N/A";"N/A";"N/A";"N/A";"N/A";"N/A";"N/A";"N/A";"N/A";"N/A";"N/A";"N/A";"N/A";"N/A";"N/A";"N/A";"N/A";"N/A";"N/A";"N/A";"N/A";"N/A";"N/A";"N/A";"557.99";"126.18";"";"";"";"";"";"";"";"";"";"";"";"";"";"";"352.15";"";"";"";"";"";"";"";"";"";"";"";"";"";"";"";"";"79.66";"";"";"";"";"";"";"";"";""
"340";"2026-01-02 12:47:36";"5";"fr";"1383091455";"2026-01-02 12:35:47";"2026-01-02 12:47:36";"43";"Masculin";"73";"≥ Bac + 3";"8";"Non";"Non";"Non";"Oui";"Non";"3";"13 ans 10 ans 3 ans";"Oui";"Non";"Non";"Non";"";"Étouffement avec objet ou nourriture
Chute 
Électrisation
Intoxication chimique
";"Non";"4";"Non";"Non";"Non";"Oui";"Non";"Non";"Non";"";"Thermique";"Liquide chaud";"Plus de 60%";"Accidentelles";"";"Les 0-4 ans";"Les 0-4 ans";"Autant chez les filles/femmes que les garçons/hommes";"La cuisine";"";"Casserole de cuisson. Chaude
Friteuse
";"Non, l'eau à 60°C ne brûle pas";"37°C";"Non";"Non";"Oui";"Oui";"Non";"Oui";"Le dos de la main";"Oui";"Non";"Oui";"Non";"Oui";"Oui";"Oui";"Oui";"Non";"Non";"Oui";"Oui";"Non";"Oui";"Oui";"Oui";"Oui";"Oui";"Oui";"Non";"";"4";"Non";"Non";"Non";"Oui";"Non";"Non";"Oui";"Oui";"Non";"Oui";"Non";"Non";"Non";"Oui";"Oui";"Non";"Non";"Oui";"Non";"Oui";"Oui";"Non";"Oui";"Oui";"Oui";"Non";"Oui";"Non";"Non";"708.42";"153.99";"";"";"";"";"";"";"";"";"";"";"";"";"";"";"228.32";"";"";"";"";"";"";"";"";"";"";"";"";"";"";"";"";"96.23";"";"221.63";"";"";"";"";"";"8.25";""
"341";"";"3";"fr";"1777080841";"2026-01-02 13:33:07";"2026-01-02 13:50:31";"35";"Féminin";"38";"≥ Bac + 3";"8";"Non";"Non";"Non";"Non";"Non";"3";"2 ans, 5 ans, 7 ans";"Non";"Oui";"Non";"Non";"";"Ingestion accidentelle de produits ménagers
Accident lié aux appareil électriques
";"Oui";"0";"Non";"Non";"Oui";"Non";"Non";"Non";"Non";"";"Electrique";"Liquide chaud";"Environ 40%";"Accidentelles";"";"Les 0-4 ans";"";"Autant chez les filles/femmes que les garçons/hommes";"La cuisine";"";"Plaque
Four
Fer à repasser
";"Oui, et la brûlure est grave";"37°C";"Oui";"Oui";"Oui";"Oui";"Oui";"Oui";"Le dos de la main";"Oui";"Non";"Oui";"Non";"Oui";"Non";"Oui";"Oui";"Oui";"Oui";"Oui";"Oui";"Non";"Oui";"Oui";"Oui";"Oui";"Oui";"Oui";"Non";"";"";"N/A";"N/A";"N/A";"N/A";"N/A";"N/A";"N/A";"N/A";"N/A";"N/A";"N/A";"N/A";"N/A";"N/A";"N/A";"N/A";"N/A";"N/A";"N/A";"N/A";"N/A";"N/A";"N/A";"N/A";"N/A";"N/A";"N/A";"N/A";"N/A";"1044.73";"733.72";"";"";"";"";"";"";"";"";"";"";"";"";"";"";"214.01";"";"";"";"";"";"";"";"";"";"";"";"";"";"";"";"";"97";"";"";"";"";"";"";"";"";""
"342";"";"";"fr";"1951048091";"2026-01-02 14:24:45";"2026-01-02 14:24:45";"";"N/A";"";"";"";"N/A";"N/A";"N/A";"N/A";"N/A";"";"";"N/A";"N/A";"N/A";"N/A";"";"";"N/A";"";"N/A";"N/A";"N/A";"N/A";"N/A";"N/A";"N/A";"";"";"";"";"";"";"";"";"";"";"";"";"";"";"N/A";"N/A";"N/A";"N/A";"N/A";"N/A";"";"N/A";"N/A";"N/A";"N/A";"N/A";"N/A";"N/A";"N/A";"N/A";"N/A";"N/A";"N/A";"N/A";"N/A";"N/A";"N/A";"N/A";"N/A";"N/A";"N/A";"";"";"N/A";"N/A";"N/A";"N/A";"N/A";"N/A";"N/A";"N/A";"N/A";"N/A";"N/A";"N/A";"N/A";"N/A";"N/A";"N/A";"N/A";"N/A";"N/A";"N/A";"N/A";"N/A";"N/A";"N/A";"N/A";"N/A";"N/A";"N/A";"N/A";"0";"";"";"";"";"";"";"";"";"";"";"";"";"";"";"";"";"";"";"";"";"";"";"";"";"";"";"";"";"";"";"";"";"";"";"";"";"";"";"";"";"";""
"343";"2026-01-03 16:12:46";"5";"fr";"1252596687";"2026-01-03 16:01:23";"2026-01-03 16:12:46";"27";"Masculin";"29";"Baccalauréat - Bac +2";"7";"Non";"Non";"Non";"Non";"Non";"1";"1 mois";"Non";"Oui";"Non";"Non";"";"Chute d’escalier 
Brûlure 
Injestion de produit menager 
Électrisation 
";"Non";"2";"Oui";"Non";"Non";"Oui";"Non";"Non";"Non";"";"Thermique";"Liquide chaud";"Plus de 60%";"Accidentelles";"";"Les 5-14 ans";"Les 0-4 ans";"Chez les garçons/hommes";"La cuisine";"";"Alimentaire";"Oui, et la brûlure est superficielle";"37°C";"Non";"Non";"Oui";"Non";"Non";"Oui";"Le dos de la main";"Oui";"Non";"Oui";"Non";"Oui";"Oui";"Oui";"Oui";"Non";"Non";"Non";"Oui";"Oui";"Non";"Non";"Oui";"Non";"Non";"Non";"Non";"";"2";"Non";"Oui";"Oui";"Non";"Oui";"Non";"Oui";"Non";"Non";"Oui";"Non";"Non";"Non";"Non";"Oui";"Non";"Non";"Oui";"Non";"Non";"Oui";"Non";"Oui";"Oui";"Oui";"Non";"Non";"Non";"Oui";"683.8";"197.26";"";"";"";"";"";"";"";"";"";"";"";"";"";"";"226.72";"";"";"";"";"";"";"";"";"";"";"";"";"";"";"";"";"83.83";"";"167.39";"";"";"";"";"";"8.6";""
"344";"2026-01-05 11:50:00";"5";"fr";"1275655548";"2026-01-05 11:35:13";"2026-01-05 11:50:00";"28";"Féminin";"53";"≥ Bac + 3";"7";"Non";"Non";"Non";"Oui";"Non";"2";"3 ans - 7 mois";"Oui";"Non";"Non";"Non";"";"Étouffement
Chute
Brûlure ";"Non";"4";"Non";"Non";"Non";"Non";"Non";"Non";"Non";"Famille et témoignages ou Internet";"Thermique";"Liquide chaud";"Environ 40%";"Accidentelles";"";"Les 0-4 ans";"Les 0-4 ans";"Autant chez les filles/femmes que les garçons/hommes";"La cuisine";"";"Eau chaude cuisine";"Oui, et la brûlure est grave";"37°C";"Oui";"Oui";"Oui";"Oui";"Non";"Oui";"Le dos de la main";"Oui";"Non";"Non";"Non";"Oui";"Oui";"Oui";"Non";"Non";"Non";"Oui";"Non";"Non";"Oui";"Oui";"Oui";"Non";"Oui";"Oui";"Non";"";"3";"Non";"Non";"Non";"Oui";"Non";"Non";"Non";"Non";"Non";"Oui";"Non";"Non";"Non";"Oui";"Non";"Non";"Non";"Non";"Non";"Non";"Oui";"Non";"Oui";"Oui";"Non";"Non";"Non";"Oui";"Oui";"598.11";"145.07";"";"";"";"";"";"";"";"";"";"";"";"";"";"";"210.58";"";"";"";"";"";"";"";"";"";"";"";"";"";"";"";"";"53.13";"";"182.43";"";"";"";"";"";"6.9";""
"345";"2026-01-06 15:29:24";"5";"fr";"215118302";"2026-01-06 15:13:11";"2026-01-06 15:29:24";"35";"Féminin";"24";"≥ Bac + 3";"7";"Non";"Non";"Non";"Oui";"Non";"1";"2 ans";"Oui";"Non";"Non";"Non";"";"Chute de hauteur, ingestion de petits éléments, suffocation/fausses routes, brûlures, chocs sur la tête ou doigts, noyade";"Non";"5";"Non";"Non";"Non";"Oui";"Non";"Non";"Non";"";"Thermique";"Liquide chaud";"Plus de 60%";"Accidentelles";"";"Les 0-4 ans";"Les 0-4 ans";"Autant chez les filles/femmes que les garçons/hommes";"La cuisine";"";"Renversement de contenants, toucher d'une plaque de cuisson/casserole/four";"Oui, et la brûlure est superficielle";"37°C";"Non";"Non";"Oui";"Oui";"Non";"Oui";"Le poignet (côté paume de la main)";"Oui";"Non";"Non";"Non";"Non";"Oui";"Oui";"Non";"Oui";"Non";"Oui";"Oui";"Non";"Oui";"Oui";"Oui";"Non";"Oui";"Oui";"Non";"";"5";"Non";"Oui";"Oui";"Non";"Non";"Non";"Oui";"Non";"Non";"Oui";"Non";"Non";"Non";"Oui";"Oui";"Non";"Non";"Oui";"Non";"Non";"Oui";"Non";"Oui";"Oui";"Oui";"Non";"Oui";"Non";"Non";"972.88";"318.69";"";"";"";"";"";"";"";"";"";"";"";"";"";"";"309.31";"";"";"";"";"";"";"";"";"";"";"";"";"";"";"";"";"99.24";"";"232.6";"";"";"";"";"";"13.04";""
"346";"";"3";"fr";"2123907691";"2026-01-09 14:31:17";"2026-01-09 14:38:18";"37";"Féminin";"31";"≥ Bac + 3";"6";"Oui";"Non";"Non";"Oui";"Non";"3";"2 ans - 5 ans - 11 ans ";"Oui";"Non";"Non";"Non";"";"Produits ménager / chute / brûlure ";"Non";"2";"Non";"Non";"Non";"Oui";"Non";"Non";"Non";"";"Thermique";"Flamme/feu";"Environ 40%";"Accidentelles";"";"Les 0-4 ans";"Les 0-4 ans";"Autant chez les filles/femmes que les garçons/hommes";"La cuisine";"";"Bougie / eau chaude / ";"Oui, et la brûlure est grave";"37°C";"Oui";"Non";"Oui";"Oui";"Non";"Oui";"Le dos de la main";"Oui";"Non";"Oui";"Non";"Oui";"Non";"Oui";"Non";"Oui";"Oui";"Non";"Oui";"Non";"Non";"Oui";"Non";"Non";"Oui";"Oui";"Non";"";"";"N/A";"N/A";"N/A";"N/A";"N/A";"N/A";"N/A";"N/A";"N/A";"N/A";"N/A";"N/A";"N/A";"N/A";"N/A";"N/A";"N/A";"N/A";"N/A";"N/A";"N/A";"N/A";"N/A";"N/A";"N/A";"N/A";"N/A";"N/A";"N/A";"422.09";"143.35";"";"";"";"";"";"";"";"";"";"";"";"";"";"";"203.53";"";"";"";"";"";"";"";"";"";"";"";"";"";"";"";"";"75.21";"";"";"";"";"";"";"";"";""
"347";"";"";"fr";"697453153";"2026-01-09 15:37:52";"2026-01-09 15:37:52";"";"N/A";"";"";"";"N/A";"N/A";"N/A";"N/A";"N/A";"";"";"N/A";"N/A";"N/A";"N/A";"";"";"N/A";"";"N/A";"N/A";"N/A";"N/A";"N/A";"N/A";"N/A";"";"";"";"";"";"";"";"";"";"";"";"";"";"";"N/A";"N/A";"N/A";"N/A";"N/A";"N/A";"";"N/A";"N/A";"N/A";"N/A";"N/A";"N/A";"N/A";"N/A";"N/A";"N/A";"N/A";"N/A";"N/A";"N/A";"N/A";"N/A";"N/A";"N/A";"N/A";"N/A";"";"";"N/A";"N/A";"N/A";"N/A";"N/A";"N/A";"N/A";"N/A";"N/A";"N/A";"N/A";"N/A";"N/A";"N/A";"N/A";"N/A";"N/A";"N/A";"N/A";"N/A";"N/A";"N/A";"N/A";"N/A";"N/A";"N/A";"N/A";"N/A";"N/A";"0";"";"";"";"";"";"";"";"";"";"";"";"";"";"";"";"";"";"";"";"";"";"";"";"";"";"";"";"";"";"";"";"";"";"";"";"";"";"";"";"";"";""
"348";"";"";"fr";"1972663074";"2026-01-10 09:25:37";"2026-01-10 09:25:37";"";"N/A";"";"";"";"N/A";"N/A";"N/A";"N/A";"N/A";"";"";"N/A";"N/A";"N/A";"N/A";"";"";"N/A";"";"N/A";"N/A";"N/A";"N/A";"N/A";"N/A";"N/A";"";"";"";"";"";"";"";"";"";"";"";"";"";"";"N/A";"N/A";"N/A";"N/A";"N/A";"N/A";"";"N/A";"N/A";"N/A";"N/A";"N/A";"N/A";"N/A";"N/A";"N/A";"N/A";"N/A";"N/A";"N/A";"N/A";"N/A";"N/A";"N/A";"N/A";"N/A";"N/A";"";"";"N/A";"N/A";"N/A";"N/A";"N/A";"N/A";"N/A";"N/A";"N/A";"N/A";"N/A";"N/A";"N/A";"N/A";"N/A";"N/A";"N/A";"N/A";"N/A";"N/A";"N/A";"N/A";"N/A";"N/A";"N/A";"N/A";"N/A";"N/A";"N/A";"0";"";"";"";"";"";"";"";"";"";"";"";"";"";"";"";"";"";"";"";"";"";"";"";"";"";"";"";"";"";"";"";"";"";"";"";"";"";"";"";"";"";""
"349";"2026-01-12 08:44:25";"5";"fr";"1980478492";"2026-01-12 08:35:22";"2026-01-12 08:44:25";"33";"Féminin";"38";"≥ Bac + 3";"7";"Non";"Non";"Oui";"Non";"Non";"2";"2 ans - 2 mois";"Oui";"Non";"Non";"Non";"";"Chutes, brûlures, produits dangereux ";"Non";"4";"Non";"Non";"Non";"Non";"Non";"Non";"Non";"entourage, famille ";"Thermique";"Liquide chaud";"Plus de 60%";"Accidentelles";"";"Les 0-4 ans";"";"Autant chez les filles/femmes que les garçons/hommes";"La cuisine";"";"Thé avec l'enfant sur les genoux, casserole attrapée dans la cuisine.";"Oui, et la brûlure est grave";"37°C";"Oui";"Non";"Oui";"Oui";"Non";"Oui";"Le poignet (côté paume de la main)";"Oui";"Non";"Oui";"Non";"Oui";"Non";"Oui";"Oui";"Oui";"Oui";"Non";"Oui";"Oui";"Oui";"Oui";"Oui";"Non";"Oui";"Oui";"Non";"";"4";"Non";"Non";"Oui";"Non";"Non";"Non";"Non";"Oui";"Non";"Oui";"Non";"Non";"Non";"Non";"Non";"Non";"Non";"Non";"Non";"Non";"Oui";"Non";"Oui";"Oui";"Non";"Non";"Oui";"Non";"N/A";"545.75";"136.76";"";"";"";"";"";"";"";"";"";"";"";"";"";"";"206.56";"";"";"";"";"";"";"";"";"";"";"";"";"";"";"";"";"54.25";"";"139.39";"";"";"";"";"";"8.79";""
"350";"";"3";"fr";"580316570";"2026-01-13 09:14:51";"2026-01-13 09:23:10";"30";"Féminin";"38";"Inférieur au baccalauréat";"8";"Oui";"Oui";"Oui";"Non";"Non";"2";"3 et 5 ans";"Oui";"Non";"Non";"Non";"";"Les escaliers ";"Non";"5";"Non";"Non";"Non";"Oui";"Non";"Non";"Non";"";"Thermique";"Liquide chaud";"Environ 40%";"Accidentelles";"";"Les 5-14 ans";"Les 0-4 ans";"Autant chez les filles/femmes que les garçons/hommes";"La cuisine";"";"Avec les éléments de la cuisine ";"Oui, et la brûlure est superficielle";"37°C";"Oui";"Non";"Oui";"Oui";"Non";"Oui";"La bouche";"Oui";"Non";"Oui";"Non";"Oui";"Non";"Oui";"Non";"Oui";"Non";"Oui";"Oui";"Oui";"Oui";"Oui";"Oui";"Oui";"Oui";"Non";"Non";"";"";"N/A";"N/A";"N/A";"N/A";"N/A";"N/A";"N/A";"N/A";"N/A";"N/A";"N/A";"N/A";"N/A";"N/A";"N/A";"N/A";"N/A";"N/A";"N/A";"N/A";"N/A";"N/A";"N/A";"N/A";"N/A";"N/A";"N/A";"N/A";"N/A";"499.73";"125.17";"";"";"";"";"";"";"";"";"";"";"";"";"";"";"249.17";"";"";"";"";"";"";"";"";"";"";"";"";"";"";"";"";"125.39";"";"";"";"";"";"";"";"";""
"351";"2026-01-13 12:05:40";"5";"fr";"1808465987";"2026-01-13 11:17:18";"2026-01-13 12:05:40";"28";"Féminin";"78";"≥ Bac + 3";"6";"Non";"Non";"Non";"Non";"Non";"1";"1 an";"Non";"Oui";"Non";"Non";"";"Brûlures 
Étouffement 
Chute
Coupure
";"Non";"3";"Non";"Non";"Non";"Oui";"Non";"Non";"Non";"";"Chimique";"Liquide chaud";"Plus de 60%";"Accidentelles";"";"Les 0-4 ans";"Les 0-4 ans";"Autant chez les filles/femmes que les garçons/hommes";"La cuisine";"";"Eau bouillante 
Plaque de cuisson 
Four ";"Oui, et la brûlure est grave";"37°C";"Non";"Non";"Oui";"Oui";"Non";"Oui";"Le poignet (côté paume de la main)";"Oui";"Non";"Oui";"Non";"Non";"Non";"Oui";"Non";"Oui";"Oui";"Oui";"Oui";"Oui";"Oui";"Oui";"Oui";"Non";"Oui";"Oui";"Non";"";"2";"Non";"Non";"Non";"Oui";"Non";"Non";"Oui";"Non";"Non";"Oui";"Non";"Non";"Non";"Oui";"Oui";"Non";"Non";"Oui";"Non";"Non";"Oui";"Non";"Oui";"Oui";"Oui";"Non";"Oui";"Oui";"Oui";"2901.89";"125.82";"";"";"";"";"";"";"";"";"";"";"";"";"";"";"145.05";"";"";"";"";"";"";"";"";"";"";"";"";"";"";"";"";"2473.59";"";"149.37";"";"";"";"";"";"8.06";""
"352";"2026-01-13 11:27:20";"5";"fr";"14999354";"2026-01-13 11:17:46";"2026-01-13 11:27:20";"30";"Masculin";"78";"Inférieur au baccalauréat";"6";"Non";"Non";"Oui";"Non";"Non";"1";"1";"Non";"Oui";"Non";"Non";"";"Étouffement,brûlure, chute,noyade,coupure ";"Non";"4";"Non";"Non";"Oui";"Oui";"Non";"Non";"Non";"";"Thermique";"Liquide chaud";"Plus de 60%";"Accidentelles";"";"Les 0-4 ans";"Les 0-4 ans";"Autant chez les filles/femmes que les garçons/hommes";"La cuisine";"";"Plaque de cuisson,four,nourriture,liquide";"Oui, et la brûlure est grave";"37°C";"Non";"Non";"Oui";"Oui";"Non";"Oui";"Le poignet (côté paume de la main)";"Oui";"Non";"Oui";"Non";"Non";"Non";"Oui";"Non";"Oui";"Non";"Oui";"Oui";"Oui";"Oui";"Oui";"Oui";"Oui";"Oui";"Oui";"Non";"";"3";"Non";"Non";"Non";"Oui";"Oui";"Non";"Oui";"Non";"Non";"Oui";"Non";"Non";"Non";"Oui";"Oui";"Non";"Non";"Oui";"Non";"Non";"Oui";"Non";"Oui";"Oui";"Oui";"Non";"Oui";"Oui";"Oui";"573.61";"128.69";"";"";"";"";"";"";"";"";"";"";"";"";"";"";"199.99";"";"";"";"";"";"";"";"";"";"";"";"";"";"";"";"";"84.51";"";"146.15";"";"";"";"";"";"14.27";""
"353";"";"3";"fr";"1111516250";"2026-01-13 15:06:47";"2026-01-13 15:13:11";"41";"Féminin";"38";"≥ Bac + 3";"5";"Non";"Non";"Non";"Oui";"Non";"2";"11 mois - 4 ans";"Oui";"Non";"Non";"Non";"";"Chute
Brûlures
Coupures
Poisons";"Non";"2";"Non";"Non";"Non";"Oui";"Non";"Non";"Non";"";"Thermique";"Liquide chaud";"Plus de 60%";"Accidentelles";"";"Les 0-4 ans";"Les 0-4 ans";"Autant chez les filles/femmes que les garçons/hommes";"La cuisine";"";"Cuisine ou poêle à bois";"Oui, et la brûlure est grave";"37°C";"Non";"Non";"Oui";"Oui";"Non";"Oui";"Le dos de la main";"Oui";"Non";"Non";"Non";"Oui";"Oui";"Oui";"Oui";"Oui";"Non";"Oui";"Oui";"Non";"Oui";"Non";"Non";"Oui";"Non";"Oui";"Non";"";"";"N/A";"N/A";"N/A";"N/A";"N/A";"N/A";"N/A";"N/A";"N/A";"N/A";"N/A";"N/A";"N/A";"N/A";"N/A";"N/A";"N/A";"N/A";"N/A";"N/A";"N/A";"N/A";"N/A";"N/A";"N/A";"N/A";"N/A";"N/A";"N/A";"372.55";"117.88";"";"";"";"";"";"";"";"";"";"";"";"";"";"";"172.12";"";"";"";"";"";"";"";"";"";"";"";"";"";"";"";"";"82.55";"";"";"";"";"";"";"";"";""
"354";"2026-01-13 17:03:23";"5";"fr";"2004001845";"2026-01-13 16:51:21";"2026-01-13 17:03:23";"30";"Féminin";"92";"≥ Bac + 3";"8";"Non";"Non";"Oui";"Non";"Oui";"1";"0";"Non";"Oui";"Non";"Non";"";"Ingestion produits ménagers 
Chutes 
Brûlures 
Fausse route…";"Non";"3";"Non";"Non";"Non";"Oui";"Non";"Non";"Non";"";"Par rayonnement d'une grande source de chaleur";"Liquide chaud";"Environ 40%";"Accidentelles";"";"Les 0-4 ans";"Les 0-4 ans";"Autant chez les filles/femmes que les garçons/hommes";"La cuisine";"";"Parents transportant aliments chauds d’une pièce à l’autre ";"Oui, et la brûlure est grave";"37°C";"Oui";"Non";"Oui";"Oui";"Oui";"Oui";"Le poignet (côté paume de la main)";"Oui";"Non";"Oui";"Oui";"Oui";"Non";"Oui";"Oui";"Oui";"Oui";"Oui";"Oui";"Oui";"Oui";"Oui";"Oui";"Oui";"Oui";"Oui";"Non";"";"3";"Non";"Non";"Non";"Oui";"Non";"Non";"Oui";"Oui";"Non";"Oui";"Non";"Non";"Non";"Oui";"Oui";"Non";"Non";"Oui";"Oui";"Oui";"Oui";"Non";"Oui";"Oui";"Oui";"Non";"Oui";"Oui";"N/A";"723.58";"230.29";"";"";"";"";"";"";"";"";"";"";"";"";"";"";"206.65";"";"";"";"";"";"";"";"";"";"";"";"";"";"";"";"";"91.44";"";"186.53";"";"";"";"";"";"8.67";""
"355";"";"0";"fr";"1159194541";"2026-01-14 13:01:28";"2026-01-14 13:02:19";"";"N/A";"";"";"";"N/A";"N/A";"N/A";"N/A";"N/A";"";"";"Non";"Non";"Non";"Non";"";"";"N/A";"";"N/A";"N/A";"N/A";"N/A";"N/A";"N/A";"N/A";"";"";"";"";"";"";"";"";"";"";"";"";"";"";"N/A";"N/A";"N/A";"N/A";"N/A";"N/A";"";"N/A";"N/A";"N/A";"N/A";"N/A";"N/A";"N/A";"N/A";"N/A";"N/A";"N/A";"N/A";"N/A";"N/A";"N/A";"N/A";"N/A";"N/A";"N/A";"N/A";"";"";"N/A";"N/A";"N/A";"N/A";"N/A";"N/A";"N/A";"N/A";"N/A";"N/A";"N/A";"N/A";"N/A";"N/A";"N/A";"N/A";"N/A";"N/A";"N/A";"N/A";"N/A";"N/A";"N/A";"N/A";"N/A";"N/A";"N/A";"N/A";"N/A";"50.19";"50.19";"";"";"";"";"";"";"";"";"";"";"";"";"";"";"";"";"";"";"";"";"";"";"";"";"";"";"";"";"";"";"";"";"";"";"";"";"";"";"";"";""
"356";"";"";"fr";"430495083";"2026-01-14 13:37:36";"2026-01-14 13:37:36";"";"N/A";"";"";"";"N/A";"N/A";"N/A";"N/A";"N/A";"";"";"N/A";"N/A";"N/A";"N/A";"";"";"N/A";"";"N/A";"N/A";"N/A";"N/A";"N/A";"N/A";"N/A";"";"";"";"";"";"";"";"";"";"";"";"";"";"";"N/A";"N/A";"N/A";"N/A";"N/A";"N/A";"";"N/A";"N/A";"N/A";"N/A";"N/A";"N/A";"N/A";"N/A";"N/A";"N/A";"N/A";"N/A";"N/A";"N/A";"N/A";"N/A";"N/A";"N/A";"N/A";"N/A";"";"";"N/A";"N/A";"N/A";"N/A";"N/A";"N/A";"N/A";"N/A";"N/A";"N/A";"N/A";"N/A";"N/A";"N/A";"N/A";"N/A";"N/A";"N/A";"N/A";"N/A";"N/A";"N/A";"N/A";"N/A";"N/A";"N/A";"N/A";"N/A";"N/A";"0";"";"";"";"";"";"";"";"";"";"";"";"";"";"";"";"";"";"";"";"";"";"";"";"";"";"";"";"";"";"";"";"";"";"";"";"";"";"";"";"";"";""
"357";"2026-01-15 09:57:18";"5";"fr";"14499977";"2026-01-15 09:43:00";"2026-01-15 09:57:17";"31";"Féminin";"60";"≥ Bac + 3";"6";"Non";"Non";"Non";"Oui";"Non";"1";"2 ans";"Oui";"Non";"Non";"Non";"";"Brûlure, chutes";"Non";"4";"Oui";"Non";"Oui";"Oui";"Non";"Non";"Non";"";"Thermique";"Liquide chaud";"Plus de 60%";"Accidentelles";"";"";"Les 0-4 ans";"Autant chez les filles/femmes que les garçons/hommes";"La cuisine";"";"Douche / bain, 
Liquides chauds dans la cuisine (café, thé,)";"Oui, et la brûlure est superficielle";"37°C";"Oui";"Non";"Oui";"Oui";"Non";"Oui";"Le poignet (côté paume de la main)";"Oui";"Non";"Oui";"Non";"Oui";"Oui";"Oui";"Non";"Oui";"Non";"Non";"Oui";"Oui";"Oui";"Oui";"Oui";"Non";"Oui";"Oui";"Non";"";"4";"Non";"Oui";"Oui";"Non";"Non";"Non";"Non";"Oui";"Oui";"Non";"Non";"Non";"Non";"Non";"Oui";"Non";"Non";"Oui";"Non";"Non";"Oui";"Non";"Oui";"Non";"Oui";"Non";"Non";"Non";"Oui";"856.93";"194.11";"";"";"";"";"";"";"";"";"";"";"";"";"";"";"324.92";"";"";"";"";"";"";"";"";"";"";"";"";"";"";"";"";"85.92";"";"240.95";"";"";"";"";"";"11.03";""
"358";"";"3";"fr";"108266357";"2026-01-15 10:42:49";"2026-01-15 11:29:30";"40";"Féminin";"73";"≥ Bac + 3";"7";"Non";"Non";"Non";"Oui";"Non";"2";"7ans - 3ans";"Non";"Oui";"Non";"Non";"";"Chutes (vélo, escalier, structure de jeu)
Brûlures (cheminée, plaques cuissons)
électrocution 
Coupures 
Renversé par voiture 
Coups ou morsures avec animaux domestiques ";"Non";"4";"Oui";"Non";"Non";"Oui";"Non";"Non";"Non";"";"Thermique";"Liquide chaud";"Plus de 60%";"Accidentelles";"";"Les 0-4 ans";"Les 0-4 ans";"Autant chez les filles/femmes que les garçons/hommes";"La cuisine";"";"Plaques cuissons
Tasses de café ou thé qui se renversent
Eau du robinet 
Cheminée. Poêle 
";"Oui, et la brûlure est grave";"37°C";"Non";"Oui";"Oui";"Oui";"Non";"Oui";"Le poignet (côté paume de la main)";"Oui";"Non";"Oui";"Non";"Oui";"Oui";"Non";"Oui";"Non";"Oui";"Non";"Oui";"Oui";"Oui";"Oui";"Oui";"Oui";"Oui";"Oui";"Non";"";"";"N/A";"N/A";"N/A";"N/A";"N/A";"N/A";"N/A";"N/A";"N/A";"N/A";"N/A";"N/A";"N/A";"N/A";"N/A";"N/A";"N/A";"N/A";"N/A";"N/A";"N/A";"N/A";"N/A";"N/A";"N/A";"N/A";"N/A";"N/A";"N/A";"2800.85";"2405.31";"";"";"";"";"";"";"";"";"";"";"";"";"";"";"292.06";"";"";"";"";"";"";"";"";"";"";"";"";"";"";"";"";"103.48";"";"";"";"";"";"";"";"";""
"359";"2026-01-15 22:17:35";"5";"fr";"724068632";"2026-01-15 20:20:35";"2026-01-15 22:17:35";"33";"Féminin";"78";"≥ Bac + 3";"5";"Non";"Non";"Non";"Non";"Non";"2";"5ans - 5mois";"Oui";"Non";"Oui";"Non";"";"Brûlure, chute (ex : lit), animaux domestiques, électricité, ingestion de petits objets, ingestion de produits toxiques (produits ménagers, médicaments...), 
";"Non";"5";"Oui";"Non";"Non";"Oui";"Non";"Non";"Non";"";"Thermique";"Liquide chaud";"Plus de 60%";"Accidentelles";"";"Les 0-4 ans";"Les 0-4 ans";"Autant chez les filles/femmes que les garçons/hommes";"La cuisine";"";"Renverser les poêles ";"Oui, et la brûlure est grave";"37°C";"Oui";"Oui";"Oui";"Oui";"Oui";"Oui";"Le poignet (côté paume de la main)";"Oui";"Non";"Oui";"Non";"Oui";"Oui";"Oui";"Oui";"Non";"Non";"Oui";"Oui";"Oui";"Oui";"Oui";"Non";"Oui";"Oui";"Oui";"Non";"";"3";"Non";"Oui";"Oui";"Non";"Non";"Non";"Oui";"Non";"Oui";"Non";"Non";"Non";"Non";"Oui";"Oui";"Non";"Non";"Oui";"Non";"Non";"Oui";"Non";"Oui";"Oui";"Oui";"Non";"Oui";"Non";"Oui";"7020.9";"343.05";"";"";"";"";"";"";"";"";"";"";"";"";"";"";"478.93";"";"";"";"";"";"";"";"";"";"";"";"";"";"";"";"";"65.66";"";"6123.8";"";"";"";"";"";"9.46";""
"360";"2026-01-16 20:36:43";"5";"fr";"1921064681";"2026-01-16 20:20:35";"2026-01-16 20:36:43";"34";"Masculin";"92";"≥ Bac + 3";"8";"Non";"Non";"Non";"Non";"Non";"1";"2";"Oui";"Non";"Non";"Non";"";"Chute, brûlure, produit chimique ";"Non";"3";"Non";"Non";"Non";"Oui";"Non";"Non";"Non";"";"Thermique";"Solide chaud";"Environ 40%";"Accidentelles";"";"Les 0-4 ans";"Les 0-4 ans";"Autant chez les filles/femmes que les garçons/hommes";"La cuisine";"";"Nourriture, ustensiles de cuisson avec leurs contenus ";"Oui, et la brûlure est grave";"37°C";"Oui";"Non";"Oui";"Oui";"Non";"Oui";"Le poignet (côté paume de la main)";"Oui";"Oui";"Oui";"Non";"Oui";"Oui";"Oui";"Non";"Oui";"Non";"Non";"Oui";"Non";"Oui";"Oui";"Oui";"Oui";"Oui";"Oui";"Non";"";"3";"Non";"Oui";"Non";"Oui";"Non";"Non";"Oui";"Oui";"Non";"Oui";"Non";"Non";"Non";"Non";"Oui";"Non";"Non";"Non";"Non";"Non";"Oui";"Non";"Oui";"Oui";"Non";"Non";"Oui";"Oui";"Oui";"970.6";"88.21";"";"";"";"";"";"";"";"";"";"";"";"";"";"";"447.7";"";"";"";"";"";"";"";"";"";"";"";"";"";"";"";"";"113.21";"";"315.63";"";"";"";"";"";"5.85";""
"361";"2026-01-19 09:58:53";"5";"fr";"1004320272";"2026-01-19 09:39:48";"2026-01-19 09:58:53";"34";"Masculin";"38";"Baccalauréat - Bac +2";"9";"Non";"Oui";"Non";"Non";"Non";"2";"8 ans - 2 ans ";"Oui";"Non";"Non";"Non";"";"Chutes, brûlure, intoxication ";"Non";"4";"Oui";"Oui";"Oui";"Oui";"Non";"Non";"Non";"";"Thermique";"Liquide chaud";"Environ 40%";"Accidentelles";"";"Les 0-4 ans";"Les 5-14 ans";"Autant chez les filles/femmes que les garçons/hommes";"La cuisine";"";"Eau chaude 
Produit sanitaire
Aliment chaud 
";"Oui, et la brûlure est grave";"37°C";"Non";"Non";"Oui";"Oui";"Non";"Oui";"Le poignet (côté paume de la main)";"Oui";"Oui";"Oui";"Non";"Oui";"Oui";"Oui";"Non";"Oui";"Non";"Non";"Oui";"Oui";"Oui";"Non";"Oui";"Oui";"Oui";"Oui";"Non";"";"5";"Non";"Non";"Oui";"Non";"Non";"Non";"Oui";"Non";"Oui";"Oui";"Non";"Non";"Oui";"Oui";"Oui";"Non";"Non";"Non";"Non";"Non";"Oui";"Non";"Oui";"Oui";"Non";"Non";"Oui";"Non";"Oui";"1144.77";"177.95";"";"";"";"";"";"";"";"";"";"";"";"";"";"";"632.65";"";"";"";"";"";"";"";"";"";"";"";"";"";"";"";"";"70.26";"";"252.82";"";"";"";"";"";"11.09";""
"362";"";"";"fr";"418834011";"2026-01-19 11:25:37";"2026-01-19 11:25:37";"";"N/A";"";"";"";"N/A";"N/A";"N/A";"N/A";"N/A";"";"";"N/A";"N/A";"N/A";"N/A";"";"";"N/A";"";"N/A";"N/A";"N/A";"N/A";"N/A";"N/A";"N/A";"";"";"";"";"";"";"";"";"";"";"";"";"";"";"N/A";"N/A";"N/A";"N/A";"N/A";"N/A";"";"N/A";"N/A";"N/A";"N/A";"N/A";"N/A";"N/A";"N/A";"N/A";"N/A";"N/A";"N/A";"N/A";"N/A";"N/A";"N/A";"N/A";"N/A";"N/A";"N/A";"";"";"N/A";"N/A";"N/A";"N/A";"N/A";"N/A";"N/A";"N/A";"N/A";"N/A";"N/A";"N/A";"N/A";"N/A";"N/A";"N/A";"N/A";"N/A";"N/A";"N/A";"N/A";"N/A";"N/A";"N/A";"N/A";"N/A";"N/A";"N/A";"N/A";"0";"";"";"";"";"";"";"";"";"";"";"";"";"";"";"";"";"";"";"";"";"";"";"";"";"";"";"";"";"";"";"";"";"";"";"";"";"";"";"";"";"";""
"363";"2026-01-19 15:54:07";"5";"fr";"835274314";"2026-01-19 15:40:40";"2026-01-19 15:54:07";"33";"Féminin";"78";"≥ Bac + 3";"7";"Non";"Non";"Non";"Non";"Non";"2";"3 ans - 6 ans";"Non";"Oui";"Non";"Non";"";"Brûlures 
Traumatismes (chutes, doigts coincés,…)
";"Oui";"4";"Non";"Non";"Oui";"Oui";"Non";"Non";"Non";"";"Thermique";"Liquide chaud";"Plus de 60%";"Accidentelles";"";"Les 5-14 ans";"Les 0-4 ans";"Chez les garçons/hommes";"La cuisine";"";"Renverser The/Cafe des parents
Toucher la porte du four chaud
Prise électriques ";"Oui, et la brûlure est grave";"37°C";"Non";"Non";"Oui";"Oui";"Non";"Oui";"Le dos de la main";"Oui";"Non";"Non";"Non";"Oui";"Non";"Oui";"Oui";"Oui";"Non";"Oui";"Oui";"Oui";"Oui";"Non";"Non";"Oui";"Oui";"Non";"Non";"";"3";"Non";"Non";"Non";"Oui";"Non";"Non";"Oui";"Oui";"Non";"Oui";"Non";"Non";"Non";"Non";"Oui";"Non";"Non";"Oui";"Non";"Non";"Oui";"Non";"Non";"Oui";"Oui";"Non";"Oui";"Non";"Oui";"807.36";"241.94";"";"";"";"";"";"";"";"";"";"";"";"";"";"";"336.76";"";"";"";"";"";"";"";"";"";"";"";"";"";"";"";"";"64.8";"";"157.74";"";"";"";"";"";"6.12";""
"364";"";"3";"fr";"1846282782";"2026-01-21 11:12:50";"2026-01-21 11:20:22";"40";"Féminin";"78";"≥ Bac + 3";"8";"Non";"Non";"Non";"Non";"Non";"2";"7 ans - 2 ans";"Non";"Oui";"Non";"Non";"";"Produits toxiques, électricité, cuisine, chute, brulure";"Oui";"1";"Oui";"Non";"Non";"Non";"Non";"Non";"Non";"";"Thermique";"Liquide chaud";"Plus de 60%";"Accidentelles";"";"Les 0-4 ans";"Les 0-4 ans";"Autant chez les filles/femmes que les garçons/hommes";"La cuisine";"";"Plaque de cuisson, bouilloire, boissons chaudes";"Oui, et la brûlure est grave";"37°C";"Non";"Non";"Non";"Oui";"Non";"Oui";"Le poignet (côté paume de la main)";"Oui";"Non";"Oui";"Oui";"Oui";"Oui";"Oui";"Non";"Oui";"Oui";"Oui";"Oui";"Oui";"Oui";"Oui";"Non";"Oui";"Non";"Oui";"Non";"";"";"N/A";"N/A";"N/A";"N/A";"N/A";"N/A";"N/A";"N/A";"N/A";"N/A";"N/A";"N/A";"N/A";"N/A";"N/A";"N/A";"N/A";"N/A";"N/A";"N/A";"N/A";"N/A";"N/A";"N/A";"N/A";"N/A";"N/A";"N/A";"N/A";"451.07";"167.79";"";"";"";"";"";"";"";"";"";"";"";"";"";"";"206.09";"";"";"";"";"";"";"";"";"";"";"";"";"";"";"";"";"77.19";"";"";"";"";"";"";"";"";""
"365";"2026-01-21 18:25:28";"5";"fr";"1172449653";"2026-01-21 18:16:51";"2026-01-21 18:25:28";"30";"Féminin";"56";"≥ Bac + 3";"7";"Non";"Non";"Non";"Non";"Non";"1";"3ans";"Oui";"Non";"Non";"Non";"";"Cuisine - escalier - bain - ";"Non";"3";"Oui";"Non";"Non";"Non";"Non";"Non";"Non";"";"Thermique";"Liquide chaud";"Environ 40%";"Accidentelles";"";"Les 0-4 ans";"Les 5-14 ans";"Chez les garçons/hommes";"La cuisine";"";"Eau chaude - feu - four ";"Oui, et la brûlure est grave";"37°C";"Non";"Oui";"Oui";"Oui";"Non";"Oui";"Le poignet (côté paume de la main)";"Oui";"Non";"Oui";"Non";"Oui";"Oui";"Oui";"Non";"Oui";"Oui";"Non";"Oui";"Non";"Oui";"Oui";"Oui";"Oui";"Oui";"Oui";"Non";"";"3";"Non";"Oui";"Oui";"Non";"Oui";"Non";"Oui";"Oui";"Oui";"Non";"Non";"Non";"Oui";"Oui";"Oui";"Non";"Non";"Non";"Non";"Oui";"Oui";"Non";"Oui";"Oui";"Oui";"Non";"Oui";"Oui";"Oui";"519.65";"106.27";"";"";"";"";"";"";"";"";"";"";"";"";"";"";"214.78";"";"";"";"";"";"";"";"";"";"";"";"";"";"";"";"";"56.53";"";"133.8";"";"";"";"";"";"8.27";""
"366";"";"3";"fr";"1273574093";"2026-01-23 10:22:23";"2026-01-23 10:37:28";"35";"Féminin";"78";"≥ Bac + 3";"5";"Non";"Non";"Non";"Non";"Non";"2";"4 ans et 11 mois";"Non";"Oui";"Non";"Non";"";"Chutes, brûlures, intoxications (médicaments)…";"Non";"3";"Non";"Non";"Oui";"Non";"Non";"Non";"Non";"";"Thermique";"Liquide chaud";"Plus de 60%";"Accidentelles";"";"Les 5-14 ans";"Les 0-4 ans";"Autant chez les filles/femmes que les garçons/hommes";"La cuisine";"";"En attrapant le manche d une casserole sur le feu. 
En bougeant une table avec des boissons chaudes.";"Oui, et la brûlure est grave";"37°C";"Non";"Non";"Oui";"Oui";"Non";"Oui";"Le poignet (côté paume de la main)";"Oui";"Non";"Oui";"Non";"Oui";"Oui";"Oui";"Non";"Non";"Oui";"Oui";"Non";"Non";"Oui";"Non";"Non";"Oui";"Oui";"Oui";"Non";"";"";"N/A";"N/A";"N/A";"N/A";"N/A";"N/A";"N/A";"N/A";"N/A";"N/A";"N/A";"N/A";"N/A";"N/A";"N/A";"N/A";"N/A";"N/A";"N/A";"N/A";"N/A";"N/A";"N/A";"N/A";"N/A";"N/A";"N/A";"N/A";"N/A";"903.32";"391.23";"";"";"";"";"";"";"";"";"";"";"";"";"";"";"435.02";"";"";"";"";"";"";"";"";"";"";"";"";"";"";"";"";"77.07";"";"";"";"";"";"";"";"";""
"367";"2026-01-23 11:50:36";"5";"fr";"513435953";"2026-01-23 11:41:21";"2026-01-23 11:50:36";"29";"Féminin";"78";"Baccalauréat - Bac +2";"6";"Non";"Oui";"Non";"Non";"Non";"2";"4 ans - 3 mois ";"Oui";"Non";"Oui";"Non";"";"Chutes, brûlures, étouffement, électrocution ";"Non";"5";"Non";"Non";"Oui";"Non";"Non";"Non";"Non";"";"Thermique";"Flamme/feu";"Moins de 10%";"Accidentelles";"";"Les 5-14 ans";"Les 0-4 ans";"Chez les garçons/hommes";"La cuisine";"";"Plaque de cuisson ";"";"37°C";"Non";"Non";"Non";"Oui";"Non";"Oui";"Le poignet (côté dos de la main)";"Oui";"Oui";"Oui";"Oui";"Oui";"Oui";"Oui";"Oui";"Oui";"Oui";"Oui";"Oui";"Oui";"Oui";"Oui";"Oui";"Oui";"Oui";"Oui";"Non";"";"4";"Non";"Non";"Oui";"Oui";"Oui";"Non";"Oui";"Non";"Non";"Oui";"Non";"Non";"Non";"Non";"Oui";"Non";"Oui";"Non";"Non";"Non";"Oui";"Non";"Oui";"Oui";"Non";"Non";"Oui";"Oui";"Non";"556.57";"146.63";"";"";"";"";"";"";"";"";"";"";"";"";"";"";"206.67";"";"";"";"";"";"";"";"";"";"";"";"";"";"";"";"";"84.21";"";"111.45";"";"";"";"";"";"7.61";""
"368";"";"";"fr";"1712105095";"2026-01-23 16:01:52";"2026-01-23 16:01:52";"";"N/A";"";"";"";"N/A";"N/A";"N/A";"N/A";"N/A";"";"";"N/A";"N/A";"N/A";"N/A";"";"";"N/A";"";"N/A";"N/A";"N/A";"N/A";"N/A";"N/A";"N/A";"";"";"";"";"";"";"";"";"";"";"";"";"";"";"N/A";"N/A";"N/A";"N/A";"N/A";"N/A";"";"N/A";"N/A";"N/A";"N/A";"N/A";"N/A";"N/A";"N/A";"N/A";"N/A";"N/A";"N/A";"N/A";"N/A";"N/A";"N/A";"N/A";"N/A";"N/A";"N/A";"";"";"N/A";"N/A";"N/A";"N/A";"N/A";"N/A";"N/A";"N/A";"N/A";"N/A";"N/A";"N/A";"N/A";"N/A";"N/A";"N/A";"N/A";"N/A";"N/A";"N/A";"N/A";"N/A";"N/A";"N/A";"N/A";"N/A";"N/A";"N/A";"N/A";"0";"";"";"";"";"";"";"";"";"";"";"";"";"";"";"";"";"";"";"";"";"";"";"";"";"";"";"";"";"";"";"";"";"";"";"";"";"";"";"";"";"";""
"369";"";"2";"fr";"151767247";"2026-01-23 17:28:14";"2026-01-23 17:34:37";"30";"Féminin";"59";"≥ Bac + 3";"8";"Non";"Non";"Non";"Non";"Non";"2";"2 ans et demi - 8 mois";"Oui";"Non";"Non";"Non";"";"Chutes à la maison (escaliers / vélo…)
Brûlures (cuisine / cheminée…)
Coupures (en cuisinant)
Étouffement (avec le repas)";"Non";"3";"Oui";"Non";"Oui";"Oui";"Non";"Non";"Non";"";"Thermique";"Flamme/feu";"Environ 40%";"Accidentelles";"";"Les 0-4 ans";"Les 0-4 ans";"Autant chez les filles/femmes que les garçons/hommes";"La cuisine";"";"Cheminée
Ou en cuisine ";"Oui, et la brûlure est superficielle";"37°C";"Oui";"Non";"Oui";"Oui";"Non";"Non";"Le poignet (côté paume de la main)";"N/A";"N/A";"N/A";"N/A";"N/A";"N/A";"N/A";"N/A";"N/A";"N/A";"N/A";"N/A";"N/A";"N/A";"N/A";"N/A";"N/A";"N/A";"N/A";"N/A";"";"";"N/A";"N/A";"N/A";"N/A";"N/A";"N/A";"N/A";"N/A";"N/A";"N/A";"N/A";"N/A";"N/A";"N/A";"N/A";"N/A";"N/A";"N/A";"N/A";"N/A";"N/A";"N/A";"N/A";"N/A";"N/A";"N/A";"N/A";"N/A";"N/A";"381.21";"199.72";"";"";"";"";"";"";"";"";"";"";"";"";"";"";"181.49";"";"";"";"";"";"";"";"";"";"";"";"";"";"";"";"";"";"";"";"";"";"";"";"";"";""
"370";"2026-01-23 19:28:53";"5";"fr";"223215238";"2026-01-23 18:46:54";"2026-01-23 19:28:53";"33";"Féminin";"92";"≥ Bac + 3";"7";"Non";"Non";"Non";"Non";"Non";"1";"18 mois";"Oui";"Non";"Non";"Non";"";"Se pincer les doigts dans les tiroirs";"Non";"2";"Non";"Non";"Non";"Non";"Non";"Non";"Oui";"";"Par frottement";"Solide chaud";"Environ 40%";"Accidentelles";"";"Les 0-4 ans";"Les 0-4 ans";"Autant chez les filles/femmes que les garçons/hommes";"La cuisine";"";"Casserole
Four
Plaque de cuisson
Cheminee";"Oui, et la brûlure est grave";"35°C";"Non";"Non";"Oui";"Oui";"Non";"Non";"Le poignet (côté paume de la main)";"Non";"Non";"Oui";"Non";"Oui";"Oui";"Oui";"Oui";"Non";"Non";"Non";"Non";"Non";"Non";"Non";"Oui";"Oui";"Oui";"Oui";"Non";"";"4";"Non";"Oui";"Oui";"Non";"Oui";"Non";"Oui";"Non";"Non";"Oui";"Non";"Non";"Oui";"Non";"Oui";"Non";"Oui";"Non";"Oui";"Oui";"Oui";"Non";"Oui";"Oui";"Oui";"Non";"Oui";"Non";"Oui";"2518.24";"660.26";"";"";"";"";"";"";"";"";"";"";"";"";"";"";"1532.95";"";"";"";"";"";"";"";"";"";"";"";"";"";"";"";"";"73.27";"";"243.03";"";"";"";"";"";"8.73";""
"371";"2026-01-24 18:58:39";"5";"fr";"210209194";"2026-01-24 18:17:37";"2026-01-24 18:58:39";"42";"Masculin";"92";"≥ Bac + 3";"5";"Non";"Non";"Non";"Non";"Non";"1";"4 ans";"Non";"Oui";"Oui";"Non";"";"Chutes ";"Non";"3";"Non";"Non";"Non";"Non";"Non";"Non";"Non";"Recherche personnel ";"Par rayonnement d'une grande source de chaleur";"Liquide chaud";"Plus de 60%";"Accidentelles";"";"Les 5-14 ans";"Les 15-24 ans";"Chez les garçons/hommes";"La cuisine";"";"Casserole sur le feu ";"Oui, et la brûlure est superficielle";"35°C";"Non";"Non";"Oui";"Oui";"Non";"Oui";"Le dos de la main";"Oui";"Non";"Oui";"Oui";"Oui";"Oui";"Oui";"Non";"Oui";"Oui";"Oui";"Oui";"Oui";"Oui";"Non";"Oui";"Oui";"Oui";"Oui";"Non";"";"3";"Non";"Oui";"Oui";"Non";"Non";"Non";"Oui";"Oui";"Non";"Oui";"Non";"Non";"Non";"Non";"Oui";"Non";"Oui";"Oui";"Non";"Oui";"Oui";"Non";"Oui";"Non";"Non";"Non";"Non";"Oui";"Non";"2461.36";"197.72";"";"";"";"";"";"";"";"";"";"";"";"";"";"";"423.68";"";"";"";"";"";"";"";"";"";"";"";"";"";"";"";"";"136.82";"";"1689.04";"";"";"";"";"";"14.1";""
"372";"";"2";"fr";"2121296442";"2026-01-26 13:15:25";"2026-01-26 13:23:46";"46";"Féminin";"37";"≥ Bac + 3";"6";"Non";"Oui";"Oui";"Non";"Non";"7";"19-18-8-7-5-3 ans et 7 mois";"Oui";"Non";"Non";"Non";"";"Doigt coincé dans la porte, chute fenêtre, chute escalier, ingestion médicaments ou produits toxiques, étouffement par ingestion objet, brûlure cuisinière cheminée ou eau chaude, noyade baignoire piscine, chute d'un lit, étranglement avec écharpe ";"Oui";"3";"Oui";"Non";"Non";"Non";"Non";"Non";"Non";"";"Thermique";"Liquide chaud";"Environ 40%";"Accidentelles";"";"Les 0-4 ans";"";"Autant chez les filles/femmes que les garçons/hommes";"La cuisine";"";"Chauffage ";"Oui, et la brûlure est grave";"37°C";"Oui";"Non";"Non";"Non";"Non";"Non";"Le poignet (côté paume de la main)";"N/A";"N/A";"N/A";"N/A";"N/A";"N/A";"N/A";"N/A";"N/A";"N/A";"N/A";"N/A";"N/A";"N/A";"N/A";"N/A";"N/A";"N/A";"N/A";"N/A";"";"";"N/A";"N/A";"N/A";"N/A";"N/A";"N/A";"N/A";"N/A";"N/A";"N/A";"N/A";"N/A";"N/A";"N/A";"N/A";"N/A";"N/A";"N/A";"N/A";"N/A";"N/A";"N/A";"N/A";"N/A";"N/A";"N/A";"N/A";"N/A";"N/A";"501.31";"268.73";"";"";"";"";"";"";"";"";"";"";"";"";"";"";"232.58";"";"";"";"";"";"";"";"";"";"";"";"";"";"";"";"";"";"";"";"";"";"";"";"";"";""
"373";"2026-01-27 11:24:26";"5";"fr";"434460150";"2026-01-27 11:04:47";"2026-01-27 11:24:26";"31";"Féminin";"92";"≥ Bac + 3";"7";"Non";"Non";"Non";"Non";"Non";"1";"1 ans";"Non";"Oui";"Non";"Non";"";"Chute, brûlure, étouffement, intoxication";"Non";"2";"Oui";"Non";"Non";"Non";"Non";"Non";"Non";"";"Thermique";"Liquide chaud";"Plus de 60%";"Accidentelles";"";"Les 5-14 ans";"Les 0-4 ans";"Autant chez les filles/femmes que les garçons/hommes";"La cuisine";"";"En manipulant des objets contenant des produits chauds (casserole, bouilloire, poêle, plat, etc)";"Oui, et la brûlure est superficielle";"37°C";"Non";"Non";"Oui";"Oui";"Non";"Oui";"Le poignet (côté paume de la main)";"Oui";"Non";"Oui";"Non";"Non";"Oui";"Oui";"Non";"Oui";"Non";"Non";"Oui";"Non";"Non";"Non";"Non";"Oui";"Oui";"Oui";"Non";"";"3";"Non";"Oui";"Non";"Oui";"Non";"Non";"Oui";"Oui";"Non";"Oui";"Non";"Non";"Non";"Non";"Oui";"Non";"Non";"Non";"Non";"Non";"Oui";"Non";"Oui";"Oui";"Non";"Non";"Oui";"Oui";"Oui";"1179.05";"280.06";"";"";"";"";"";"";"";"";"";"";"";"";"";"";"321.42";"";"";"";"";"";"";"";"";"";"";"";"";"";"";"";"";"211.33";"";"317.02";"";"";"";"";"";"49.22";""
"374";"2026-01-27 12:00:51";"5";"fr";"158982594";"2026-01-27 11:52:42";"2026-01-27 12:00:51";"39";"Féminin";"38";"≥ Bac + 3";"6";"Non";"Non";"Non";"Oui";"Non";"2";"2ans - 4 ans";"Oui";"Non";"Non";"Non";"";"Brûlure
Chute
Étouffement (aliment jeux)
Morsure chien chat
Ingestion (jeux piles)
";"Non";"4";"Oui";"Non";"Non";"Oui";"Non";"Non";"Non";"Compte Instagram unrgence pediatrique";"Thermique";"Liquide chaud";"Environ 40%";"Accidentelles";"";"Les 0-4 ans";"Les 5-14 ans";"Autant chez les filles/femmes que les garçons/hommes";"La buanderie";"";"Feu, aliment liquide chaud
Produit detergent";"Oui, et la brûlure est superficielle";"35°C";"Oui";"Non";"Oui";"Oui";"Non";"Non";"Le poignet (côté paume de la main)";"Oui";"Oui";"Non";"Non";"Oui";"Oui";"Oui";"Non";"Oui";"Non";"Non";"Non";"Non";"Oui";"Non";"Non";"Oui";"Oui";"Oui";"Non";"";"3";"Non";"Non";"Non";"Oui";"Non";"Non";"Oui";"Non";"Non";"Oui";"Non";"Non";"Non";"Non";"Oui";"Non";"Non";"Non";"Non";"Non";"Oui";"Non";"Oui";"Oui";"Non";"Non";"Oui";"Non";"Oui";"487.77";"140.23";"";"";"";"";"";"";"";"";"";"";"";"";"";"";"190.26";"";"";"";"";"";"";"";"";"";"";"";"";"";"";"";"";"36.41";"";"113.18";"";"";"";"";"";"7.69";""
"375";"2026-01-27 12:29:25";"5";"fr";"80572898";"2026-01-27 11:52:53";"2026-01-27 12:29:25";"41";"Masculin";"38";"≥ Bac + 3";"5";"Non";"Non";"Oui";"Oui";"Non";"2";"2,5 et 4,5ans";"Oui";"Non";"Non";"Non";"";"Glissades, traumato ";"Oui";"1";"Non";"Non";"Oui";"Non";"Non";"Non";"Non";"";"Thermique";"Solide chaud";"Environ 40%";"Accidentelles";"";"Les 0-4 ans";"Les 0-4 ans";"Chez les garçons/hommes";"La cuisine";"";"Cuisinere ";"Oui, et la brûlure est superficielle";"33°C";"Oui";"Non";"Non";"Oui";"Non";"Oui";"Le coude";"Oui";"Non";"Non";"Non";"Oui";"Non";"Oui";"Non";"Oui";"Non";"Non";"Oui";"Non";"Oui";"Oui";"Oui";"Oui";"Oui";"Non";"Non";"";"3";"Non";"Non";"Oui";"Non";"Oui";"Non";"Oui";"Oui";"Oui";"Non";"Non";"Non";"Non";"Non";"Oui";"Non";"Non";"Non";"Non";"Non";"Oui";"Non";"Oui";"Oui";"Oui";"Non";"Oui";"Non";"Oui";"2191.34";"124.1";"";"";"";"";"";"";"";"";"";"";"";"";"";"";"218.97";"";"";"";"";"";"";"";"";"";"";"";"";"";"";"";"";"81.74";"";"1759.97";"";"";"";"";"";"6.56";""
"376";"";"3";"fr";"340271423";"2026-01-29 16:43:35";"2026-01-29 16:52:55";"36";"Féminin";"38";"Baccalauréat - Bac +2";"5";"Oui";"Oui";"Non";"Non";"Non";"3";"15 ans - 5ans - 4ans";"Non";"Oui";"Non";"Non";"";"Brûlure, intoxication, chute, coupure";"Non";"3";"Non";"Non";"Non";"Oui";"Non";"Non";"Non";"";"Thermique";"Liquide chaud";"Plus de 60%";"Accidentelles";"";"Les 5-14 ans";"Les 0-4 ans";"Autant chez les filles/femmes que les garçons/hommes";"La cuisine";"";"Poêle sur le feu, soupe, café ";"Oui, et la brûlure est superficielle";"37°C";"Non";"Non";"Oui";"Oui";"Non";"Oui";"Le poignet (côté paume de la main)";"Oui";"Non";"Oui";"Non";"Oui";"Oui";"Oui";"Non";"Oui";"Oui";"Oui";"Oui";"Oui";"Oui";"Oui";"Oui";"Non";"Oui";"Non";"Non";"";"";"N/A";"N/A";"N/A";"N/A";"N/A";"N/A";"N/A";"N/A";"N/A";"N/A";"N/A";"N/A";"N/A";"N/A";"N/A";"N/A";"N/A";"N/A";"N/A";"N/A";"N/A";"N/A";"N/A";"N/A";"N/A";"N/A";"N/A";"N/A";"N/A";"560.64";"155.58";"";"";"";"";"";"";"";"";"";"";"";"";"";"";"313.49";"";"";"";"";"";"";"";"";"";"";"";"";"";"";"";"";"91.57";"";"";"";"";"";"";"";"";""
"377";"";"";"fr";"254814063";"2026-02-02 12:16:21";"2026-02-02 12:16:21";"";"N/A";"";"";"";"N/A";"N/A";"N/A";"N/A";"N/A";"";"";"N/A";"N/A";"N/A";"N/A";"";"";"N/A";"";"N/A";"N/A";"N/A";"N/A";"N/A";"N/A";"N/A";"";"";"";"";"";"";"";"";"";"";"";"";"";"";"N/A";"N/A";"N/A";"N/A";"N/A";"N/A";"";"N/A";"N/A";"N/A";"N/A";"N/A";"N/A";"N/A";"N/A";"N/A";"N/A";"N/A";"N/A";"N/A";"N/A";"N/A";"N/A";"N/A";"N/A";"N/A";"N/A";"";"";"N/A";"N/A";"N/A";"N/A";"N/A";"N/A";"N/A";"N/A";"N/A";"N/A";"N/A";"N/A";"N/A";"N/A";"N/A";"N/A";"N/A";"N/A";"N/A";"N/A";"N/A";"N/A";"N/A";"N/A";"N/A";"N/A";"N/A";"N/A";"N/A";"0";"";"";"";"";"";"";"";"";"";"";"";"";"";"";"";"";"";"";"";"";"";"";"";"";"";"";"";"";"";"";"";"";"";"";"";"";"";"";"";"";"";""
"378";"";"3";"fr";"801361852";"2026-02-02 12:16:24";"2026-02-02 12:24:54";"40";"Féminin";"22";"≥ Bac + 3";"7";"Non";"Non";"Non";"Non";"Non";"3";"12 - 10 - 4";"Oui";"Non";"Non";"Non";"";"Chute, brûlure ";"Non";"3";"Oui";"Non";"Non";"Non";"Non";"Non";"Non";"";"Thermique";"Liquide chaud";"Environ 40%";"Accidentelles";"";"Les 0-4 ans";"Les 0-4 ans";"Autant chez les filles/femmes que les garçons/hommes";"La cuisine";"";"Nourriture en mangeant, en cuisinant avec plat chaud, bain ou douche.";"Oui, et la brûlure est grave";"37°C";"Oui";"Non";"Oui";"Oui";"Non";"Oui";"Le poignet (côté paume de la main)";"Oui";"Non";"Oui";"Non";"Oui";"Oui";"Oui";"Oui";"Oui";"Oui";"Non";"Oui";"Oui";"Oui";"Oui";"Oui";"Non";"Oui";"Oui";"Non";"";"";"N/A";"N/A";"N/A";"N/A";"N/A";"N/A";"N/A";"N/A";"N/A";"N/A";"N/A";"N/A";"N/A";"N/A";"N/A";"N/A";"N/A";"N/A";"N/A";"N/A";"N/A";"N/A";"N/A";"N/A";"N/A";"N/A";"N/A";"N/A";"N/A";"509.84";"79.83";"";"";"";"";"";"";"";"";"";"";"";"";"";"";"361.77";"";"";"";"";"";"";"";"";"";"";"";"";"";"";"";"";"68.24";"";"";"";"";"";"";"";"";""
"379";"2026-02-02 13:28:34";"5";"fr";"830398997";"2026-02-02 13:19:04";"2026-02-02 13:28:34";"31";"Féminin";"38";"≥ Bac + 3";"7";"Non";"Non";"Non";"Non";"Non";"1";"16 mois";"Non";"Oui";"Non";"Non";"";"Liquide toxique 
Brûlage 
Ustensiles de cuisine (coûteux) 
Aliments toxiques (plaquette lave vaisselle)
Électrocution 
Écrasement 
Chute";"Non";"2";"Oui";"Non";"Non";"Oui";"Non";"Non";"Non";"";"Thermique";"Liquide chaud";"Plus de 60%";"Accidentelles";"";"Les 0-4 ans";"Les 0-4 ans";"Autant chez les filles/femmes que les garçons/hommes";"La cuisine";"";"Casseroles
Café 
Électricité ";"Oui, et la brûlure est superficielle";"37°C";"Oui";"Non";"Oui";"Oui";"Non";"Oui";"Le dos de la main";"Oui";"Non";"Oui";"Non";"Oui";"Oui";"Oui";"Oui";"Oui";"Non";"Oui";"Oui";"Oui";"Oui";"Oui";"Oui";"Oui";"Oui";"Oui";"Non";"";"3";"Non";"Oui";"Non";"Oui";"Non";"Non";"Oui";"Non";"Non";"Non";"Non";"Non";"Non";"Non";"Oui";"Non";"Non";"Non";"Non";"Non";"Oui";"Non";"Non";"Non";"Non";"Non";"Non";"Oui";"Oui";"571.39";"177.59";"";"";"";"";"";"";"";"";"";"";"";"";"";"";"174.79";"";"";"";"";"";"";"";"";"";"";"";"";"";"";"";"";"75.04";"";"138.12";"";"";"";"";"";"5.85";""
"380";"2026-02-03 15:42:50";"5";"fr";"225173791";"2026-02-03 15:33:23";"2026-02-03 15:42:50";"31";"Féminin";"77";"≥ Bac + 3";"8";"Non";"Non";"Non";"Oui";"Oui";"3";"5 ans- 4 ans -1 an ";"Oui";"Non";"Non";"Non";"";"Cuisine et liquide/chaleur 
Prises 
Chute d'objet 
Chute de table à langer ou autre ";"Non";"5";"Non";"Non";"Non";"Oui";"Non";"Non";"Non";"Médecin généraliste moi même ";"Thermique";"Liquide chaud";"Environ 40%";"Accidentelles";"";"Les 0-4 ans";"Les 0-4 ans";"Autant chez les filles/femmes que les garçons/hommes";"La cuisine";"";"Four/plaque électrique/casserole d'eau chaude/thé ";"Oui, et la brûlure est grave";"37°C";"Non";"Non";"Oui";"Oui";"Non";"Oui";"Le poignet (côté paume de la main)";"Oui";"Non";"Oui";"Non";"Oui";"Oui";"Oui";"Oui";"Oui";"Oui";"Oui";"Oui";"Non";"Oui";"Oui";"Oui";"Oui";"Oui";"Oui";"Non";"";"5";"Non";"Oui";"Non";"Oui";"Non";"Non";"Non";"Oui";"Non";"Oui";"Non";"Non";"Non";"Oui";"Non";"Non";"Non";"Non";"Non";"Oui";"Oui";"Non";"Oui";"Oui";"Non";"Non";"Non";"Non";"Oui";"567.78";"130.68";"";"";"";"";"";"";"";"";"";"";"";"";"";"";"205";"";"";"";"";"";"";"";"";"";"";"";"";"";"";"";"";"58.72";"";"167.35";"";"";"";"";"";"6.03";""
"381";"";"";"fr";"196754309";"2026-02-04 09:25:48";"2026-02-04 09:25:48";"";"N/A";"";"";"";"N/A";"N/A";"N/A";"N/A";"N/A";"";"";"N/A";"N/A";"N/A";"N/A";"";"";"N/A";"";"N/A";"N/A";"N/A";"N/A";"N/A";"N/A";"N/A";"";"";"";"";"";"";"";"";"";"";"";"";"";"";"N/A";"N/A";"N/A";"N/A";"N/A";"N/A";"";"N/A";"N/A";"N/A";"N/A";"N/A";"N/A";"N/A";"N/A";"N/A";"N/A";"N/A";"N/A";"N/A";"N/A";"N/A";"N/A";"N/A";"N/A";"N/A";"N/A";"";"";"N/A";"N/A";"N/A";"N/A";"N/A";"N/A";"N/A";"N/A";"N/A";"N/A";"N/A";"N/A";"N/A";"N/A";"N/A";"N/A";"N/A";"N/A";"N/A";"N/A";"N/A";"N/A";"N/A";"N/A";"N/A";"N/A";"N/A";"N/A";"N/A";"0";"";"";"";"";"";"";"";"";"";"";"";"";"";"";"";"";"";"";"";"";"";"";"";"";"";"";"";"";"";"";"";"";"";"";"";"";"";"";"";"";"";""
"382";"2026-02-04 10:15:35";"5";"fr";"1714939474";"2026-02-04 09:47:24";"2026-02-04 10:15:35";"37";"Masculin";"38";"≥ Bac + 3";"6";"Non";"Non";"Non";"Oui";"Non";"2";"5 ans -3 ans";"Oui";"Non";"Non";"Non";"";"Chutes - Coupures - Intoxication - Empoisonnement - étouffement - Blessures - noyade";"Non";"5";"Oui";"Non";"Non";"Oui";"Non";"Non";"Non";"L’expérience de la grand-mère s’étant brûlée la main à 2 ans";"Thermique";"Liquide chaud";"Environ 40%";"Accidentelles";"";"Les 15-24 ans";"Les 0-4 ans";"Chez les garçons/hommes";"La cuisine";"";"Casserole chaude ou plaque de cuisson chaude";"Oui, et la brûlure est superficielle";"35°C";"Non";"Non";"Non";"Oui";"Non";"Non";"La bouche";"Oui";"Non";"Oui";"Non";"Oui";"Oui";"Oui";"Oui";"Oui";"Oui";"Non";"Oui";"Oui";"Oui";"Oui";"Oui";"Oui";"Oui";"Oui";"Non";"";"5";"Non";"Non";"Non";"Oui";"Non";"Non";"Oui";"Oui";"Non";"Oui";"Non";"Non";"Non";"Non";"Oui";"Non";"Non";"Non";"Non";"Non";"Oui";"Non";"Oui";"Oui";"Non";"Non";"Non";"Non";"N/A";"1691.64";"716.22";"";"";"";"";"";"";"";"";"";"";"";"";"";"";"491.24";"";"";"";"";"";"";"";"";"";"";"";"";"";"";"";"";"128.01";"";"346.39";"";"";"";"";"";"9.78";""
"383";"2026-02-04 11:41:39";"5";"fr";"1945113484";"2026-02-04 11:29:10";"2026-02-04 11:41:39";"45";"Féminin";"37";"≥ Bac + 3";"6";"Non";"Oui";"Oui";"Non";"Non";"7";"20-18-9-7-5-3 ans 7 mois";"Oui";"Non";"Oui";"Non";"";"Brûlure, électrocution,chute, noyade, ingestion de médicaments ou produits toxiques, étouffement, ingestion de petits objets, doigts pincés, petits objets dans le nez ou les oreilles ";"Oui";"3";"Oui";"Non";"Non";"Non";"Non";"Non";"Non";"";"Thermique";"Liquide chaud";"Environ 40%";"Accidentelles";"";"Les 0-4 ans";"Les 0-4 ans";"Autant chez les filles/femmes que les garçons/hommes";"La salle de bain";"";"Refaire couler une eau trop chaude dans le bain, eau chaude dans une casserole, doigts dans une prise, main sur un insert ou poêle à pétrole,main sur une plaque électrique ou sur la flamme d'une gazinière ";"Oui, et la brûlure est superficielle";"37°C";"Oui";"Non";"Oui";"Oui";"Non";"Non";"Le poignet (côté paume de la main)";"Oui";"Non";"Oui";"Non";"Oui";"Oui";"Oui";"Non";"Non";"Non";"Non";"Oui";"Oui";"Oui";"Oui";"Oui";"Oui";"Oui";"Oui";"Non";"";"2";"Non";"Non";"Oui";"Non";"Non";"Non";"Non";"Oui";"Non";"Oui";"Non";"Non";"Non";"Non";"Oui";"Non";"Non";"Non";"Non";"Non";"Oui";"Non";"Oui";"Oui";"Non";"Non";"Oui";"Oui";"Oui";"750.81";"256.51";"";"";"";"";"";"";"";"";"";"";"";"";"";"";"268.6";"";"";"";"";"";"";"";"";"";"";"";"";"";"";"";"";"52.2";"";"165.92";"";"";"";"";"";"7.58";""
"384";"";"";"fr";"60580194";"2026-02-05 12:47:37";"2026-02-05 12:47:37";"";"N/A";"";"";"";"N/A";"N/A";"N/A";"N/A";"N/A";"";"";"N/A";"N/A";"N/A";"N/A";"";"";"N/A";"";"N/A";"N/A";"N/A";"N/A";"N/A";"N/A";"N/A";"";"";"";"";"";"";"";"";"";"";"";"";"";"";"N/A";"N/A";"N/A";"N/A";"N/A";"N/A";"";"N/A";"N/A";"N/A";"N/A";"N/A";"N/A";"N/A";"N/A";"N/A";"N/A";"N/A";"N/A";"N/A";"N/A";"N/A";"N/A";"N/A";"N/A";"N/A";"N/A";"";"";"N/A";"N/A";"N/A";"N/A";"N/A";"N/A";"N/A";"N/A";"N/A";"N/A";"N/A";"N/A";"N/A";"N/A";"N/A";"N/A";"N/A";"N/A";"N/A";"N/A";"N/A";"N/A";"N/A";"N/A";"N/A";"N/A";"N/A";"N/A";"N/A";"0";"";"";"";"";"";"";"";"";"";"";"";"";"";"";"";"";"";"";"";"";"";"";"";"";"";"";"";"";"";"";"";"";"";"";"";"";"";"";"";"";"";""
"385";"";"";"fr";"198218101";"2026-02-09 08:07:18";"2026-02-09 08:07:18";"";"N/A";"";"";"";"N/A";"N/A";"N/A";"N/A";"N/A";"";"";"N/A";"N/A";"N/A";"N/A";"";"";"N/A";"";"N/A";"N/A";"N/A";"N/A";"N/A";"N/A";"N/A";"";"";"";"";"";"";"";"";"";"";"";"";"";"";"N/A";"N/A";"N/A";"N/A";"N/A";"N/A";"";"N/A";"N/A";"N/A";"N/A";"N/A";"N/A";"N/A";"N/A";"N/A";"N/A";"N/A";"N/A";"N/A";"N/A";"N/A";"N/A";"N/A";"N/A";"N/A";"N/A";"";"";"N/A";"N/A";"N/A";"N/A";"N/A";"N/A";"N/A";"N/A";"N/A";"N/A";"N/A";"N/A";"N/A";"N/A";"N/A";"N/A";"N/A";"N/A";"N/A";"N/A";"N/A";"N/A";"N/A";"N/A";"N/A";"N/A";"N/A";"N/A";"N/A";"0";"";"";"";"";"";"";"";"";"";"";"";"";"";"";"";"";"";"";"";"";"";"";"";"";"";"";"";"";"";"";"";"";"";"";"";"";"";"";"";"";"";""
"386";"";"";"fr";"738955669";"2026-02-09 11:51:44";"2026-02-09 11:51:44";"";"N/A";"";"";"";"N/A";"N/A";"N/A";"N/A";"N/A";"";"";"N/A";"N/A";"N/A";"N/A";"";"";"N/A";"";"N/A";"N/A";"N/A";"N/A";"N/A";"N/A";"N/A";"";"";"";"";"";"";"";"";"";"";"";"";"";"";"N/A";"N/A";"N/A";"N/A";"N/A";"N/A";"";"N/A";"N/A";"N/A";"N/A";"N/A";"N/A";"N/A";"N/A";"N/A";"N/A";"N/A";"N/A";"N/A";"N/A";"N/A";"N/A";"N/A";"N/A";"N/A";"N/A";"";"";"N/A";"N/A";"N/A";"N/A";"N/A";"N/A";"N/A";"N/A";"N/A";"N/A";"N/A";"N/A";"N/A";"N/A";"N/A";"N/A";"N/A";"N/A";"N/A";"N/A";"N/A";"N/A";"N/A";"N/A";"N/A";"N/A";"N/A";"N/A";"N/A";"0";"";"";"";"";"";"";"";"";"";"";"";"";"";"";"";"";"";"";"";"";"";"";"";"";"";"";"";"";"";"";"";"";"";"";"";"";"";"";"";"";"";""
"387";"";"";"fr";"165181976";"2026-02-10 11:00:12";"2026-02-10 11:00:12";"";"N/A";"";"";"";"N/A";"N/A";"N/A";"N/A";"N/A";"";"";"N/A";"N/A";"N/A";"N/A";"";"";"N/A";"";"N/A";"N/A";"N/A";"N/A";"N/A";"N/A";"N/A";"";"";"";"";"";"";"";"";"";"";"";"";"";"";"N/A";"N/A";"N/A";"N/A";"N/A";"N/A";"";"N/A";"N/A";"N/A";"N/A";"N/A";"N/A";"N/A";"N/A";"N/A";"N/A";"N/A";"N/A";"N/A";"N/A";"N/A";"N/A";"N/A";"N/A";"N/A";"N/A";"";"";"N/A";"N/A";"N/A";"N/A";"N/A";"N/A";"N/A";"N/A";"N/A";"N/A";"N/A";"N/A";"N/A";"N/A";"N/A";"N/A";"N/A";"N/A";"N/A";"N/A";"N/A";"N/A";"N/A";"N/A";"N/A";"N/A";"N/A";"N/A";"N/A";"0";"";"";"";"";"";"";"";"";"";"";"";"";"";"";"";"";"";"";"";"";"";"";"";"";"";"";"";"";"";"";"";"";"";"";"";"";"";"";"";"";"";""
"388";"2026-02-10 14:34:17";"5";"fr";"220534519";"2026-02-10 14:23:59";"2026-02-10 14:34:17";"38";"Féminin";"78";"≥ Bac + 3";"7";"Non";"Non";"Non";"Non";"Non";"22";"2,5 ans ; 2 mois ";"Non";"Oui";"Non";"Non";"";"Brûlure 
Chute 
Doigts coincés dans les portes 
Intoxication alimentaire
Obstruction par ingestion 
Noyade (bain/piscine)";"Non";"2";"Non";"Non";"Non";"Non";"Non";"Non";"Non";"Discussion avec d’autres parents ";"Thermique";"Liquide chaud";"Plus de 60%";"Accidentelles";"";"Les 0-4 ans";"Les 0-4 ans";"Autant chez les filles/femmes que les garçons/hommes";"La cuisine";"";"Eau bouillante, café ou thé chaud";"Oui, et la brûlure est grave";"37°C";"Oui";"Non";"Oui";"Oui";"Non";"Oui";"Le dos de la main";"Oui";"Non";"Oui";"Non";"Oui";"Oui";"Oui";"Non";"Oui";"Non";"Oui";"Non";"Non";"Non";"Non";"Oui";"Oui";"Oui";"Oui";"Non";"";"3";"Non";"Oui";"Oui";"Non";"Non";"Non";"Oui";"Oui";"Oui";"Non";"Non";"Non";"Non";"Oui";"Oui";"Non";"Oui";"Oui";"Non";"Non";"Oui";"Non";"Non";"Oui";"Oui";"Non";"Oui";"Oui";"Oui";"615.67";"162.46";"";"";"";"";"";"";"";"";"";"";"";"";"";"";"219.57";"";"";"";"";"";"";"";"";"";"";"";"";"";"";"";"";"87.62";"";"136.89";"";"";"";"";"";"9.13";""
"389";"";"1";"fr";"998726337";"2026-02-11 10:04:48";"2026-02-11 10:07:52";"37";"Féminin";"92";"≥ Bac + 3";"7";"Oui";"Non";"Non";"Non";"Non";"2";"3 ans - 2 ans";"Oui";"Non";"Non";"Non";"";"Chute objet
Brûlures 
Ingestion de produits dangereux 
Dommages électriques 

";"N/A";"";"N/A";"N/A";"N/A";"N/A";"N/A";"N/A";"N/A";"";"";"";"";"";"";"";"";"";"";"";"";"";"";"N/A";"N/A";"N/A";"N/A";"N/A";"N/A";"";"N/A";"N/A";"N/A";"N/A";"N/A";"N/A";"N/A";"N/A";"N/A";"N/A";"N/A";"N/A";"N/A";"N/A";"N/A";"N/A";"N/A";"N/A";"N/A";"N/A";"";"";"N/A";"N/A";"N/A";"N/A";"N/A";"N/A";"N/A";"N/A";"N/A";"N/A";"N/A";"N/A";"N/A";"N/A";"N/A";"N/A";"N/A";"N/A";"N/A";"N/A";"N/A";"N/A";"N/A";"N/A";"N/A";"N/A";"N/A";"N/A";"N/A";"184.82";"184.82";"";"";"";"";"";"";"";"";"";"";"";"";"";"";"";"";"";"";"";"";"";"";"";"";"";"";"";"";"";"";"";"";"";"";"";"";"";"";"";"";""
"390";"";"1";"fr";"1350684047";"2026-02-11 15:00:55";"2026-02-11 15:02:34";"41";"Féminin";"38";"Baccalauréat - Bac +2";"7";"Non";"Non";"Non";"Non";"Non";"3";"11-12-5";"Oui";"Oui";"Non";"Non";"";"Tombe des escaliers ";"N/A";"";"N/A";"N/A";"N/A";"N/A";"N/A";"N/A";"N/A";"";"";"";"";"";"";"";"";"";"";"";"";"";"";"N/A";"N/A";"N/A";"N/A";"N/A";"N/A";"";"N/A";"N/A";"N/A";"N/A";"N/A";"N/A";"N/A";"N/A";"N/A";"N/A";"N/A";"N/A";"N/A";"N/A";"N/A";"N/A";"N/A";"N/A";"N/A";"N/A";"";"";"N/A";"N/A";"N/A";"N/A";"N/A";"N/A";"N/A";"N/A";"N/A";"N/A";"N/A";"N/A";"N/A";"N/A";"N/A";"N/A";"N/A";"N/A";"N/A";"N/A";"N/A";"N/A";"N/A";"N/A";"N/A";"N/A";"N/A";"N/A";"N/A";"99.97";"99.97";"";"";"";"";"";"";"";"";"";"";"";"";"";"";"";"";"";"";"";"";"";"";"";"";"";"";"";"";"";"";"";"";"";"";"";"";"";"";"";"";""
"391";"";"1";"fr";"450306380";"2026-02-12 11:42:13";"2026-02-12 11:44:59";"33";"Féminin";"78";"≥ Bac + 3";"8";"Non";"Non";"Non";"Non";"Non";"2";"5 mois - 3 ans";"Non";"Oui";"Non";"Non";"";"Chuter, se cogner 
Se brûler
Se couper 
S’étouffer ";"N/A";"";"N/A";"N/A";"N/A";"N/A";"N/A";"N/A";"N/A";"";"";"";"";"";"";"";"";"";"";"";"";"";"";"N/A";"N/A";"N/A";"N/A";"N/A";"N/A";"";"N/A";"N/A";"N/A";"N/A";"N/A";"N/A";"N/A";"N/A";"N/A";"N/A";"N/A";"N/A";"N/A";"N/A";"N/A";"N/A";"N/A";"N/A";"N/A";"N/A";"";"";"N/A";"N/A";"N/A";"N/A";"N/A";"N/A";"N/A";"N/A";"N/A";"N/A";"N/A";"N/A";"N/A";"N/A";"N/A";"N/A";"N/A";"N/A";"N/A";"N/A";"N/A";"N/A";"N/A";"N/A";"N/A";"N/A";"N/A";"N/A";"N/A";"165.54";"165.54";"";"";"";"";"";"";"";"";"";"";"";"";"";"";"";"";"";"";"";"";"";"";"";"";"";"";"";"";"";"";"";"";"";"";"";"";"";"";"";"";""
"392";"2026-02-12 16:18:12";"5";"fr";"1790166206";"2026-02-12 15:50:21";"2026-02-12 16:18:12";"28";"Féminin";"78";"≥ Bac + 3";"6";"Oui";"Non";"Non";"Oui";"Non";"2";"2 ans - 6 mois";"Oui";"Non";"Non";"Non";"";"Étouffement avec des produits ou petits objets 
Coups et blessures 
Intoxication avec produits ménagers ou médicaments ";"Non";"3";"Non";"Non";"Non";"Oui";"Non";"Non";"Non";"";"Thermique";"Flamme/feu";"Environ 40%";"Accidentelles";"";"Les 0-4 ans";"Les 0-4 ans";"Autant chez les filles/femmes que les garçons/hommes";"Le salon";"";"Cheminée ou poêle à bois 
Plaque à gaz ou de cuisson 
Produits chimiques 
Prises électriques ";"Oui, et la brûlure est superficielle";"37°C";"Oui";"Non";"Oui";"Oui";"Non";"Non";"Le poignet (côté paume de la main)";"Oui";"Non";"Oui";"Non";"Oui";"Oui";"Oui";"Oui";"Oui";"Non";"Non";"Oui";"Oui";"Oui";"Oui";"Oui";"Oui";"Oui";"Oui";"Non";"";"5";"Non";"Oui";"Oui";"Non";"Oui";"Non";"Non";"Oui";"Non";"Oui";"Non";"Non";"Oui";"Oui";"Oui";"Non";"Oui";"Oui";"Non";"Non";"Oui";"Non";"Oui";"Oui";"Oui";"Non";"Oui";"Non";"Oui";"1671.75";"141.09";"";"";"";"";"";"";"";"";"";"";"";"";"";"";"1261.59";"";"";"";"";"";"";"";"";"";"";"";"";"";"";"";"";"65.57";"";"196.99";"";"";"";"";"";"6.51";""
"393";"2026-02-13 09:20:35";"5";"fr";"1508372459";"2026-02-13 09:10:56";"2026-02-13 09:20:35";"28";"Féminin";"38";"≥ Bac + 3";"7";"Non";"Non";"Non";"Non";"Non";"3";"3 ans - 2 ans - 1 mois";"Oui";"Non";"Non";"Non";"";"Coupure, brûlure, poison, chute, noyade";"Non";"4";"Non";"Non";"Non";"Oui";"Non";"Non";"Non";"Éducation des parents";"Thermique";"Liquide chaud";"Plus de 60%";"Accidentelles";"";"Les 0-4 ans";"Les 0-4 ans";"Chez les garçons/hommes";"La cuisine";"";"Casserole sur le feu, poêle ou cheminée, eau du bain ?";"Oui, et la brûlure est grave";"37°C";"Non";"Non";"Oui";"Oui";"Non";"Oui";"Le poignet (côté paume de la main)";"Oui";"Non";"Oui";"Non";"Oui";"Oui";"Oui";"Non";"Oui";"Oui";"Oui";"Oui";"Oui";"Oui";"Non";"Oui";"Oui";"Oui";"Oui";"Non";"";"3";"Non";"Oui";"Oui";"Non";"Non";"Non";"Non";"Non";"Non";"Oui";"Non";"Non";"Non";"Non";"Oui";"Non";"Non";"Non";"Non";"Non";"Oui";"Non";"Oui";"Oui";"Non";"Non";"Oui";"Non";"N/A";"579.55";"113.22";"";"";"";"";"";"";"";"";"";"";"";"";"";"";"225.67";"";"";"";"";"";"";"";"";"";"";"";"";"";"";"";"";"75.21";"";"159.23";"";"";"";"";"";"6.22";""
"394";"2026-02-13 12:55:08";"5";"fr";"348441241";"2026-02-13 12:30:25";"2026-02-13 12:55:08";"40";"Féminin";"92";"≥ Bac + 3";"9";"Non";"Non";"Oui";"Non";"Non";"2";"3,5 ans - 5 ans";"Oui";"Oui";"Non";"Non";"";"Chute de casserole en cuisine, ingestion de produits toxiques (produits ménagers…), noyade dans la baignoire, chute de hauteur (balcon), ingestion de petits objets, …";"Non";"3";"Non";"Non";"Non";"Oui";"Non";"Non";"Non";"";"Thermique";"Liquide chaud";"Plus de 60%";"Accidentelles";"";"Les 0-4 ans";"Les 0-4 ans";"Autant chez les filles/femmes que les garçons/hommes";"La cuisine";"";"En faisant tomber une casserole bouillante remplie d’eau ou d’huile, avec des produits ménagers décapants ";"Oui, et la brûlure est grave";"37°C";"Oui";"Oui";"Oui";"Oui";"Non";"Oui";"Le poignet (côté paume de la main)";"Oui";"Non";"Oui";"Non";"Oui";"Oui";"Non";"Non";"Oui";"Non";"Non";"Oui";"Non";"Non";"Non";"Non";"Oui";"Oui";"Oui";"Non";"";"4";"Non";"Oui";"Non";"Oui";"Non";"Non";"Oui";"Oui";"Non";"Oui";"Non";"Non";"Non";"Oui";"Oui";"Non";"Non";"Non";"Non";"Non";"Oui";"Non";"Oui";"Oui";"Oui";"Non";"Oui";"Oui";"Oui";"1483.9";"133.42";"";"";"";"";"";"";"";"";"";"";"";"";"";"";"1144.99";"";"";"";"";"";"";"";"";"";"";"";"";"";"";"";"";"69.98";"";"129.79";"";"";"";"";"";"5.72";""
"395";"";"";"fr";"1894247642";"2026-02-13 14:00:23";"2026-02-13 14:00:23";"";"N/A";"";"";"";"N/A";"N/A";"N/A";"N/A";"N/A";"";"";"N/A";"N/A";"N/A";"N/A";"";"";"N/A";"";"N/A";"N/A";"N/A";"N/A";"N/A";"N/A";"N/A";"";"";"";"";"";"";"";"";"";"";"";"";"";"";"N/A";"N/A";"N/A";"N/A";"N/A";"N/A";"";"N/A";"N/A";"N/A";"N/A";"N/A";"N/A";"N/A";"N/A";"N/A";"N/A";"N/A";"N/A";"N/A";"N/A";"N/A";"N/A";"N/A";"N/A";"N/A";"N/A";"";"";"N/A";"N/A";"N/A";"N/A";"N/A";"N/A";"N/A";"N/A";"N/A";"N/A";"N/A";"N/A";"N/A";"N/A";"N/A";"N/A";"N/A";"N/A";"N/A";"N/A";"N/A";"N/A";"N/A";"N/A";"N/A";"N/A";"N/A";"N/A";"N/A";"0";"";"";"";"";"";"";"";"";"";"";"";"";"";"";"";"";"";"";"";"";"";"";"";"";"";"";"";"";"";"";"";"";"";"";"";"";"";"";"";"";"";""
"396";"";"1";"fr";"436622501";"2026-02-16 13:34:34";"2026-02-16 13:36:48";"37";"Féminin";"38";"≥ Bac + 3";"7";"Non";"Non";"Non";"Non";"Non";"3";"3 ans - 13 ans - 15 ans";"Oui";"Oui";"Non";"Non";"";"Noyade (bain, piscine), brûlures, chutes (escalier, fenêtre) , boire des produits chimiques de nettoyage ";"N/A";"";"N/A";"N/A";"N/A";"N/A";"N/A";"N/A";"N/A";"";"";"";"";"";"";"";"";"";"";"";"";"";"";"N/A";"N/A";"N/A";"N/A";"N/A";"N/A";"";"N/A";"N/A";"N/A";"N/A";"N/A";"N/A";"N/A";"N/A";"N/A";"N/A";"N/A";"N/A";"N/A";"N/A";"N/A";"N/A";"N/A";"N/A";"N/A";"N/A";"";"";"N/A";"N/A";"N/A";"N/A";"N/A";"N/A";"N/A";"N/A";"N/A";"N/A";"N/A";"N/A";"N/A";"N/A";"N/A";"N/A";"N/A";"N/A";"N/A";"N/A";"N/A";"N/A";"N/A";"N/A";"N/A";"N/A";"N/A";"N/A";"N/A";"133.72";"133.72";"";"";"";"";"";"";"";"";"";"";"";"";"";"";"";"";"";"";"";"";"";"";"";"";"";"";"";"";"";"";"";"";"";"";"";"";"";"";"";"";""
"397";"";"2";"fr";"79006935";"2026-02-16 14:37:17";"2026-02-16 14:41:48";"29";"Féminin";"38";"Baccalauréat - Bac +2";"7";"Oui";"Non";"Non";"Oui";"Non";"1";"1";"Oui";"Non";"Non";"Non";"";"Chutes
Brûlure
Noyade ";"Non";"4";"Non";"Non";"Non";"Oui";"Non";"Non";"Non";"";"Thermique";"Liquide chaud";"Plus de 60%";"Accidentelles";"";"Les 0-4 ans";"Les 5-14 ans";"Autant chez les filles/femmes que les garçons/hommes";"La cuisine";"";"Jouant dans la cuisine";"Oui, et la brûlure est grave";"37°C";"Oui";"Non";"Oui";"Oui";"Non";"Oui";"Le poignet (côté paume de la main)";"N/A";"N/A";"N/A";"N/A";"N/A";"N/A";"N/A";"N/A";"N/A";"N/A";"N/A";"N/A";"N/A";"N/A";"N/A";"N/A";"N/A";"N/A";"N/A";"N/A";"";"";"N/A";"N/A";"N/A";"N/A";"N/A";"N/A";"N/A";"N/A";"N/A";"N/A";"N/A";"N/A";"N/A";"N/A";"N/A";"N/A";"N/A";"N/A";"N/A";"N/A";"N/A";"N/A";"N/A";"N/A";"N/A";"N/A";"N/A";"N/A";"N/A";"269.34";"91.61";"";"";"";"";"";"";"";"";"";"";"";"";"";"";"177.73";"";"";"";"";"";"";"";"";"";"";"";"";"";"";"";"";"";"";"";"";"";"";"";"";"";""
"398";"";"1";"fr";"1648253048";"2026-02-17 09:07:27";"2026-02-17 09:18:02";"42";"Féminin";"38";"Baccalauréat - Bac +2";"7";"Oui";"Non";"Non";"Non";"Non";"2";"4 ans - 7 ans";"Oui";"Non";"Non";"Non";"";"Tomber, se cogner la tête, intoxication, se noyer, se coincer les doigts avec les portes, se brûler avec la cuisinière… se couper ";"N/A";"";"N/A";"N/A";"N/A";"N/A";"N/A";"N/A";"N/A";"";"";"";"";"";"";"";"";"";"";"";"";"";"";"N/A";"N/A";"N/A";"N/A";"N/A";"N/A";"";"N/A";"N/A";"N/A";"N/A";"N/A";"N/A";"N/A";"N/A";"N/A";"N/A";"N/A";"N/A";"N/A";"N/A";"N/A";"N/A";"N/A";"N/A";"N/A";"N/A";"";"";"N/A";"N/A";"N/A";"N/A";"N/A";"N/A";"N/A";"N/A";"N/A";"N/A";"N/A";"N/A";"N/A";"N/A";"N/A";"N/A";"N/A";"N/A";"N/A";"N/A";"N/A";"N/A";"N/A";"N/A";"N/A";"N/A";"N/A";"N/A";"N/A";"632.07";"632.07";"";"";"";"";"";"";"";"";"";"";"";"";"";"";"";"";"";"";"";"";"";"";"";"";"";"";"";"";"";"";"";"";"";"";"";"";"";"";"";"";""
"399";"2026-02-17 10:10:22";"5";"fr";"1497702723";"2026-02-17 09:59:29";"2026-02-17 10:10:22";"40";"Masculin";"78";"≥ Bac + 3";"7";"Non";"Oui";"Non";"Non";"Non";"2";"5,5 ans - 2 semaines";"Oui";"Non";"Oui";"Oui";"";"Interactions avec fratrie, accidents ménagers ";"Non";"3";"Non";"Non";"Oui";"Non";"Non";"Non";"Non";"Recherches personnelles, échanges avec d’autres parents ou professionnels de santé ";"Thermique";"Liquide chaud";"Plus de 60%";"Accidentelles";"";"Les 0-4 ans";"";"Autant chez les filles/femmes que les garçons/hommes";"La cuisine";"";"Une maman qui cuisinerais ou ferait chauffer du lait par exemple, un bébé dans les bras";"Oui, et la brûlure est grave";"37°C";"Oui";"Non";"Oui";"Oui";"Non";"Oui";"Le poignet (côté paume de la main)";"Oui";"Non";"Oui";"Non";"Oui";"Non";"Oui";"Oui";"Oui";"Non";"Oui";"Oui";"Oui";"Oui";"Oui";"Oui";"Oui";"Oui";"Oui";"Non";"";"3";"Non";"Oui";"Oui";"Non";"Oui";"Oui";"Oui";"Oui";"Oui";"Non";"Oui";"Non";"Oui";"Non";"Oui";"Non";"Non";"Oui";"Oui";"Oui";"Oui";"Non";"Oui";"Oui";"Oui";"Non";"Oui";"Oui";"Non";"654.2";"176.15";"";"";"";"";"";"";"";"";"";"";"";"";"";"";"209.9";"";"";"";"";"";"";"";"";"";"";"";"";"";"";"";"";"65.91";"";"192.37";"";"";"";"";"";"9.87";""
"400";"2026-02-17 13:30:27";"5";"fr";"638080227";"2026-02-17 13:20:28";"2026-02-17 13:30:27";"42";"Féminin";"71";"≥ Bac + 3";"5";"Oui";"Non";"Non";"Non";"Non";"4";"2 ans - 8 ans - 9 ans - 12 ans";"Oui";"Non";"Non";"Non";"";"Chutes, électrocution par doigts dans les prises, intoxication produits ménagers ";"Non";"4";"Non";"Non";"Non";"Oui";"Non";"Non";"Non";"";"Thermique";"Solide chaud";"Plus de 60%";"Accidentelles";"";"Les 0-4 ans";"Les 0-4 ans";"Autant chez les filles/femmes que les garçons/hommes";"La cuisine";"";"Plaques de cuisson / casseroles, bouilloire, four, eau du bain, aliments trop chauds";"";"37°C";"Non";"Non";"Oui";"Oui";"Non";"Oui";"Le poignet (côté paume de la main)";"Oui";"Non";"Oui";"Non";"Oui";"Oui";"Oui";"Non";"Non";"Oui";"Oui";"Oui";"Non";"Oui";"Oui";"Non";"Oui";"Non";"Oui";"Non";"";"4";"Non";"Oui";"Oui";"Non";"Non";"Non";"Oui";"Oui";"Oui";"Non";"Non";"Non";"Non";"Non";"Oui";"Non";"Non";"Oui";"Non";"Non";"Oui";"Non";"Oui";"Oui";"Non";"Non";"Oui";"Oui";"Non";"598.89";"154.72";"";"";"";"";"";"";"";"";"";"";"";"";"";"";"252.01";"";"";"";"";"";"";"";"";"";"";"";"";"";"";"";"";"60.5";"";"123.9";"";"";"";"";"";"7.76";""
"401";"";"";"fr";"375207474";"2026-02-19 09:49:34";"2026-02-19 09:49:34";"";"N/A";"";"";"";"N/A";"N/A";"N/A";"N/A";"N/A";"";"";"N/A";"N/A";"N/A";"N/A";"";"";"N/A";"";"N/A";"N/A";"N/A";"N/A";"N/A";"N/A";"N/A";"";"";"";"";"";"";"";"";"";"";"";"";"";"";"N/A";"N/A";"N/A";"N/A";"N/A";"N/A";"";"N/A";"N/A";"N/A";"N/A";"N/A";"N/A";"N/A";"N/A";"N/A";"N/A";"N/A";"N/A";"N/A";"N/A";"N/A";"N/A";"N/A";"N/A";"N/A";"N/A";"";"";"N/A";"N/A";"N/A";"N/A";"N/A";"N/A";"N/A";"N/A";"N/A";"N/A";"N/A";"N/A";"N/A";"N/A";"N/A";"N/A";"N/A";"N/A";"N/A";"N/A";"N/A";"N/A";"N/A";"N/A";"N/A";"N/A";"N/A";"N/A";"N/A";"0";"";"";"";"";"";"";"";"";"";"";"";"";"";"";"";"";"";"";"";"";"";"";"";"";"";"";"";"";"";"";"";"";"";"";"";"";"";"";"";"";"";""
"402";"2026-02-19 12:23:26";"5";"fr";"407968851";"2026-02-19 12:06:52";"2026-02-19 12:23:26";"39";"Masculin";"73";"≥ Bac + 3";"6";"Non";"Non";"Non";"Non";"Non";"2";"1 ans - 3 ans";"Oui";"Non";"Non";"Non";"";"Chute, absorption de substances, brûlure,";"Non";"5";"Oui";"Non";"Oui";"Oui";"Non";"Non";"Non";"";"Thermique";"Liquide chaud";"Plus de 60%";"Accidentelles";"";"Les 0-4 ans";"Les 0-4 ans";"Autant chez les filles/femmes que les garçons/hommes";"La cuisine";"";"Contacte avec un aliment ou avec une source de chaleur type poêle ";"Oui, et la brûlure est superficielle";"37°C";"Oui";"Non";"Oui";"Oui";"Non";"Non";"Le poignet (côté paume de la main)";"Oui";"Non";"Oui";"Non";"Non";"Oui";"Oui";"Non";"Oui";"Non";"Non";"Oui";"Non";"Oui";"Oui";"Oui";"Oui";"Oui";"Oui";"Non";"";"3";"Non";"Non";"Non";"Oui";"Non";"Non";"Oui";"Oui";"Non";"Oui";"Non";"Non";"Non";"Oui";"Oui";"Non";"Non";"Non";"Non";"Non";"Oui";"Non";"Oui";"Oui";"Non";"Non";"Oui";"Oui";"N/A";"994.56";"174.53";"";"";"";"";"";"";"";"";"";"";"";"";"";"";"291.09";"";"";"";"";"";"";"";"";"";"";"";"";"";"";"";"";"91.86";"";"409.53";"";"";"";"";"";"27.55";""
"403";"";"";"fr";"601090142";"2026-02-20 12:20:33";"2026-02-20 12:20:33";"";"N/A";"";"";"";"N/A";"N/A";"N/A";"N/A";"N/A";"";"";"N/A";"N/A";"N/A";"N/A";"";"";"N/A";"";"N/A";"N/A";"N/A";"N/A";"N/A";"N/A";"N/A";"";"";"";"";"";"";"";"";"";"";"";"";"";"";"N/A";"N/A";"N/A";"N/A";"N/A";"N/A";"";"N/A";"N/A";"N/A";"N/A";"N/A";"N/A";"N/A";"N/A";"N/A";"N/A";"N/A";"N/A";"N/A";"N/A";"N/A";"N/A";"N/A";"N/A";"N/A";"N/A";"";"";"N/A";"N/A";"N/A";"N/A";"N/A";"N/A";"N/A";"N/A";"N/A";"N/A";"N/A";"N/A";"N/A";"N/A";"N/A";"N/A";"N/A";"N/A";"N/A";"N/A";"N/A";"N/A";"N/A";"N/A";"N/A";"N/A";"N/A";"N/A";"N/A";"0";"";"";"";"";"";"";"";"";"";"";"";"";"";"";"";"";"";"";"";"";"";"";"";"";"";"";"";"";"";"";"";"";"";"";"";"";"";"";"";"";"";""
"404";"";"";"fr";"1721293528";"2026-02-22 12:14:20";"2026-02-22 12:14:20";"";"N/A";"";"";"";"N/A";"N/A";"N/A";"N/A";"N/A";"";"";"N/A";"N/A";"N/A";"N/A";"";"";"N/A";"";"N/A";"N/A";"N/A";"N/A";"N/A";"N/A";"N/A";"";"";"";"";"";"";"";"";"";"";"";"";"";"";"N/A";"N/A";"N/A";"N/A";"N/A";"N/A";"";"N/A";"N/A";"N/A";"N/A";"N/A";"N/A";"N/A";"N/A";"N/A";"N/A";"N/A";"N/A";"N/A";"N/A";"N/A";"N/A";"N/A";"N/A";"N/A";"N/A";"";"";"N/A";"N/A";"N/A";"N/A";"N/A";"N/A";"N/A";"N/A";"N/A";"N/A";"N/A";"N/A";"N/A";"N/A";"N/A";"N/A";"N/A";"N/A";"N/A";"N/A";"N/A";"N/A";"N/A";"N/A";"N/A";"N/A";"N/A";"N/A";"N/A";"0";"";"";"";"";"";"";"";"";"";"";"";"";"";"";"";"";"";"";"";"";"";"";"";"";"";"";"";"";"";"";"";"";"";"";"";"";"";"";"";"";"";""
"405";"";"";"fr";"1269451583";"2026-02-24 10:15:58";"2026-02-24 10:15:58";"";"N/A";"";"";"";"N/A";"N/A";"N/A";"N/A";"N/A";"";"";"N/A";"N/A";"N/A";"N/A";"";"";"N/A";"";"N/A";"N/A";"N/A";"N/A";"N/A";"N/A";"N/A";"";"";"";"";"";"";"";"";"";"";"";"";"";"";"N/A";"N/A";"N/A";"N/A";"N/A";"N/A";"";"N/A";"N/A";"N/A";"N/A";"N/A";"N/A";"N/A";"N/A";"N/A";"N/A";"N/A";"N/A";"N/A";"N/A";"N/A";"N/A";"N/A";"N/A";"N/A";"N/A";"";"";"N/A";"N/A";"N/A";"N/A";"N/A";"N/A";"N/A";"N/A";"N/A";"N/A";"N/A";"N/A";"N/A";"N/A";"N/A";"N/A";"N/A";"N/A";"N/A";"N/A";"N/A";"N/A";"N/A";"N/A";"N/A";"N/A";"N/A";"N/A";"N/A";"0";"";"";"";"";"";"";"";"";"";"";"";"";"";"";"";"";"";"";"";"";"";"";"";"";"";"";"";"";"";"";"";"";"";"";"";"";"";"";"";"";"";""
"406";"";"2";"fr";"143896980";"2026-02-24 11:09:18";"2026-02-24 11:21:29";"39";"Masculin";"38";"≥ Bac + 3";"3";"Oui";"Non";"Oui";"Oui";"Non";"1";"0 - 6 mois ";"Oui";"Oui";"Oui";"Non";"";"Chute, produits dangereux, brûlures ";"Non";"4";"Non";"Non";"Non";"Non";"Oui";"Non";"Oui";"";"Thermique";"Liquide chaud";"Plus de 60%";"Accidentelles";"";"Les 0-4 ans";"Les 0-4 ans";"Chez les garçons/hommes";"La cuisine";"";"Ingestion, renversement, contact ";"Oui, et la brûlure est grave";"37°C";"Oui";"Non";"Oui";"Oui";"Non";"Oui";"Le poignet (côté paume de la main)";"N/A";"N/A";"N/A";"N/A";"N/A";"N/A";"N/A";"N/A";"N/A";"N/A";"N/A";"N/A";"N/A";"N/A";"N/A";"N/A";"N/A";"N/A";"N/A";"N/A";"";"";"N/A";"N/A";"N/A";"N/A";"N/A";"N/A";"N/A";"N/A";"N/A";"N/A";"N/A";"N/A";"N/A";"N/A";"N/A";"N/A";"N/A";"N/A";"N/A";"N/A";"N/A";"N/A";"N/A";"N/A";"N/A";"N/A";"N/A";"N/A";"N/A";"732.35";"165.39";"";"";"";"";"";"";"";"";"";"";"";"";"";"";"566.96";"";"";"";"";"";"";"";"";"";"";"";"";"";"";"";"";"";"";"";"";"";"";"";"";"";""
"407";"2026-02-24 14:40:30";"5";"fr";"755548525";"2026-02-24 14:28:29";"2026-02-24 14:40:30";"41";"Féminin";"92";"Baccalauréat - Bac +2";"5";"Non";"Non";"Oui";"Non";"Non";"3";"1 mois jumeaux et 1 an et demj";"Oui";"Oui";"Non";"Non";"";"Chutes collisions intoxication suffocation brûlures";"Non";"3";"Oui";"Non";"Oui";"Non";"Non";"Non";"Non";"";"Thermique";"Liquide chaud";"Environ 40%";"Accidentelles";"";"Les 0-4 ans";"Les 0-4 ans";"Autant chez les filles/femmes que les garçons/hommes";"La cuisine";"";"Dans la cuisine ";"Oui, et la brûlure est grave";"37°C";"Oui";"Non";"Oui";"Oui";"Non";"Oui";"Le poignet (côté paume de la main)";"Oui";"Non";"Oui";"Non";"Oui";"Oui";"Oui";"Non";"Oui";"Non";"Oui";"Oui";"Non";"Oui";"Oui";"Non";"Non";"Oui";"Non";"Non";"";"3";"Non";"Non";"Non";"Non";"Non";"Non";"Oui";"Non";"Non";"Non";"Non";"Non";"Non";"Non";"Oui";"Non";"Non";"Non";"Non";"Non";"Oui";"Non";"Non";"Non";"Non";"Non";"Oui";"Oui";"N/A";"722.02";"205.08";"";"";"";"";"";"";"";"";"";"";"";"";"";"";"235.28";"";"";"";"";"";"";"";"";"";"";"";"";"";"";"";"";"76.97";"";"185.42";"";"";"";"";"";"19.27";""
"408";"2026-02-25 13:01:10";"5";"fr";"102092673";"2026-02-25 12:39:50";"2026-02-25 13:01:10";"40";"Féminin";"38";"≥ Bac + 3";"8";"Non";"Non";"Non";"Non";"Non";"2";"3 ans - 7 ans";"Oui";"Non";"Non";"Non";"";"Cassé un bout d’une dent
🦷 ";"Non";"5";"Non";"Non";"Non";"Non";"Non";"Non";"Non";"Expérience personnelle";"Thermique";"Liquide chaud";"Plus de 60%";"Accidentelles";"";"Les 0-4 ans";"Les 0-4 ans";"Autant chez les filles/femmes que les garçons/hommes";"La cuisine";"";"Soupe chaude, plaques chauffantes, l’eau bouillante, radiateurs, cheminée";"Oui, et la brûlure est superficielle";"35°C";"Non";"Oui";"Oui";"Oui";"Non";"Oui";"Le poignet (côté paume de la main)";"Oui";"Non";"Oui";"Non";"Oui";"Non";"Oui";"Oui";"Oui";"Non";"Oui";"Oui";"Oui";"Oui";"Oui";"Oui";"Oui";"Oui";"Oui";"Non";"";"4";"Non";"Oui";"Oui";"Non";"Oui";"Oui";"Oui";"Oui";"Oui";"Non";"Non";"Non";"Non";"Oui";"Oui";"Non";"Non";"Oui";"Non";"Non";"Oui";"Non";"Oui";"Oui";"Non";"Non";"Non";"Non";"Oui";"1281.56";"508.5";"";"";"";"";"";"";"";"";"";"";"";"";"";"";"309.34";"";"";"";"";"";"";"";"";"";"";"";"";"";"";"";"";"113.64";"";"335.79";"";"";"";"";"";"14.29";""
"409";"";"1";"fr";"566515905";"2026-02-27 11:13:39";"2026-02-27 11:15:49";"35";"Féminin";"56";"Inférieur au baccalauréat";"8";"Non";"Non";"Non";"Oui";"Non";"3";"15mois - 11ans - 14ans";"Oui";"Non";"Non";"Non";"";"Brûlures 
Étouffement 
Chute";"N/A";"";"N/A";"N/A";"N/A";"N/A";"N/A";"N/A";"N/A";"";"";"";"";"";"";"";"";"";"";"";"";"";"";"N/A";"N/A";"N/A";"N/A";"N/A";"N/A";"";"N/A";"N/A";"N/A";"N/A";"N/A";"N/A";"N/A";"N/A";"N/A";"N/A";"N/A";"N/A";"N/A";"N/A";"N/A";"N/A";"N/A";"N/A";"N/A";"N/A";"";"";"N/A";"N/A";"N/A";"N/A";"N/A";"N/A";"N/A";"N/A";"N/A";"N/A";"N/A";"N/A";"N/A";"N/A";"N/A";"N/A";"N/A";"N/A";"N/A";"N/A";"N/A";"N/A";"N/A";"N/A";"N/A";"N/A";"N/A";"N/A";"N/A";"130.4";"130.4";"";"";"";"";"";"";"";"";"";"";"";"";"";"";"";"";"";"";"";"";"";"";"";"";"";"";"";"";"";"";"";"";"";"";"";"";"";"";"";"";""
"410";"";"3";"fr";"898619547";"2026-03-02 19:09:46";"2026-03-02 19:20:18";"30";"Féminin";"77";"≥ Bac + 3";"5";"Oui";"Non";"Non";"Oui";"Non";"1";"9 mois";"Non";"Oui";"Non";"Non";"";"Chute, brûlure, noyade ";"Non";"4";"Non";"Non";"Non";"Oui";"Non";"Non";"Non";"";"Chimique";"Liquide chaud";"Environ 40%";"Accidentelles";"";"Les 5-14 ans";"Les 5-14 ans";"Chez les filles/femmes";"La cuisine";"";"Fer à repasser ou casserole/bouilloire eau chaude 
Repas trop chaud ";"Oui, et la brûlure est superficielle";"37°C";"Non";"Non";"Oui";"Oui";"Non";"Oui";"Le poignet (côté paume de la main)";"Oui";"Non";"Oui";"Non";"Oui";"Non";"Oui";"Non";"Oui";"Non";"Non";"Oui";"Non";"Non";"Non";"Non";"Non";"Non";"Oui";"Non";"";"";"N/A";"N/A";"N/A";"N/A";"N/A";"N/A";"N/A";"N/A";"N/A";"N/A";"N/A";"N/A";"N/A";"N/A";"N/A";"N/A";"N/A";"N/A";"N/A";"N/A";"N/A";"N/A";"N/A";"N/A";"N/A";"N/A";"N/A";"N/A";"N/A";"632.68";"175.58";"";"";"";"";"";"";"";"";"";"";"";"";"";"";"383.38";"";"";"";"";"";"";"";"";"";"";"";"";"";"";"";"";"73.72";"";"";"";"";"";"";"";"";""
"411";"2026-03-03 12:45:15";"5";"fr";"1522417593";"2026-03-03 12:35:01";"2026-03-03 12:45:15";"31";"Féminin";"56";"≥ Bac + 3";"7";"Non";"Non";"Non";"Oui";"Non";"1";"3 ans ";"Oui";"Non";"Non";"Non";"";"Noyade
Brûlures 
Intoxication/empoisonnement 
Chutes
Électrocution 
Étouffement 
";"Oui";"4";"Non";"Non";"Non";"Oui";"Non";"Non";"Non";"";"Thermique";"Liquide chaud";"Environ 40%";"Accidentelles";"";"Les 0-4 ans";"Les 0-4 ans";"Chez les garçons/hommes";"La cuisine";"";"Plaque électrique,
Poêle à bois
Repas";"Oui, et la brûlure est grave";"37°C";"Non";"Non";"Oui";"Oui";"Non";"Oui";"Le poignet (côté paume de la main)";"Oui";"Non";"Non";"Non";"Oui";"Oui";"Oui";"Non";"Non";"Non";"Non";"Oui";"Non";"Non";"Oui";"Oui";"Non";"Oui";"Oui";"Non";"";"5";"Non";"Oui";"Non";"Oui";"Non";"Non";"Oui";"Oui";"Non";"Oui";"Non";"Non";"Non";"Non";"Oui";"Non";"Non";"Non";"Non";"Oui";"Oui";"Non";"Oui";"Oui";"Oui";"Non";"Oui";"Oui";"Non";"614.22";"199.17";"";"";"";"";"";"";"";"";"";"";"";"";"";"";"212.09";"";"";"";"";"";"";"";"";"";"";"";"";"";"";"";"";"56.08";"";"135.77";"";"";"";"";"";"11.11";""
"412";"";"1";"fr";"1523934507";"2026-03-03 16:08:15";"2026-03-03 16:10:18";"28";"Féminin";"78";"≥ Bac + 3";"6";"Non";"Non";"Non";"Oui";"Non";"1";"1 mois";"Oui";"Non";"Non";"Non";"";"La chute, l’étouffement ";"N/A";"";"N/A";"N/A";"N/A";"N/A";"N/A";"N/A";"N/A";"";"";"";"";"";"";"";"";"";"";"";"";"";"";"N/A";"N/A";"N/A";"N/A";"N/A";"N/A";"";"N/A";"N/A";"N/A";"N/A";"N/A";"N/A";"N/A";"N/A";"N/A";"N/A";"N/A";"N/A";"N/A";"N/A";"N/A";"N/A";"N/A";"N/A";"N/A";"N/A";"";"";"N/A";"N/A";"N/A";"N/A";"N/A";"N/A";"N/A";"N/A";"N/A";"N/A";"N/A";"N/A";"N/A";"N/A";"N/A";"N/A";"N/A";"N/A";"N/A";"N/A";"N/A";"N/A";"N/A";"N/A";"N/A";"N/A";"N/A";"N/A";"N/A";"123.25";"123.25";"";"";"";"";"";"";"";"";"";"";"";"";"";"";"";"";"";"";"";"";"";"";"";"";"";"";"";"";"";"";"";"";"";"";"";"";"";"";"";"";""
"413";"2026-03-04 13:10:45";"5";"fr";"1183344179";"2026-03-04 12:58:41";"2026-03-04 13:10:45";"52";"Masculin";"38";"Baccalauréat - Bac +2";"7";"Non";"Non";"Non";"Non";"Non";"2";"14 et 23";"Oui";"Non";"Non";"Non";"Orthopédie ";"Brulure, fracture, absorption de produit domestique. ";"Non";"3";"Non";"Non";"Non";"Oui";"Non";"Non";"Non";"";"Thermique";"Liquide chaud";"Plus de 60%";"Accidentelles";"";"Les 0-4 ans";"Les 0-4 ans";"Autant chez les filles/femmes que les garçons/hommes";"La cuisine";"";"Eau chaude du bain ";"Oui, et la brûlure est superficielle";"39°C";"Oui";"Non";"Non";"Oui";"Non";"Oui";"Le poignet (côté dos de la main)";"Oui";"Non";"Oui";"Non";"Oui";"Oui";"Oui";"Non";"Oui";"Non";"Non";"Non";"Non";"Oui";"Non";"Non";"Non";"Non";"Oui";"Non";"";"5";"Non";"Non";"Oui";"Non";"Non";"Non";"Oui";"Non";"Non";"Oui";"Non";"Non";"Non";"Non";"Oui";"Non";"Non";"Oui";"Non";"Oui";"Oui";"Non";"Oui";"Non";"Oui";"Non";"Oui";"Non";"Oui";"725.39";"270.45";"";"";"";"";"";"";"";"";"";"";"";"";"";"";"219.3";"";"";"";"";"";"";"";"";"";"";"";"";"";"";"";"";"49.91";"";"179.18";"";"";"";"";"";"6.55";""
"414";"";"2";"fr";"1139939043";"2026-03-05 10:26:26";"2026-03-05 10:37:11";"29";"Féminin";"38";"Inférieur au baccalauréat";"6";"Non";"Non";"Non";"Non";"Oui";"3";"11 ans 6 ans 3 ans ";"Oui";"Non";"Non";"Non";"";"Ingestion de produits d’hygiène / entretien 
Brûlures 
Accident avec animaux 
Chutes ";"Oui";"3";"Non";"Non";"Non";"Oui";"Non";"Non";"Non";"";"Thermique";"Liquide chaud";"Plus de 60%";"Accidentelles";"";"Les 0-4 ans";"Les 0-4 ans";"Autant chez les filles/femmes que les garçons/hommes";"La cuisine";"";"En voulant attraper des bols chaud ou des casseroles ";"Oui, et la brûlure est grave";"37°C";"Oui";"Oui";"Oui";"Oui";"Non";"Oui";"Le poignet (côté paume de la main)";"N/A";"N/A";"N/A";"N/A";"N/A";"N/A";"N/A";"N/A";"N/A";"N/A";"N/A";"N/A";"N/A";"N/A";"N/A";"N/A";"N/A";"N/A";"N/A";"N/A";"";"";"N/A";"N/A";"N/A";"N/A";"N/A";"N/A";"N/A";"N/A";"N/A";"N/A";"N/A";"N/A";"N/A";"N/A";"N/A";"N/A";"N/A";"N/A";"N/A";"N/A";"N/A";"N/A";"N/A";"N/A";"N/A";"N/A";"N/A";"N/A";"N/A";"646.33";"117.47";"";"";"";"";"";"";"";"";"";"";"";"";"";"";"528.86";"";"";"";"";"";"";"";"";"";"";"";"";"";"";"";"";"";"";"";"";"";"";"";"";"";""
"415";"";"1";"fr";"888194766";"2026-03-05 14:00:18";"2026-03-05 14:01:58";"14";"Féminin";"38";"Inférieur au baccalauréat";"8";"Non";"Non";"Non";"Non";"Non";"0";"0";"Oui";"Non";"Non";"Non";"";"repas produit ménager ";"N/A";"";"N/A";"N/A";"N/A";"N/A";"N/A";"N/A";"N/A";"";"";"";"";"";"";"";"";"";"";"";"";"";"";"N/A";"N/A";"N/A";"N/A";"N/A";"N/A";"";"N/A";"N/A";"N/A";"N/A";"N/A";"N/A";"N/A";"N/A";"N/A";"N/A";"N/A";"N/A";"N/A";"N/A";"N/A";"N/A";"N/A";"N/A";"N/A";"N/A";"";"";"N/A";"N/A";"N/A";"N/A";"N/A";"N/A";"N/A";"N/A";"N/A";"N/A";"N/A";"N/A";"N/A";"N/A";"N/A";"N/A";"N/A";"N/A";"N/A";"N/A";"N/A";"N/A";"N/A";"N/A";"N/A";"N/A";"N/A";"N/A";"N/A";"99.56";"99.56";"";"";"";"";"";"";"";"";"";"";"";"";"";"";"";"";"";"";"";"";"";"";"";"";"";"";"";"";"";"";"";"";"";"";"";"";"";"";"";"";""
"416";"";"1";"fr";"186043447";"2026-03-05 16:49:40";"2026-03-05 16:52:15";"33";"Féminin";"56";"Inférieur au baccalauréat";"6";"Non";"Oui";"Non";"Non";"Non";"2";"2 ans-15ans";"Oui";"Non";"Non";"Non";"";"Brûlure, intoxication, étouffement, chute";"N/A";"";"N/A";"N/A";"N/A";"N/A";"N/A";"N/A";"N/A";"";"";"";"";"";"";"";"";"";"";"";"";"";"";"N/A";"N/A";"N/A";"N/A";"N/A";"N/A";"";"N/A";"N/A";"N/A";"N/A";"N/A";"N/A";"N/A";"N/A";"N/A";"N/A";"N/A";"N/A";"N/A";"N/A";"N/A";"N/A";"N/A";"N/A";"N/A";"N/A";"";"";"N/A";"N/A";"N/A";"N/A";"N/A";"N/A";"N/A";"N/A";"N/A";"N/A";"N/A";"N/A";"N/A";"N/A";"N/A";"N/A";"N/A";"N/A";"N/A";"N/A";"N/A";"N/A";"N/A";"N/A";"N/A";"N/A";"N/A";"N/A";"N/A";"152.45";"152.45";"";"";"";"";"";"";"";"";"";"";"";"";"";"";"";"";"";"";"";"";"";"";"";"";"";"";"";"";"";"";"";"";"";"";"";"";"";"";"";"";""
"417";"2026-03-06 16:04:21";"5";"fr";"1854290289";"2026-03-06 15:42:49";"2026-03-06 16:04:21";"34";"Féminin";"38";"Baccalauréat - Bac +2";"7";"Non";"Non";"Non";"Non";"Non";"3";"8 ans - 4 ans - 2 ans";"Oui";"Non";"Non";"Non";"";"Chutes, brûlures, coupures ";"Non";"5";"Oui";"Non";"Non";"Oui";"Non";"Non";"Non";"";"Thermique";"Liquide chaud";"Plus de 60%";"Accidentelles";"";"Les 0-4 ans";"Les 0-4 ans";"Chez les garçons/hommes";"La cuisine";"";"Casserole d’eau chaude, bouilloire ";"Oui, et la brûlure est superficielle";"37°C";"Oui";"Non";"Oui";"Oui";"Non";"Oui";"Le poignet (côté paume de la main)";"Oui";"Non";"Oui";"Non";"Oui";"Oui";"Oui";"Oui";"Oui";"Non";"Oui";"Oui";"Oui";"Oui";"Oui";"Oui";"Oui";"Oui";"Oui";"Non";"";"3";"Non";"Non";"Non";"Oui";"Non";"Non";"Oui";"Oui";"Non";"Oui";"Non";"Non";"Non";"Oui";"Oui";"Non";"Non";"Oui";"Non";"Oui";"Oui";"Non";"Oui";"Oui";"Non";"Non";"Non";"Oui";"Non";"1292.83";"987.31";"";"";"";"";"";"";"";"";"";"";"";"";"";"";"133.44";"";"";"";"";"";"";"";"";"";"";"";"";"";"";"";"";"50.12";"";"116.2";"";"";"";"";"";"5.76";""
"418";"";"";"fr";"1765631883";"2026-03-07 10:48:57";"2026-03-07 10:48:57";"";"N/A";"";"";"";"N/A";"N/A";"N/A";"N/A";"N/A";"";"";"N/A";"N/A";"N/A";"N/A";"";"";"N/A";"";"N/A";"N/A";"N/A";"N/A";"N/A";"N/A";"N/A";"";"";"";"";"";"";"";"";"";"";"";"";"";"";"N/A";"N/A";"N/A";"N/A";"N/A";"N/A";"";"N/A";"N/A";"N/A";"N/A";"N/A";"N/A";"N/A";"N/A";"N/A";"N/A";"N/A";"N/A";"N/A";"N/A";"N/A";"N/A";"N/A";"N/A";"N/A";"N/A";"";"";"N/A";"N/A";"N/A";"N/A";"N/A";"N/A";"N/A";"N/A";"N/A";"N/A";"N/A";"N/A";"N/A";"N/A";"N/A";"N/A";"N/A";"N/A";"N/A";"N/A";"N/A";"N/A";"N/A";"N/A";"N/A";"N/A";"N/A";"N/A";"N/A";"0";"";"";"";"";"";"";"";"";"";"";"";"";"";"";"";"";"";"";"";"";"";"";"";"";"";"";"";"";"";"";"";"";"";"";"";"";"";"";"";"";"";""
"419";"";"1";"fr";"533101685";"2026-03-07 19:53:42";"2026-03-07 19:55:44";"25";"Féminin";"78";"Baccalauréat - Bac +2";"4";"Oui";"Non";"Non";"Non";"Oui";"1";"1 an";"Non";"Oui";"Non";"Non";"";"étouffement, brûlure, traumatisme crânien";"N/A";"";"N/A";"N/A";"N/A";"N/A";"N/A";"N/A";"N/A";"";"";"";"";"";"";"";"";"";"";"";"";"";"";"N/A";"N/A";"N/A";"N/A";"N/A";"N/A";"";"N/A";"N/A";"N/A";"N/A";"N/A";"N/A";"N/A";"N/A";"N/A";"N/A";"N/A";"N/A";"N/A";"N/A";"N/A";"N/A";"N/A";"N/A";"N/A";"N/A";"";"";"N/A";"N/A";"N/A";"N/A";"N/A";"N/A";"N/A";"N/A";"N/A";"N/A";"N/A";"N/A";"N/A";"N/A";"N/A";"N/A";"N/A";"N/A";"N/A";"N/A";"N/A";"N/A";"N/A";"N/A";"N/A";"N/A";"N/A";"N/A";"N/A";"122.05";"122.05";"";"";"";"";"";"";"";"";"";"";"";"";"";"";"";"";"";"";"";"";"";"";"";"";"";"";"";"";"";"";"";"";"";"";"";"";"";"";"";"";""
"420";"";"1";"fr";"2041094010";"2026-03-10 11:48:57";"2026-03-10 11:53:38";"31";"Féminin";"92";"≥ Bac + 3";"5";"Non";"Non";"Non";"Non";"Non";"2";"10-4";"Oui";"Non";"Non";"Non";"";"Brûlure, intoxication, chutes, coupure, étouffement ";"N/A";"";"N/A";"N/A";"N/A";"N/A";"N/A";"N/A";"N/A";"";"";"";"";"";"";"";"";"";"";"";"";"";"";"N/A";"N/A";"N/A";"N/A";"N/A";"N/A";"";"N/A";"N/A";"N/A";"N/A";"N/A";"N/A";"N/A";"N/A";"N/A";"N/A";"N/A";"N/A";"N/A";"N/A";"N/A";"N/A";"N/A";"N/A";"N/A";"N/A";"";"";"N/A";"N/A";"N/A";"N/A";"N/A";"N/A";"N/A";"N/A";"N/A";"N/A";"N/A";"N/A";"N/A";"N/A";"N/A";"N/A";"N/A";"N/A";"N/A";"N/A";"N/A";"N/A";"N/A";"N/A";"N/A";"N/A";"N/A";"N/A";"N/A";"281.75";"281.75";"";"";"";"";"";"";"";"";"";"";"";"";"";"";"";"";"";"";"";"";"";"";"";"";"";"";"";"";"";"";"";"";"";"";"";"";"";"";"";"";""
"421";"";"";"fr";"1096293736";"2026-03-10 14:50:26";"2026-03-10 14:50:26";"";"N/A";"";"";"";"N/A";"N/A";"N/A";"N/A";"N/A";"";"";"N/A";"N/A";"N/A";"N/A";"";"";"N/A";"";"N/A";"N/A";"N/A";"N/A";"N/A";"N/A";"N/A";"";"";"";"";"";"";"";"";"";"";"";"";"";"";"N/A";"N/A";"N/A";"N/A";"N/A";"N/A";"";"N/A";"N/A";"N/A";"N/A";"N/A";"N/A";"N/A";"N/A";"N/A";"N/A";"N/A";"N/A";"N/A";"N/A";"N/A";"N/A";"N/A";"N/A";"N/A";"N/A";"";"";"N/A";"N/A";"N/A";"N/A";"N/A";"N/A";"N/A";"N/A";"N/A";"N/A";"N/A";"N/A";"N/A";"N/A";"N/A";"N/A";"N/A";"N/A";"N/A";"N/A";"N/A";"N/A";"N/A";"N/A";"N/A";"N/A";"N/A";"N/A";"N/A";"0";"";"";"";"";"";"";"";"";"";"";"";"";"";"";"";"";"";"";"";"";"";"";"";"";"";"";"";"";"";"";"";"";"";"";"";"";"";"";"";"";"";""
"422";"";"";"fr";"189043882";"2026-03-11 09:43:55";"2026-03-11 09:43:55";"";"N/A";"";"";"";"N/A";"N/A";"N/A";"N/A";"N/A";"";"";"N/A";"N/A";"N/A";"N/A";"";"";"N/A";"";"N/A";"N/A";"N/A";"N/A";"N/A";"N/A";"N/A";"";"";"";"";"";"";"";"";"";"";"";"";"";"";"N/A";"N/A";"N/A";"N/A";"N/A";"N/A";"";"N/A";"N/A";"N/A";"N/A";"N/A";"N/A";"N/A";"N/A";"N/A";"N/A";"N/A";"N/A";"N/A";"N/A";"N/A";"N/A";"N/A";"N/A";"N/A";"N/A";"";"";"N/A";"N/A";"N/A";"N/A";"N/A";"N/A";"N/A";"N/A";"N/A";"N/A";"N/A";"N/A";"N/A";"N/A";"N/A";"N/A";"N/A";"N/A";"N/A";"N/A";"N/A";"N/A";"N/A";"N/A";"N/A";"N/A";"N/A";"N/A";"N/A";"0";"";"";"";"";"";"";"";"";"";"";"";"";"";"";"";"";"";"";"";"";"";"";"";"";"";"";"";"";"";"";"";"";"";"";"";"";"";"";"";"";"";""
"423";"2026-03-16 13:23:29";"5";"fr";"2122256118";"2026-03-16 13:17:51";"2026-03-16 13:23:29";"50";"Masculin";"38";"≥ Bac + 3";"6";"Non";"Non";"Oui";"Non";"Non";"1";"16";"Oui";"Non";"Non";"Non";"";"Aucun";"Non";"1";"Non";"Non";"Non";"Non";"Non";"Non";"Non";"Aucun ";"Par rayonnement d'une grande source de chaleur";"Liquide chaud";"Plus de 60%";"Accidentelles";"";"Les 0-4 ans";"Les 5-14 ans";"Autant chez les filles/femmes que les garçons/hommes";"La cuisine";"";"Casserole, bouilloire, cafetière ";"Oui, et la brûlure est grave";"35°C";"Non";"Non";"Oui";"Oui";"Non";"Oui";"Le poignet (côté paume de la main)";"Oui";"Non";"Oui";"Non";"Oui";"Oui";"Oui";"Oui";"Oui";"Oui";"Oui";"Oui";"Non";"Non";"Non";"Oui";"Oui";"Oui";"Oui";"Non";"";"2";"Non";"Oui";"Non";"Non";"Oui";"Oui";"Oui";"Oui";"Non";"Non";"Non";"Non";"Non";"Non";"Oui";"Non";"Non";"Non";"Non";"Non";"Oui";"Non";"Non";"Non";"Non";"Non";"Non";"Oui";"Non";"339.59";"64.3";"";"";"";"";"";"";"";"";"";"";"";"";"";"";"153.34";"";"";"";"";"";"";"";"";"";"";"";"";"";"";"";"";"33.09";"";"79.26";"";"";"";"";"";"9.6";""
"424";"2026-03-17 17:04:16";"5";"fr";"546695868";"2026-03-17 16:44:03";"2026-03-17 17:04:16";"40";"Féminin";"38";"≥ Bac + 3";"8";"Non";"Non";"Oui";"Oui";"Non";"2";"1 - 5 ";"Oui";"Non";"Non";"Non";"";"TC fractures brûlures intoxication dermabrasions électrisation électrocution… ";"Non";"3";"Non";"Non";"Non";"Oui";"Non";"Non";"Non";"";"Par frottement";"Liquide chaud";"Plus de 60%";"Accidentelles";"";"Les 0-4 ans";"Les 0-4 ans";"Autant chez les filles/femmes que les garçons/hommes";"La cuisine";"";"Cuisine casserole micro ondes four barbecue cheminée eau bouillante si chaudière mal réglée bouilloire en glissant sur la moquette ou le crépis soleil certains produits chimiques ";"Oui, et la brûlure est grave";"37°C";"Oui";"Oui";"Oui";"Oui";"Oui";"Oui";"Le poignet (côté paume de la main)";"Oui";"Oui";"Non";"Non";"Oui";"Oui";"Oui";"Oui";"Oui";"Oui";"Non";"Oui";"Non";"Oui";"Oui";"Oui";"Non";"Oui";"Oui";"Non";"Je ne bois pas de boisson trop chaude pour être sure. ";"4";"Non";"Oui";"Non";"Oui";"Non";"Non";"Oui";"Oui";"Non";"Oui";"Non";"Non";"Non";"Oui";"Oui";"Non";"Non";"Oui";"Non";"Non";"Oui";"Non";"Oui";"Oui";"Non";"Non";"Oui";"Non";"Oui";"1215";"683.56";"";"";"";"";"";"";"";"";"";"";"";"";"";"";"235.06";"";"";"";"";"";"";"";"";"";"";"";"";"";"";"";"";"116.8";"";"173.82";"";"";"";"";"";"5.76";""
"425";"2026-03-18 13:53:07";"5";"fr";"403339368";"2026-03-18 13:42:16";"2026-03-18 13:53:07";"39";"Féminin";"73";"Baccalauréat - Bac +2";"5";"Non";"Non";"Non";"Non";"Non";"1";"4";"Non";"Oui";"Non";"Non";"";"Chute, se cogner, se brûler ";"Non";"1";"Oui";"Non";"Non";"Non";"Non";"Non";"Non";"";"Thermique";"Liquide chaud";"Environ 40%";"Accidentelles";"";"Les 5-14 ans";"Les 15-24 ans";"Autant chez les filles/femmes que les garçons/hommes";"La cuisine";"";"Eau chaude, huile";"Oui, et la brûlure est superficielle";"37°C";"Non";"Non";"Oui";"Oui";"Non";"Non";"Le poignet (côté paume de la main)";"Oui";"Non";"Oui";"Non";"Oui";"Oui";"Oui";"Oui";"Oui";"Oui";"Non";"Oui";"Oui";"Oui";"Oui";"Non";"Oui";"Oui";"Oui";"Non";"";"2";"Non";"Oui";"Oui";"Non";"Non";"Non";"Non";"Oui";"Oui";"Non";"Non";"Non";"Non";"Non";"Oui";"Non";"Non";"Non";"Non";"Non";"Oui";"Non";"Oui";"Non";"Non";"Non";"Oui";"Non";"Oui";"651.7";"114.62";"";"";"";"";"";"";"";"";"";"";"";"";"";"";"352.59";"";"";"";"";"";"";"";"";"";"";"";"";"";"";"";"";"47.24";"";"127.04";"";"";"";"";"";"10.21";""
"426";"";"";"fr";"1641112654";"2026-03-20 08:19:27";"2026-03-20 08:19:27";"";"N/A";"";"";"";"N/A";"N/A";"N/A";"N/A";"N/A";"";"";"N/A";"N/A";"N/A";"N/A";"";"";"N/A";"";"N/A";"N/A";"N/A";"N/A";"N/A";"N/A";"N/A";"";"";"";"";"";"";"";"";"";"";"";"";"";"";"N/A";"N/A";"N/A";"N/A";"N/A";"N/A";"";"N/A";"N/A";"N/A";"N/A";"N/A";"N/A";"N/A";"N/A";"N/A";"N/A";"N/A";"N/A";"N/A";"N/A";"N/A";"N/A";"N/A";"N/A";"N/A";"N/A";"";"";"N/A";"N/A";"N/A";"N/A";"N/A";"N/A";"N/A";"N/A";"N/A";"N/A";"N/A";"N/A";"N/A";"N/A";"N/A";"N/A";"N/A";"N/A";"N/A";"N/A";"N/A";"N/A";"N/A";"N/A";"N/A";"N/A";"N/A";"N/A";"N/A";"0";"";"";"";"";"";"";"";"";"";"";"";"";"";"";"";"";"";"";"";"";"";"";"";"";"";"";"";"";"";"";"";"";"";"";"";"";"";"";"";"";"";""
"427";"2026-03-24 10:48:18";"5";"fr";"538654581";"2026-03-24 10:17:07";"2026-03-24 10:48:18";"34";"Féminin";"60";"≥ Bac + 3";"7";"Non";"Non";"Non";"Non";"Non";"1";"18 mois";"Non";"Oui";"Non";"Non";"";"Chute, casserole d’eau bouillante, ingérence de produits ménagers ";"Non";"2";"Oui";"Non";"Non";"Non";"Non";"Non";"Non";"";"Thermique";"Liquide chaud";"Plus de 60%";"Accidentelles";"";"Les 0-4 ans";"Les 0-4 ans";"Autant chez les filles/femmes que les garçons/hommes";"La cuisine";"";"Eau bouillante, four";"Oui, et la brûlure est grave";"37°C";"Non";"Non";"Non";"Oui";"Non";"Non";"La bouche";"Oui";"Non";"Oui";"Non";"Oui";"Oui";"Oui";"Non";"Oui";"Non";"Non";"Oui";"Non";"Oui";"Non";"Non";"Non";"Oui";"Non";"Non";"";"3";"Non";"Non";"Oui";"Non";"Non";"Non";"Oui";"Non";"Non";"Oui";"Non";"Non";"Non";"Non";"Oui";"Non";"Oui";"Non";"Non";"Non";"Oui";"Non";"Oui";"Oui";"Oui";"Non";"Oui";"Oui";"Oui";"1870.42";"207.61";"";"";"";"";"";"";"";"";"";"";"";"";"";"";"1448.26";"";"";"";"";"";"";"";"";"";"";"";"";"";"";"";"";"59.83";"";"146.22";"";"";"";"";"";"8.5";""
"428";"2026-03-24 10:46:45";"5";"fr";"39719359";"2026-03-24 10:26:03";"2026-03-24 10:46:45";"35";"Masculin";"78";"≥ Bac + 3";"7";"Non";"Non";"Non";"Non";"Non";"2";"1 an - 4 ans";"Oui";"Non";"Non";"Non";"";"Électricité, brûlure (cuisine), chute, noyade (bain), chimiques (produits ménagers), étouffements...";"Non";"4";"Oui";"Non";"Non";"Non";"Non";"Non";"Non";"";"Thermique";"Liquide chaud";"Plus de 60%";"Accidentelles";"";"Les 0-4 ans";"Les 0-4 ans";"Autant chez les filles/femmes que les garçons/hommes";"La cuisine";"";"Liquides en cuisson, casseroles en cuisson ou pendant le transport d'une zone à une autre, porte du four ouverte...";"Oui, et la brûlure est superficielle";"37°C";"Oui";"Oui";"Oui";"Oui";"Non";"Oui";"";"Oui";"Non";"Oui";"Oui";"Oui";"Oui";"Oui";"Oui";"Non";"Oui";"Oui";"Oui";"Oui";"Oui";"Oui";"Oui";"Oui";"Oui";"Oui";"Non";"On ne chauffe jamais le biberon, bu à température ambiante. De plus en plus courant. ";"4";"Non";"Oui";"Non";"Oui";"Oui";"Non";"Oui";"Oui";"Non";"Oui";"Non";"Non";"Non";"Oui";"Oui";"Non";"Non";"Oui";"Non";"Non";"Oui";"Non";"Oui";"Oui";"Non";"Non";"Oui";"Non";"Oui";"1242.1";"280.77";"";"";"";"";"";"";"";"";"";"";"";"";"";"";"390.93";"";"";"";"";"";"";"";"";"";"";"";"";"";"";"";"";"112.85";"";"447.2";"";"";"";"";"";"10.35";""
"429";"2026-03-24 11:59:30";"5";"fr";"445699084";"2026-03-24 10:58:43";"2026-03-24 11:59:30";"35";"Féminin";"78";"≥ Bac + 3";"8";"Non";"Non";"Non";"Non";"Non";"2";"5 ans - 3 ans";"Oui";"Non";"Non";"Non";"";"Coupure, bosse ";"Non";"3";"Non";"Non";"Oui";"Non";"Non";"Non";"Non";"";"Electrique";"Liquide chaud";"Environ 40%";"Accidentelles";"";"Les 0-4 ans";"Les 0-4 ans";"Autant chez les filles/femmes que les garçons/hommes";"La cuisine";"";"Eau chaude ";"Oui, et la brûlure est superficielle";"33°C";"Non";"Non";"Non";"Oui";"Non";"Non";"La bouche";"Oui";"Non";"Oui";"Non";"Non";"Non";"Non";"Non";"Non";"Non";"Non";"Non";"Non";"Non";"Non";"Non";"Non";"Non";"Oui";"Non";"";"1";"Non";"Non";"Non";"Oui";"Oui";"Non";"Oui";"Oui";"Non";"Non";"Non";"Non";"Non";"Non";"Oui";"Non";"Non";"Non";"Non";"Non";"Oui";"Non";"Oui";"Oui";"Non";"Non";"Oui";"Oui";"Non";"3648.78";"3412.79";"";"";"";"";"";"";"";"";"";"";"";"";"";"";"120.21";"";"";"";"";"";"";"";"";"";"";"";"";"";"";"";"";"18.84";"";"91.12";"";"";"";"";"";"5.82";""
"430";"2026-03-24 11:47:02";"5";"fr";"2097113645";"2026-03-24 11:35:53";"2026-03-24 11:47:02";"28";"Féminin";"92";"≥ Bac + 3";"7";"Non";"Non";"Non";"Non";"Non";"1";"2";"Non";"Oui";"Non";"Non";"";"Chut de hauteur (chaise, meubles,..) 
Ingère des produits ménager 
Ingéré un objet type jouet ou autre
Coupure avec ciseaux etc
Risque électrique 
Coincer les doigts (voir plus grave) dans les portes les fenêtres les placards et. 

";"Non";"2";"Oui";"Non";"Oui";"Non";"Non";"Non";"Non";"";"Thermique";"Liquide chaud";"Environ 40%";"Accidentelles";"";"Les 5-14 ans";"Les 0-4 ans";"Autant chez les filles/femmes que les garçons/hommes";"La cuisine";"";"Renverser une tasse de café ou autre liquide chaud 
Toucher le four les plaques les plats qui en sortent 
";"Oui, et la brûlure est superficielle";"37°C";"Non";"Non";"Oui";"Oui";"Non";"Oui";"Le poignet (côté paume de la main)";"Non";"Non";"Oui";"Non";"Oui";"Oui";"Oui";"Oui";"Oui";"Non";"Oui";"Oui";"Non";"Oui";"Oui";"Oui";"Oui";"Oui";"Oui";"Non";"";"3";"Non";"Oui";"Non";"Oui";"Non";"Non";"Oui";"Oui";"Non";"Oui";"Non";"Non";"Non";"Non";"Non";"Non";"Non";"Oui";"Non";"Non";"Oui";"Non";"Oui";"Oui";"Oui";"Non";"Oui";"Oui";"Oui";"670.56";"196.17";"";"";"";"";"";"";"";"";"";"";"";"";"";"";"188.51";"";"";"";"";"";"";"";"";"";"";"";"";"";"";"";"";"77.97";"";"200.18";"";"";"";"";"";"7.73";""
"431";"2026-03-24 21:56:50";"5";"fr";"1574560841";"2026-03-24 21:37:41";"2026-03-24 21:56:50";"27";"Féminin";"29";"≥ Bac + 3";"8";"Non";"Non";"Non";"Oui";"Non";"1";"4 mois";"Non";"Oui";"Non";"Non";"";"Brûlure, électrocution, ingestion de produits toxiques";"Non";"4";"Non";"Non";"Non";"Oui";"Non";"Non";"Non";"";"Thermique";"Liquide chaud";"Plus de 60%";"Accidentelles";"";"Les 5-14 ans";"Les 0-4 ans";"Chez les garçons/hommes";"La cuisine";"";"En touchant un plat chaud, faisant tomber du liquide chaud, en touchant la vitre d’une cheminée /poële";"Oui, et la brûlure est grave";"37°C";"Non";"Non";"Oui";"Oui";"Non";"Oui";"Le poignet (côté dos de la main)";"Oui";"Non";"Oui";"Non";"Oui";"Non";"Non";"Oui";"Oui";"Non";"Oui";"Non";"Non";"Oui";"Non";"Non";"Non";"Oui";"Oui";"Non";"";"3";"Non";"Oui";"Oui";"Non";"Oui";"Non";"Oui";"Oui";"Non";"Oui";"Non";"Non";"Non";"Oui";"Oui";"Non";"Non";"Non";"Non";"Non";"Oui";"Non";"Oui";"Oui";"Non";"Non";"Non";"Non";"Oui";"1148.74";"294.18";"";"";"";"";"";"";"";"";"";"";"";"";"";"";"403.04";"";"";"";"";"";"";"";"";"";"";"";"";"";"";"";"";"85.07";"";"357.93";"";"";"";"";"";"8.52";""
"432";"2026-03-26 12:51:54";"5";"fr";"1427578202";"2026-03-26 12:44:39";"2026-03-26 12:51:54";"34";"Féminin";"38";"≥ Bac + 3";"7";"Non";"Non";"Oui";"Non";"Non";"4";"15 mois - 6 ans - 7 ans 1/2 - 9 ans 1/2";"Non";"Oui";"Non";"Non";"";"Chute, avaler un objet, brûlure... ";"Non";"3";"Oui";"Non";"Oui";"Oui";"Non";"Non";"Non";"";"Thermique";"Liquide chaud";"Plus de 60%";"Accidentelles";"";"Les 0-4 ans";"Les 0-4 ans";"Autant chez les filles/femmes que les garçons/hommes";"La cuisine";"";"Eau bouillante, main sur les plaques, toucher une poêle... ";"Oui, et la brûlure est superficielle";"37°C";"Non";"Non";"Oui";"Oui";"Non";"Oui";"Le poignet (côté paume de la main)";"Oui";"Non";"Oui";"Non";"Oui";"Oui";"Oui";"Oui";"Oui";"Non";"Non";"Oui";"Oui";"Oui";"Oui";"Oui";"Non";"Oui";"Oui";"Non";"";"3";"Non";"Oui";"Oui";"Non";"Oui";"Non";"Oui";"Non";"Oui";"Non";"Non";"Non";"Non";"Oui";"Oui";"Non";"Oui";"Oui";"Non";"Oui";"Oui";"Non";"Oui";"Oui";"Non";"Non";"Oui";"Non";"Oui";"436.03";"102.68";"";"";"";"";"";"";"";"";"";"";"";"";"";"";"141.03";"";"";"";"";"";"";"";"";"";"";"";"";"";"";"";"";"52.43";"";"126.41";"";"";"";"";"";"13.48";""
"433";"2026-03-26 22:31:53";"5";"fr";"732720090";"2026-03-26 22:18:59";"2026-03-26 22:31:53";"31";"Masculin";"78";"≥ Bac + 3";"7";"Non";"Non";"Non";"Non";"Non";"2";"2 ans - 2 mois";"Oui";"Non";"Oui";"Non";"";"Produits menagers";"Non";"3";"Oui";"Non";"Oui";"Oui";"Non";"Non";"Oui";"";"Thermique";"Liquide chaud";"Plus de 60%";"Accidentelles";"";"Les 5-14 ans";"Les 0-4 ans";"Autant chez les filles/femmes que les garçons/hommes";"La cuisine";"";"Bouilloire";"Oui, et la brûlure est superficielle";"37°C";"Non";"Non";"Oui";"Oui";"Non";"Oui";"Le poignet (côté paume de la main)";"Oui";"Non";"Oui";"Non";"Oui";"Oui";"Oui";"Oui";"Oui";"Non";"Non";"Oui";"Non";"Non";"Non";"Non";"Non";"Oui";"Oui";"Non";"";"4";"Non";"Oui";"Non";"Oui";"Non";"Non";"Oui";"Oui";"Non";"Oui";"Non";"Non";"Non";"Non";"Oui";"Non";"Non";"Oui";"Non";"Non";"Oui";"Non";"Oui";"Oui";"Oui";"Non";"Oui";"Oui";"N/A";"775.82";"101.44";"";"";"";"";"";"";"";"";"";"";"";"";"";"";"277.04";"";"";"";"";"";"";"";"";"";"";"";"";"";"";"";"";"149.23";"";"235.2";"";"";"";"";"";"12.91";""
"434";"2026-03-26 22:45:48";"5";"fr";"1237394185";"2026-03-26 22:38:24";"2026-03-26 22:45:48";"30";"Féminin";"44";"≥ Bac + 3";"6";"Non";"Non";"Non";"Oui";"Non";"3";"2 mois - 1 an - 3 ans";"Oui";"Non";"Non";"Non";"";"Chute
Brûlures 
Électrocution ";"Non";"3";"Non";"Non";"Non";"Oui";"Non";"Non";"Non";"";"Thermique";"Solide chaud";"Environ 40%";"Accidentelles";"";"Les 0-4 ans";"Les 0-4 ans";"Autant chez les filles/femmes que les garçons/hommes";"La cuisine";"";"Casserole chaude ou bouilloire
Cheminée ";"Oui, et la brûlure est superficielle";"37°C";"Non";"Non";"Oui";"Oui";"Non";"Oui";"Le poignet (côté paume de la main)";"Oui";"Non";"Non";"Non";"Oui";"Oui";"Oui";"Oui";"Oui";"Oui";"Oui";"Oui";"Non";"Oui";"Oui";"Non";"Non";"Non";"Non";"Non";"";"4";"Non";"Non";"Oui";"Non";"Oui";"Non";"Non";"Non";"Oui";"Non";"Non";"Non";"Oui";"Non";"Non";"Non";"Non";"Non";"Non";"Oui";"Oui";"Non";"Oui";"Oui";"Non";"Non";"Non";"Non";"Oui";"445.85";"127.23";"";"";"";"";"";"";"";"";"";"";"";"";"";"";"145.04";"";"";"";"";"";"";"";"";"";"";"";"";"";"";"";"";"43.47";"";"124.65";"";"";"";"";"";"5.46";""
"435";"2026-03-26 23:09:04";"5";"fr";"58340138";"2026-03-26 23:03:57";"2026-03-26 23:09:04";"29";"Féminin";"92";"≥ Bac + 3";"8";"Non";"Non";"Non";"Non";"Non";"3";"5 ans - 3 ans - 1 an";"Oui";"Non";"Non";"Non";"";"Tomber de la fenêtre ouverte pour aérer, tomber du lit mezzanine, se couper avec un couteau, se brûler avec le fer à repasser ";"Non";"0";"Non";"Non";"Non";"Non";"Non";"Non";"Non";"Aucun ";"Thermique";"Liquide chaud";"Plus de 60%";"Accidentelles";"";"Les 0-4 ans";"Les 0-4 ans";"Autant chez les filles/femmes que les garçons/hommes";"La cuisine";"";"Avec l'eau des pâtes ? ";"Oui, et la brûlure est superficielle";"37°C";"Non";"Non";"Non";"Oui";"Non";"Oui";"La paume de la main";"Non";"Non";"Non";"Non";"Non";"Non";"Non";"Non";"Non";"Non";"Non";"Non";"Non";"Non";"Non";"Non";"Non";"Non";"Oui";"Oui";"";"3";"Oui";"Non";"Oui";"Non";"Non";"Non";"Non";"Non";"Oui";"Non";"Non";"Non";"Oui";"Non";"Non";"Non";"Non";"Non";"Non";"Non";"Oui";"Non";"Oui";"Oui";"Non";"Non";"Oui";"Non";"Oui";"307.04";"107.07";"";"";"";"";"";"";"";"";"";"";"";"";"";"";"102.3";"";"";"";"";"";"";"";"";"";"";"";"";"";"";"";"";"19.81";"";"73.33";"";"";"";"";"";"4.53";""
"436";"2026-03-27 07:28:26";"5";"fr";"1284528913";"2026-03-27 07:16:02";"2026-03-27 07:28:26";"36";"Féminin";"2";"≥ Bac + 3";"7";"Non";"Non";"Non";"Non";"Oui";"2";"7 ans - 10 ans";"Oui";"Non";"Non";"Non";"";"Chutes
Electricité
Brulures
Contacts avec produits toxiques
Coupures dans la cuisine";"Non";"3";"Oui";"Non";"Non";"Oui";"Non";"Non";"Non";"";"Thermique";"Liquide chaud";"Plus de 60%";"Accidentelles";"";"Les 0-4 ans";"Les 0-4 ans";"Autant chez les filles/femmes que les garçons/hommes";"La cuisine";"";"Four, plaques de cuisson, casserole chaude, eau bouillante";"Oui, et la brûlure est grave";"37°C";"Oui";"Non";"Oui";"Oui";"Non";"Oui";"Le poignet (côté paume de la main)";"Oui";"Non";"Oui";"Non";"Oui";"Oui";"Oui";"Non";"Oui";"Non";"Oui";"Oui";"Oui";"Oui";"Oui";"Non";"Non";"Oui";"Oui";"Non";"";"3";"Non";"Oui";"Non";"Oui";"Non";"Non";"Oui";"Oui";"Non";"Oui";"Non";"Non";"Non";"Non";"Oui";"Non";"Non";"Non";"Non";"Oui";"Oui";"Non";"Non";"Oui";"Non";"Non";"Oui";"Oui";"Oui";"745.04";"247.96";"";"";"";"";"";"";"";"";"";"";"";"";"";"";"169.63";"";"";"";"";"";"";"";"";"";"";"";"";"";"";"";"";"59.92";"";"243.97";"";"";"";"";"";"23.56";""
"437";"2026-03-27 07:32:19";"5";"fr";"309914117";"2026-03-27 07:17:52";"2026-03-27 07:32:19";"43";"Féminin";"2";"Baccalauréat - Bac +2";"7";"Non";"Non";"Non";"Oui";"Non";"3";"10 ans - 8 ans - 8 ans";"Oui";"Non";"Non";"Non";"";"Chutes, brûlure, accident de trampoline, noyade. ";"Non";"5";"Oui";"Non";"Non";"Oui";"Non";"Non";"Non";"";"Electrique";"Liquide chaud";"Plus de 60%";"Accidentelles";"";"Les 0-4 ans";"Les 0-4 ans";"Autant chez les filles/femmes que les garçons/hommes";"La cuisine";"";"Eau chaude, lait chaud, huile";"Oui, et la brûlure est superficielle";"37°C";"Non";"Oui";"Non";"Oui";"Non";"Oui";"La bouche";"Oui";"Non";"Oui";"Non";"Oui";"Oui";"Oui";"Non";"Oui";"Non";"Oui";"Oui";"Oui";"Oui";"Oui";"Oui";"Non";"Oui";"Oui";"Non";"";"5";"Non";"Oui";"Oui";"Non";"Non";"Non";"Oui";"Oui";"Oui";"Non";"Non";"Non";"Non";"Oui";"Oui";"Non";"Non";"Oui";"Non";"Non";"Oui";"Non";"Oui";"Oui";"Non";"Non";"Oui";"Non";"Oui";"869.03";"299.11";"";"";"";"";"";"";"";"";"";"";"";"";"";"";"266.4";"";"";"";"";"";"";"";"";"";"";"";"";"";"";"";"";"91.63";"";"200.51";"";"";"";"";"";"11.38";""
"438";"";"";"fr";"1777269132";"2026-03-27 07:52:02";"2026-03-27 07:52:02";"";"N/A";"";"";"";"N/A";"N/A";"N/A";"N/A";"N/A";"";"";"N/A";"N/A";"N/A";"N/A";"";"";"N/A";"";"N/A";"N/A";"N/A";"N/A";"N/A";"N/A";"N/A";"";"";"";"";"";"";"";"";"";"";"";"";"";"";"N/A";"N/A";"N/A";"N/A";"N/A";"N/A";"";"N/A";"N/A";"N/A";"N/A";"N/A";"N/A";"N/A";"N/A";"N/A";"N/A";"N/A";"N/A";"N/A";"N/A";"N/A";"N/A";"N/A";"N/A";"N/A";"N/A";"";"";"N/A";"N/A";"N/A";"N/A";"N/A";"N/A";"N/A";"N/A";"N/A";"N/A";"N/A";"N/A";"N/A";"N/A";"N/A";"N/A";"N/A";"N/A";"N/A";"N/A";"N/A";"N/A";"N/A";"N/A";"N/A";"N/A";"N/A";"N/A";"N/A";"0";"";"";"";"";"";"";"";"";"";"";"";"";"";"";"";"";"";"";"";"";"";"";"";"";"";"";"";"";"";"";"";"";"";"";"";"";"";"";"";"";"";""
"439";"2026-03-27 08:17:19";"5";"fr";"2139442822";"2026-03-27 08:03:07";"2026-03-27 08:17:19";"35";"Féminin";"2";"≥ Bac + 3";"7";"Non";"Non";"Non";"Oui";"Non";"1";"3 ans";"Oui";"Non";"Non";"Non";"";"Produits menagers
Casserole  de lisuide qui chauffe
Objets courants

";"Non";"5";"Non";"Non";"Non";"Oui";"Non";"Non";"Non";"Ide";"Thermique";"Liquide chaud";"Environ 40%";"Accidentelles";"";"Les 0-4 ans";"Les 0-4 ans";"Autant chez les filles/femmes que les garçons/hommes";"La cuisine";"";"En voulant attraper une casserole avec liquide chaud";"Oui, et la brûlure est superficielle";"35°C";"Oui";"Non";"Oui";"Oui";"Non";"Oui";"Le poignet (côté paume de la main)";"Oui";"Non";"Oui";"Oui";"Oui";"Oui";"Oui";"Non";"Oui";"Oui";"Non";"Oui";"Non";"Oui";"Oui";"Oui";"Oui";"Oui";"Oui";"Non";"";"4";"Non";"Oui";"Non";"Oui";"Non";"Non";"Non";"Oui";"Non";"Oui";"Non";"Non";"Non";"Non";"Non";"Non";"Non";"Non";"Non";"Oui";"Oui";"Non";"Oui";"Non";"Non";"Non";"Non";"Oui";"Oui";"853.68";"217.98";"";"";"";"";"";"";"";"";"";"";"";"";"";"";"298.76";"";"";"";"";"";"";"";"";"";"";"";"";"";"";"";"";"70.82";"";"255.3";"";"";"";"";"";"10.82";""
"440";"2026-03-27 09:11:39";"5";"fr";"1342939728";"2026-03-27 08:59:34";"2026-03-27 09:11:39";"35";"Féminin";"51";"≥ Bac + 3";"9";"Non";"Non";"Non";"Oui";"Non";"2";"6 mois - 4 ans";"Oui";"Non";"Non";"Non";"";"Brûlures 
Morsure par un chien
Chute grave 
Ingestion de produits chimiques 
Noyade ";"Non";"5";"Oui";"Non";"Non";"Non";"Non";"Non";"Non";"Afgsu, formation soignante ";"Thermique";"Liquide chaud";"Environ 40%";"Accidentelles";"";"Les 0-4 ans";"Les 0-4 ans";"Autant chez les filles/femmes que les garçons/hommes";"La cuisine";"";"Une casserole sur le feu avec la poignée qui dépasse et un enfant sans surveillance. Un liquide chaud déposé sur la table. ";"Oui, et la brûlure est grave";"37°C";"Non";"Non";"Oui";"Oui";"Non";"Oui";"Le poignet (côté paume de la main)";"Oui";"Non";"Oui";"Non";"Oui";"Oui";"Oui";"Oui";"Oui";"Oui";"Oui";"Oui";"Non";"Oui";"Oui";"Oui";"Oui";"Oui";"Oui";"Non";"";"5";"Non";"Oui";"Non";"Oui";"Non";"Non";"Oui";"Oui";"Non";"Oui";"Non";"Non";"Non";"Oui";"Oui";"Non";"Oui";"Oui";"Non";"Oui";"Oui";"Non";"Oui";"Oui";"Oui";"Non";"Non";"Non";"Oui";"725.94";"153.37";"";"";"";"";"";"";"";"";"";"";"";"";"";"";"228.31";"";"";"";"";"";"";"";"";"";"";"";"";"";"";"";"";"81.89";"";"254.74";"";"";"";"";"";"7.63";""
"441";"2026-03-27 09:20:11";"5";"fr";"517628243";"2026-03-27 09:05:51";"2026-03-27 09:20:10";"30";"Féminin";"69";"≥ Bac + 3";"8";"Non";"Non";"Oui";"Oui";"Non";"1";"15 mois";"Non";"Oui";"Non";"Non";"";"Chute, noyade, ingestion de produit toxique/corps étranger, brûlure, choc par traumatisme direct (coin de table etc) ";"Non";"2";"Non";"Non";"Non";"Oui";"Non";"Non";"Non";"Les études (médecin généraliste)";"Thermique";"Liquide chaud";"Plus de 60%";"Accidentelles";"";"Les 0-4 ans";"Les 0-4 ans";"Autant chez les filles/femmes que les garçons/hommes";"La cuisine";"";"Tasse/bol d'eau chaude qui tombe, bougie ou autre objets de décoration, électrocution par prise, gaziniere/radiateurs...";"Oui, et la brûlure est superficielle";"37°C";"Non";"Non";"Oui";"Oui";"Non";"Oui";"Le poignet (côté paume de la main)";"Oui";"Non";"Oui";"Non";"Non";"Oui";"Oui";"Oui";"Oui";"Non";"Non";"Oui";"Oui";"Oui";"Oui";"Oui";"Oui";"Oui";"Oui";"Non";"";"4";"Non";"Oui";"Oui";"Non";"Oui";"Non";"Oui";"Oui";"Non";"Oui";"Non";"Non";"Non";"Oui";"Non";"Non";"Non";"Non";"Non";"Oui";"Oui";"Non";"Oui";"Oui";"Non";"Non";"Oui";"Non";"Oui";"861.18";"156.72";"";"";"";"";"";"";"";"";"";"";"";"";"";"";"380.79";"";"";"";"";"";"";"";"";"";"";"";"";"";"";"";"";"96.25";"";"221.43";"";"";"";"";"";"5.99";""
"442";"2026-03-27 09:37:15";"5";"fr";"1762085225";"2026-03-27 09:21:47";"2026-03-27 09:37:15";"30";"Féminin";"2";"≥ Bac + 3";"8";"Non";"Non";"Non";"Non";"Non";"2";"3 ans - 3 mois ";"Oui";"Non";"Non";"Non";"";"Escaliers, brûlure, poêle à bois, prises électriques, produits ménagers, médicaments, chute, noyade dans le bain, étouffement (sac plastique), avaler petites pièces";"Non";"1";"Oui";"Non";"Non";"Non";"Non";"Non";"Non";"";"Thermique";"Liquide chaud";"Plus de 60%";"Accidentelles";"";"Les 0-4 ans";"Les 15-24 ans";"Chez les garçons/hommes";"La cuisine";"";"Eau bouillante ou casserole renversée ";"Oui, et la brûlure est superficielle";"37°C";"Oui";"Non";"Oui";"Oui";"Non";"Oui";"Le poignet (côté paume de la main)";"Oui";"Non";"Non";"Non";"Oui";"Oui";"Non";"Oui";"Oui";"Oui";"Non";"Non";"Oui";"Non";"Oui";"Non";"Non";"Oui";"Oui";"Non";"";"3";"Non";"Non";"Oui";"Non";"Oui";"Non";"Oui";"Non";"Non";"Oui";"Non";"Non";"Non";"Oui";"Oui";"Non";"Non";"Oui";"Oui";"Non";"Oui";"Non";"Oui";"Oui";"Oui";"Non";"Non";"Non";"N/A";"929.24";"258.7";"";"";"";"";"";"";"";"";"";"";"";"";"";"";"237.1";"";"";"";"";"";"";"";"";"";"";"";"";"";"";"";"";"72.92";"";"341.57";"";"";"";"";"";"18.95";""
"443";"";"";"fr";"1693758369";"2026-03-27 09:28:23";"2026-03-27 09:28:23";"";"N/A";"";"";"";"N/A";"N/A";"N/A";"N/A";"N/A";"";"";"N/A";"N/A";"N/A";"N/A";"";"";"N/A";"";"N/A";"N/A";"N/A";"N/A";"N/A";"N/A";"N/A";"";"";"";"";"";"";"";"";"";"";"";"";"";"";"N/A";"N/A";"N/A";"N/A";"N/A";"N/A";"";"N/A";"N/A";"N/A";"N/A";"N/A";"N/A";"N/A";"N/A";"N/A";"N/A";"N/A";"N/A";"N/A";"N/A";"N/A";"N/A";"N/A";"N/A";"N/A";"N/A";"";"";"N/A";"N/A";"N/A";"N/A";"N/A";"N/A";"N/A";"N/A";"N/A";"N/A";"N/A";"N/A";"N/A";"N/A";"N/A";"N/A";"N/A";"N/A";"N/A";"N/A";"N/A";"N/A";"N/A";"N/A";"N/A";"N/A";"N/A";"N/A";"N/A";"0";"";"";"";"";"";"";"";"";"";"";"";"";"";"";"";"";"";"";"";"";"";"";"";"";"";"";"";"";"";"";"";"";"";"";"";"";"";"";"";"";"";""
"444";"2026-03-27 09:42:19";"5";"fr";"1515770248";"2026-03-27 09:31:19";"2026-03-27 09:42:19";"31";"Féminin";"69";"≥ Bac + 3";"8";"Non";"Non";"Non";"Non";"Non";"1";"17 mois";"Non";"Oui";"Non";"Non";"";"Prises électriques 
Produits ménager
Brûlures / plaque de cuisson / eau bouillante
Coin de table 
";"Non";"2";"Oui";"Non";"Oui";"Non";"Non";"Non";"Non";"";"Par rayonnement d'une grande source de chaleur";"Liquide chaud";"Environ 40%";"Accidentelles";"";"";"";"Autant chez les filles/femmes que les garçons/hommes";"La cuisine";"";"Manque de vigilance 
Manque de sécurité";"Oui, et la brûlure est superficielle";"37°C";"Non";"Non";"Oui";"Oui";"Non";"Non";"Le coude";"Oui";"Non";"Oui";"Non";"Oui";"Non";"Oui";"Non";"Oui";"Oui";"Non";"Oui";"Oui";"Oui";"Oui";"Oui";"Oui";"Oui";"Oui";"Non";"";"3";"Non";"Non";"Oui";"Non";"Non";"Non";"Oui";"Non";"Non";"Oui";"Non";"Non";"Non";"Non";"Oui";"Non";"Non";"Non";"Non";"Oui";"Oui";"Non";"Oui";"Oui";"Non";"Non";"Oui";"Oui";"Oui";"661.12";"219.53";"";"";"";"";"";"";"";"";"";"";"";"";"";"";"202.52";"";"";"";"";"";"";"";"";"";"";"";"";"";"";"";"";"110.67";"";"120.17";"";"";"";"";"";"8.23";""
"445";"2026-03-27 10:12:33";"5";"fr";"1344019751";"2026-03-27 10:05:47";"2026-03-27 10:12:33";"31";"Masculin";"26";"≥ Bac + 3";"7";"Non";"Non";"Non";"Non";"Non";"1";"11 mois";"Oui";"Non";"Non";"Non";"";"Chute
Brûlure
Noyade
Electrocution ";"Non";"2";"Non";"Non";"Non";"Oui";"Non";"Non";"Non";"";"Thermique";"Liquide chaud";"Plus de 60%";"Accidentelles";"";"Les 0-4 ans";"Les 0-4 ans";"Autant chez les filles/femmes que les garçons/hommes";"La cuisine";"";"Ouverture robinet eau chaude
Plats chaud ";"Oui, et la brûlure est grave";"33°C";"Oui";"Non";"Non";"Oui";"Non";"Oui";"Le dos de la main";"Oui";"Non";"Oui";"Non";"Non";"Non";"Oui";"Non";"Non";"Non";"Non";"Non";"Non";"Non";"Non";"Non";"Non";"Non";"Non";"Non";"";"3";"Non";"Non";"Oui";"Non";"Non";"Non";"Non";"Non";"Non";"Oui";"Non";"Non";"Non";"Non";"Non";"Non";"Non";"Non";"Non";"Non";"Oui";"Non";"Non";"Non";"Oui";"Non";"Oui";"Non";"Oui";"406.73";"125.08";"";"";"";"";"";"";"";"";"";"";"";"";"";"";"138.92";"";"";"";"";"";"";"";"";"";"";"";"";"";"";"";"";"36.53";"";"100.19";"";"";"";"";"";"6.01";""
"446";"2026-03-27 22:09:43";"5";"fr";"329169382";"2026-03-27 21:51:54";"2026-03-27 22:09:43";"41";"Masculin";"38";"Inférieur au baccalauréat";"6";"Non";"Oui";"Non";"Non";"Non";"2";"7 ans - 7 mois";"Oui";"Non";"Non";"Non";"";"Aucun";"Non";"3";"Non";"Non";"Non";"Oui";"Non";"Non";"Non";"";"Par rayonnement d'une grande source de chaleur";"Liquide chaud";"Plus de 60%";"Accidentelles";"";"Les 0-4 ans";"Les 0-4 ans";"Autant chez les filles/femmes que les garçons/hommes";"La cuisine";"";"Casserole eau chose, friteuse, four";"Oui, et la brûlure est grave";"33°C";"Non";"Non";"Oui";"Oui";"Non";"Oui";"Le poignet (côté paume de la main)";"Oui";"Oui";"Oui";"Non";"Oui";"Oui";"Oui";"Non";"Non";"Oui";"Oui";"Oui";"Oui";"Oui";"Oui";"Oui";"Oui";"Oui";"Oui";"Non";"";"3";"Non";"Non";"Non";"Oui";"Oui";"Non";"Oui";"Oui";"Non";"Oui";"Non";"Non";"Non";"Non";"Oui";"Non";"Non";"Oui";"Non";"Oui";"Oui";"Non";"Oui";"Oui";"Non";"Non";"Oui";"Oui";"Oui";"1070.09";"164.13";"";"";"";"";"";"";"";"";"";"";"";"";"";"";"630.86";"";"";"";"";"";"";"";"";"";"";"";"";"";"";"";"";"60.29";"";"207.72";"";"";"";"";"";"7.09";""
"447";"";"";"fr";"553474221";"2026-03-31 10:09:43";"2026-03-31 10:09:43";"";"N/A";"";"";"";"N/A";"N/A";"N/A";"N/A";"N/A";"";"";"N/A";"N/A";"N/A";"N/A";"";"";"N/A";"";"N/A";"N/A";"N/A";"N/A";"N/A";"N/A";"N/A";"";"";"";"";"";"";"";"";"";"";"";"";"";"";"N/A";"N/A";"N/A";"N/A";"N/A";"N/A";"";"N/A";"N/A";"N/A";"N/A";"N/A";"N/A";"N/A";"N/A";"N/A";"N/A";"N/A";"N/A";"N/A";"N/A";"N/A";"N/A";"N/A";"N/A";"N/A";"N/A";"";"";"N/A";"N/A";"N/A";"N/A";"N/A";"N/A";"N/A";"N/A";"N/A";"N/A";"N/A";"N/A";"N/A";"N/A";"N/A";"N/A";"N/A";"N/A";"N/A";"N/A";"N/A";"N/A";"N/A";"N/A";"N/A";"N/A";"N/A";"N/A";"N/A";"0";"";"";"";"";"";"";"";"";"";"";"";"";"";"";"";"";"";"";"";"";"";"";"";"";"";"";"";"";"";"";"";"";"";"";"";"";"";"";"";"";"";""
"448";"";"";"fr";"1822970121";"2026-04-01 10:57:34";"2026-04-01 10:57:34";"";"N/A";"";"";"";"N/A";"N/A";"N/A";"N/A";"N/A";"";"";"N/A";"N/A";"N/A";"N/A";"";"";"N/A";"";"N/A";"N/A";"N/A";"N/A";"N/A";"N/A";"N/A";"";"";"";"";"";"";"";"";"";"";"";"";"";"";"N/A";"N/A";"N/A";"N/A";"N/A";"N/A";"";"N/A";"N/A";"N/A";"N/A";"N/A";"N/A";"N/A";"N/A";"N/A";"N/A";"N/A";"N/A";"N/A";"N/A";"N/A";"N/A";"N/A";"N/A";"N/A";"N/A";"";"";"N/A";"N/A";"N/A";"N/A";"N/A";"N/A";"N/A";"N/A";"N/A";"N/A";"N/A";"N/A";"N/A";"N/A";"N/A";"N/A";"N/A";"N/A";"N/A";"N/A";"N/A";"N/A";"N/A";"N/A";"N/A";"N/A";"N/A";"N/A";"N/A";"0";"";"";"";"";"";"";"";"";"";"";"";"";"";"";"";"";"";"";"";"";"";"";"";"";"";"";"";"";"";"";"";"";"";"";"";"";"";"";"";"";"";""
"449";"2026-04-01 13:18:53";"5";"fr";"317516180";"2026-04-01 11:13:23";"2026-04-01 13:18:53";"39";"Féminin";"56";"≥ Bac + 3";"7";"Non";"Non";"Oui";"Non";"Non";"3";"24 mois - 8 ans - 14 ans";"Oui";"Non";"Non";"Non";"";"chute, brûlure, intoxication, étouffement ";"Non";"4";"Non";"Non";"Non";"Oui";"Non";"Non";"Non";"Formation accidents domestiques proposée par les pompiers ";"Thermique";"Liquide chaud";"Environ 40%";"Accidentelles";"";"Les 0-4 ans";"Les 0-4 ans";"Autant chez les filles/femmes que les garçons/hommes";"La cuisine";"";"boisson ou nourriture, eau du bain, proximité plaque de cuisson / queue de casserole, prise électrique, fer à repasser, brûlure interne avec produit chimique";"Oui, et la brûlure est grave";"37°C";"Oui";"Oui";"Oui";"Oui";"Non";"Oui";"Le coude";"Oui";"Oui";"Oui";"Non";"Oui";"Oui";"Oui";"Oui";"Oui";"Oui";"Oui";"Oui";"Oui";"Oui";"Oui";"Oui";"Non";"Oui";"Oui";"Non";"";"3";"Non";"Oui";"Non";"Oui";"Non";"Non";"Oui";"Oui";"Non";"Oui";"Non";"Non";"Non";"Oui";"Oui";"Non";"Non";"Non";"Non";"Oui";"Oui";"Non";"Oui";"Non";"Oui";"Non";"Oui";"Oui";"Oui";"1222.16";"257.8";"";"";"";"";"";"";"";"";"";"";"";"";"";"";"633.23";"";"";"";"";"";"";"";"";"";"";"";"";"";"";"";"";"56.74";"";"269.65";"";"";"";"";"";"4.74";""
"450";"";"1";"fr";"219782103";"2026-04-03 12:52:58";"2026-04-03 12:57:31";"54";"Masculin";"78";"≥ Bac + 3";"6";"Non";"Non";"Oui";"Non";"Oui";"3";"12, 9, 3";"Oui";"Non";"Non";"Non";"";"Brûlures, chutes, electrocutions, intoxications, traumatismesetc";"N/A";"";"N/A";"N/A";"N/A";"N/A";"N/A";"N/A";"N/A";"";"";"";"";"";"";"";"";"";"";"";"";"";"";"N/A";"N/A";"N/A";"N/A";"N/A";"N/A";"";"N/A";"N/A";"N/A";"N/A";"N/A";"N/A";"N/A";"N/A";"N/A";"N/A";"N/A";"N/A";"N/A";"N/A";"N/A";"N/A";"N/A";"N/A";"N/A";"N/A";"";"";"N/A";"N/A";"N/A";"N/A";"N/A";"N/A";"N/A";"N/A";"N/A";"N/A";"N/A";"N/A";"N/A";"N/A";"N/A";"N/A";"N/A";"N/A";"N/A";"N/A";"N/A";"N/A";"N/A";"N/A";"N/A";"N/A";"N/A";"N/A";"N/A";"273.23";"273.23";"";"";"";"";"";"";"";"";"";"";"";"";"";"";"";"";"";"";"";"";"";"";"";"";"";"";"";"";"";"";"";"";"";"";"";"";"";"";"";"";""
"451";"";"1";"fr";"1727405824";"2026-04-03 15:08:15";"2026-04-03 15:13:30";"26";"Féminin";"78";"≥ Bac + 3";"8";"Non";"Non";"Non";"Non";"Non";"1";"1-an";"Oui";"Non";"Oui";"Non";"";"Brûlures ";"N/A";"";"N/A";"N/A";"N/A";"N/A";"N/A";"N/A";"N/A";"";"";"";"";"";"";"";"";"";"";"";"";"";"";"N/A";"N/A";"N/A";"N/A";"N/A";"N/A";"";"N/A";"N/A";"N/A";"N/A";"N/A";"N/A";"N/A";"N/A";"N/A";"N/A";"N/A";"N/A";"N/A";"N/A";"N/A";"N/A";"N/A";"N/A";"N/A";"N/A";"";"";"N/A";"N/A";"N/A";"N/A";"N/A";"N/A";"N/A";"N/A";"N/A";"N/A";"N/A";"N/A";"N/A";"N/A";"N/A";"N/A";"N/A";"N/A";"N/A";"N/A";"N/A";"N/A";"N/A";"N/A";"N/A";"N/A";"N/A";"N/A";"N/A";"315.25";"315.25";"";"";"";"";"";"";"";"";"";"";"";"";"";"";"";"";"";"";"";"";"";"";"";"";"";"";"";"";"";"";"";"";"";"";"";"";"";"";"";"";""
"452";"2026-04-07 09:26:05";"5";"fr";"680229319";"2026-04-07 09:11:15";"2026-04-07 09:26:05";"38";"Masculin";"56";"≥ Bac + 3";"7";"Non";"Non";"Non";"Non";"Non";"3";"4 ans - 9 ans - 11 ans";"Oui";"Non";"Non";"Non";"";"Chute/ empoisonnement / coupure / électrisation/  étouffement";"Non";"3";"Non";"Non";"Non";"Oui";"Non";"Non";"Non";"";"Par frottement";"Liquide chaud";"Plus de 60%";"Accidentelles";"";"Les 0-4 ans";"Les 0-4 ans";"Autant chez les filles/femmes que les garçons/hommes";"La cuisine";"";"Poele/insert/casserole/biberon
/aliment";"Oui, et la brûlure est superficielle";"37°C";"Non";"Non";"Oui";"Oui";"Oui";"Non";"Le poignet (côté paume de la main)";"Oui";"Oui";"Oui";"Non";"Oui";"Oui";"Non";"Non";"Non";"Non";"Non";"Oui";"Non";"Non";"Oui";"Non";"Non";"Oui";"Oui";"Non";"";"3";"Non";"Oui";"Oui";"Non";"Non";"Non";"Oui";"Oui";"Oui";"Non";"Non";"Non";"Non";"Non";"Oui";"Non";"Non";"Non";"Non";"Oui";"Oui";"Non";"Oui";"Oui";"Non";"Non";"Oui";"Non";"N/A";"890.29";"171.1";"";"";"";"";"";"";"";"";"";"";"";"";"";"";"381.32";"";"";"";"";"";"";"";"";"";"";"";"";"";"";"";"";"67.9";"";"263.31";"";"";"";"";"";"6.66";""
"453";"2026-04-07 12:32:03";"5";"fr";"530028739";"2026-04-07 11:25:14";"2026-04-07 12:32:03";"41";"Féminin";"92";"≥ Bac + 3";"8";"Oui";"Non";"Oui";"Non";"Non";"1";"4 ans";"Oui";"Oui";"Non";"Non";"";"Brûlures, chutes, coupures, poisons";"Non";"3";"Non";"Non";"Non";"Oui";"Non";"Non";"Non";"";"Thermique";"Solide chaud";"Plus de 60%";"Accidentelles";"";"Les 0-4 ans";"Les 0-4 ans";"Autant chez les filles/femmes que les garçons/hommes";"La cuisine";"";"Plats en cuisson ou tout juste cuits, liquides chauds (thé, café), l'eau chaude du robinet, sèche-linge";"Oui, et la brûlure est grave";"37°C";"Oui";"Oui";"Oui";"Oui";"Non";"Oui";"Le poignet (côté paume de la main)";"Oui";"Non";"Non";"Non";"Oui";"Oui";"Oui";"Non";"Non";"Non";"Oui";"Oui";"Non";"Oui";"Non";"Oui";"Non";"Oui";"Oui";"Non";"";"4";"Non";"Non";"Oui";"Non";"Non";"Non";"Oui";"Oui";"Oui";"Non";"Non";"Non";"Non";"Oui";"Oui";"Non";"Non";"Oui";"Non";"Non";"Oui";"Non";"Oui";"Oui";"Oui";"Non";"Oui";"Oui";"Oui";"693.47";"109.15";"";"";"";"";"";"";"";"";"";"";"";"";"";"";"297.83";"";"";"";"";"";"";"";"";"";"";"";"";"";"";"";"";"49.09";"";"226.7";"";"";"";"";"";"10.7";""
"454";"2026-04-09 10:33:29";"5";"fr";"1478678826";"2026-04-09 10:02:24";"2026-04-09 10:33:29";"33";"Féminin";"73";"≥ Bac + 3";"6";"Non";"Non";"Non";"Oui";"Non";"2";"4ans - 9ans";"Oui";"Non";"Non";"Non";"";"Brûlures, chutes, ingestion de produits ou objets, noyades, …";"Non";"5";"Non";"Non";"Non";"Oui";"Non";"Non";"Non";"Manque d’information destiné aux parents de façon globale";"Thermique";"Liquide chaud";"Environ 40%";"Accidentelles";"";"Les 0-4 ans";"Les 0-4 ans";"Autant chez les filles/femmes que les garçons/hommes";"La cuisine";"";"Aliments et liquides en cuisson, cheminée, appareils électriques (crêpière, appareil à raclette), boisson chaude (café, thé), bain chaud, fer a repassé.";"Oui, et la brûlure est superficielle";"35°C";"Non";"Non";"Non";"Oui";"Non";"Non";"Le poignet (côté paume de la main)";"Non";"Oui";"Oui";"Non";"Oui";"Oui";"Non";"Non";"Non";"Non";"Non";"Oui";"Non";"Oui";"Non";"Oui";"Oui";"Oui";"Oui";"Non";"";"5";"Non";"Oui";"Oui";"Non";"Oui";"Non";"Non";"Oui";"Non";"Oui";"Non";"Non";"Non";"Oui";"Non";"Non";"Non";"Oui";"Non";"Non";"Oui";"Non";"Oui";"Oui";"Non";"Non";"Oui";"Non";"Oui";"1725.44";"533.57";"";"";"";"";"";"";"";"";"";"";"";"";"";"";"664.33";"";"";"";"";"";"";"";"";"";"";"";"";"";"";"";"";"261.52";"";"255.68";"";"";"";"";"";"10.34";""
"455";"";"";"fr";"849773145";"2026-04-09 12:20:35";"2026-04-09 12:20:35";"";"N/A";"";"";"";"N/A";"N/A";"N/A";"N/A";"N/A";"";"";"N/A";"N/A";"N/A";"N/A";"";"";"N/A";"";"N/A";"N/A";"N/A";"N/A";"N/A";"N/A";"N/A";"";"";"";"";"";"";"";"";"";"";"";"";"";"";"N/A";"N/A";"N/A";"N/A";"N/A";"N/A";"";"N/A";"N/A";"N/A";"N/A";"N/A";"N/A";"N/A";"N/A";"N/A";"N/A";"N/A";"N/A";"N/A";"N/A";"N/A";"N/A";"N/A";"N/A";"N/A";"N/A";"";"";"N/A";"N/A";"N/A";"N/A";"N/A";"N/A";"N/A";"N/A";"N/A";"N/A";"N/A";"N/A";"N/A";"N/A";"N/A";"N/A";"N/A";"N/A";"N/A";"N/A";"N/A";"N/A";"N/A";"N/A";"N/A";"N/A";"N/A";"N/A";"N/A";"0";"";"";"";"";"";"";"";"";"";"";"";"";"";"";"";"";"";"";"";"";"";"";"";"";"";"";"";"";"";"";"";"";"";"";"";"";"";"";"";"";"";""
"456";"2026-04-10 16:50:00";"5";"fr";"691548158";"2026-04-10 16:22:30";"2026-04-10 16:50:00";"36";"Masculin";"38";"Inférieur au baccalauréat";"5";"Oui";"Non";"Non";"Non";"Non";"3";"10ans 8ans 3 ans";"Oui";"Oui";"Non";"Oui";"";"Chute
Électrocution 
Empoisonnement 
Ingérer des produits dangereux 
Noyade( bain)
Coupure avec couteau verre cassé ou boîte de conserve
Chute d'objet meuble etc...";"Non";"5";"Non";"Non";"Non";"Oui";"Non";"Non";"Non";"accident familiale ";"Thermique";"Liquide chaud";"Environ 40%";"Accidentelles";"";"Les 0-4 ans";"Les 0-4 ans";"Autant chez les filles/femmes que les garçons/hommes";"La cuisine";"";"En voulant prendre quelque chose sur le feu par curiosité ";"Oui, et la brûlure est superficielle";"35°C";"Non";"Non";"Oui";"Oui";"Non";"Oui";"Le poignet (côté dos de la main)";"Oui";"Oui";"Oui";"Oui";"Oui";"Oui";"Oui";"Non";"Oui";"Non";"Oui";"Oui";"Oui";"Oui";"Oui";"Oui";"Oui";"Oui";"Oui";"Non";"";"3";"Non";"Oui";"Oui";"Non";"Non";"Non";"Oui";"Oui";"Non";"Non";"Non";"Non";"Non";"Oui";"Oui";"Non";"Non";"Non";"Non";"Oui";"Oui";"Non";"Oui";"Non";"Non";"Non";"Non";"Oui";"N/A";"1651.36";"440.75";"";"";"";"";"";"";"";"";"";"";"";"";"";"";"464.18";"";"";"";"";"";"";"";"";"";"";"";"";"";"";"";"";"179.27";"";"552.76";"";"";"";"";"";"14.4";""
"457";"";"";"fr";"1177086880";"2026-04-13 15:54:45";"2026-04-13 15:54:45";"";"N/A";"";"";"";"N/A";"N/A";"N/A";"N/A";"N/A";"";"";"N/A";"N/A";"N/A";"N/A";"";"";"N/A";"";"N/A";"N/A";"N/A";"N/A";"N/A";"N/A";"N/A";"";"";"";"";"";"";"";"";"";"";"";"";"";"";"N/A";"N/A";"N/A";"N/A";"N/A";"N/A";"";"N/A";"N/A";"N/A";"N/A";"N/A";"N/A";"N/A";"N/A";"N/A";"N/A";"N/A";"N/A";"N/A";"N/A";"N/A";"N/A";"N/A";"N/A";"N/A";"N/A";"";"";"N/A";"N/A";"N/A";"N/A";"N/A";"N/A";"N/A";"N/A";"N/A";"N/A";"N/A";"N/A";"N/A";"N/A";"N/A";"N/A";"N/A";"N/A";"N/A";"N/A";"N/A";"N/A";"N/A";"N/A";"N/A";"N/A";"N/A";"N/A";"N/A";"0";"";"";"";"";"";"";"";"";"";"";"";"";"";"";"";"";"";"";"";"";"";"";"";"";"";"";"";"";"";"";"";"";"";"";"";"";"";"";"";"";"";""
"458";"2026-04-14 10:37:01";"5";"fr";"317009344";"2026-04-14 10:22:00";"2026-04-14 10:37:01";"30";"Masculin";"33";"≥ Bac + 3";"6";"Non";"Non";"Non";"Oui";"Non";"1";"2 ans";"Oui";"Non";"Non";"Non";"";"Chutes
Brulures
Noyade
Electrisation
Intoxication";"Non";"5";"Non";"Non";"Oui";"Oui";"Non";"Non";"Non";"";"Thermique";"Solide chaud";"Plus de 60%";"Accidentelles";"";"Les 5-14 ans";"Les 0-4 ans";"Autant chez les filles/femmes que les garçons/hommes";"La cuisine";"";"Toucher ou renverser";"Oui, et la brûlure est grave";"37°C";"Non";"Non";"Non";"Oui";"Non";"Oui";"Le poignet (côté paume de la main)";"Oui";"Non";"Oui";"Non";"Oui";"Non";"Oui";"Non";"Oui";"Non";"Non";"Oui";"Oui";"Oui";"Oui";"Oui";"Oui";"Oui";"Oui";"Non";"";"4";"Non";"Non";"Oui";"Non";"Non";"Non";"Oui";"Oui";"Oui";"Non";"Non";"Non";"Non";"Oui";"Oui";"Non";"Non";"Oui";"Non";"Non";"Oui";"Non";"Oui";"Non";"Oui";"Non";"Oui";"Non";"Oui";"901.8";"219.75";"";"";"";"";"";"";"";"";"";"";"";"";"";"";"302.5";"";"";"";"";"";"";"";"";"";"";"";"";"";"";"";"";"95.22";"";"275.47";"";"";"";"";"";"8.86";""
"459";"2026-04-14 22:10:04";"5";"fr";"149899391";"2026-04-14 21:12:29";"2026-04-14 22:10:03";"38";"Féminin";"92";"≥ Bac + 3";"8";"Non";"Non";"Non";"Non";"Non";"2";"3 ans - 7 ans";"Oui";"Non";"Non";"Non";"";"Mettre une bille dans le nez ";"Non";"4";"Oui";"Non";"Non";"Non";"Non";"Non";"Non";"Internet";"Par rayonnement d'une grande source de chaleur";"Liquide chaud";"Environ 40%";"Accidentelles";"";"Les 0-4 ans";"";"Chez les filles/femmes";"La cuisine";"";"Four, cuisinière, produit chimique ";"Oui, et la brûlure est grave";"37°C";"Non";"Non";"Oui";"Oui";"Non";"Oui";"Le dos de la main";"Oui";"Non";"Oui";"Non";"Oui";"Oui";"Oui";"Oui";"Oui";"Oui";"Oui";"Oui";"Oui";"Oui";"Oui";"Oui";"Non";"Oui";"Oui";"Non";"";"4";"Non";"Oui";"Oui";"Non";"Oui";"Non";"Non";"Oui";"Non";"Oui";"Non";"Non";"Oui";"Oui";"Non";"Non";"Non";"Non";"Non";"Non";"Oui";"Non";"Non";"Oui";"Non";"Non";"Oui";"Oui";"Oui";"3456.46";"1346.71";"";"";"";"";"";"";"";"";"";"";"";"";"";"";"1405.47";"";"";"";"";"";"";"";"";"";"";"";"";"";"";"";"";"108.7";"";"558.6";"";"";"";"";"";"36.98";""
"460";"2026-04-15 09:39:28";"5";"fr";"1970080606";"2026-04-15 09:20:32";"2026-04-15 09:39:28";"32";"Masculin";"38";"≥ Bac + 3";"9";"Non";"Non";"Non";"Oui";"Non";"2";"6 mois - 2 ans";"Oui";"Non";"Non";"Non";"";"Inhalation corps étrangers 
Brûlures 
Chutes
";"Non";"4";"Oui";"Non";"Non";"Non";"Non";"Non";"Non";"";"Thermique";"Liquide chaud";"Plus de 60%";"Accidentelles";"";"Les 0-4 ans";"Les 0-4 ans";"Autant chez les filles/femmes que les garçons/hommes";"La cuisine";"";"Eau du bain
Eau de cuisine (casserole, bouilloire)
Café/thé";"Oui, et la brûlure est superficielle";"37°C";"Non";"Non";"Oui";"Oui";"Non";"Oui";"Le poignet (côté dos de la main)";"Oui";"Oui";"Non";"Non";"Oui";"Oui";"Oui";"Non";"Oui";"Oui";"Oui";"Oui";"Oui";"Oui";"Non";"Oui";"Oui";"Non";"Oui";"Non";"";"3";"Non";"Oui";"Oui";"Non";"Oui";"Non";"Oui";"Oui";"Oui";"Non";"Non";"Non";"Non";"Oui";"Oui";"Non";"Non";"Non";"Non";"Oui";"Oui";"Non";"Oui";"Oui";"Non";"Non";"Oui";"Non";"Non";"1136.17";"108.97";"";"";"";"";"";"";"";"";"";"";"";"";"";"";"195.93";"";"";"";"";"";"";"";"";"";"";"";"";"";"";"";"";"68.2";"";"755.47";"";"";"";"";"";"7.6";""
"461";"";"1";"fr";"1175707623";"2026-04-16 08:47:51";"2026-04-16 08:50:00";"26";"Féminin";"74";"≥ Bac + 3";"6";"Non";"Non";"Non";"Non";"Non";"2";"3 ans - 14 mois";"Oui";"Non";"Non";"Non";"";"Brûlures 
Étouffement (pile / petits objets)
Coupure 
Produits ménagers etc";"N/A";"";"N/A";"N/A";"N/A";"N/A";"N/A";"N/A";"N/A";"";"";"";"";"";"";"";"";"";"";"";"";"";"";"N/A";"N/A";"N/A";"N/A";"N/A";"N/A";"";"N/A";"N/A";"N/A";"N/A";"N/A";"N/A";"N/A";"N/A";"N/A";"N/A";"N/A";"N/A";"N/A";"N/A";"N/A";"N/A";"N/A";"N/A";"N/A";"N/A";"";"";"N/A";"N/A";"N/A";"N/A";"N/A";"N/A";"N/A";"N/A";"N/A";"N/A";"N/A";"N/A";"N/A";"N/A";"N/A";"N/A";"N/A";"N/A";"N/A";"N/A";"N/A";"N/A";"N/A";"N/A";"N/A";"N/A";"N/A";"N/A";"N/A";"128.38";"128.38";"";"";"";"";"";"";"";"";"";"";"";"";"";"";"";"";"";"";"";"";"";"";"";"";"";"";"";"";"";"";"";"";"";"";"";"";"";"";"";"";""
"462";"2026-04-16 10:28:59";"5";"fr";"451473884";"2026-04-16 10:08:04";"2026-04-16 10:28:59";"37";"Féminin";"78";"≥ Bac + 3";"7";"Non";"Non";"Oui";"Oui";"Non";"3";"9ans - 9ans - 3ans ";"Non";"Oui";"Non";"Non";"";"Brûlure, ingestion de produits toxique( produits détergent, produits beauté, antiseptique) ou médicamenteuse, coupure, chute (dans les escaliers ou table à langer, lit), étouffement.";"Non";"4";"Non";"Non";"Non";"Oui";"Non";"Non";"Non";"Métier ( infirmière et pompier), émission tv";"Thermique";"Liquide chaud";"Plus de 60%";"Accidentelles";"";"Les 0-4 ans";"Les 0-4 ans";"Autant chez les filles/femmes que les garçons/hommes";"La cuisine";"";" Casseroles d'eau de cuisson, tasse café/thé chaud,  four, plat tout juste sorti du four, grille pain.";"Oui, et la brûlure est superficielle";"37°C";"Oui";"Non";"Oui";"Oui";"Non";"Oui";"La bouche";"Oui";"Non";"Oui";"Non";"Oui";"Oui";"Oui";"Oui";"Oui";"Non";"Non";"Oui";"Non";"Oui";"Oui";"Oui";"Oui";"Oui";"Oui";"Non";"";"4";"Non";"Non";"Non";"Oui";"Non";"Non";"Oui";"Oui";"Non";"Oui";"Non";"Non";"Non";"Non";"Oui";"Non";"Non";"Oui";"Non";"Non";"Oui";"Non";"Non";"Oui";"Non";"Non";"Oui";"Oui";"N/A";"1255.85";"316.13";"";"";"";"";"";"";"";"";"";"";"";"";"";"";"429.29";"";"";"";"";"";"";"";"";"";"";"";"";"";"";"";"";"127.51";"";"373.91";"";"";"";"";"";"9.01";""
"463";"2026-04-17 10:58:10";"5";"fr";"1066713988";"2026-04-17 10:43:13";"2026-04-17 10:58:10";"33";"Masculin";"92";"≥ Bac + 3";"5";"Non";"Non";"Non";"Oui";"Non";"1";"9 jours";"Non";"Non";"Non";"Non";"Sage femme";"Chute ou se cogner ";"Non";"0";"Oui";"Non";"Non";"Non";"Non";"Non";"Non";"";"Par frottement";"Liquide chaud";"Moins de 10%";"Accidentelles";"";"Les 5-14 ans";"Les 0-4 ans";"Chez les garçons/hommes";"La salle de bain";"";"Lait trop chaud ou bain trop chaud";"Oui, et la brûlure est superficielle";"37°C";"Non";"Non";"Oui";"Oui";"Non";"Oui";"Le poignet (côté paume de la main)";"Oui";"Non";"Oui";"Non";"Non";"Oui";"Oui";"Oui";"Oui";"Non";"Oui";"Oui";"Non";"Oui";"Oui";"Non";"Non";"Non";"Oui";"Non";"";"1";"Non";"Non";"Non";"Oui";"Oui";"Non";"Non";"Non";"Non";"Oui";"Non";"Non";"Non";"Oui";"Oui";"Non";"Non";"Oui";"Non";"Oui";"Oui";"Non";"Oui";"Oui";"Oui";"Non";"Oui";"Oui";"Oui";"897.34";"321.57";"";"";"";"";"";"";"";"";"";"";"";"";"";"";"326.63";"";"";"";"";"";"";"";"";"";"";"";"";"";"";"";"";"76.81";"";"161.09";"";"";"";"";"";"11.24";""
"464";"";"";"fr";"568005010";"2026-04-20 15:14:08";"2026-04-20 15:14:08";"";"N/A";"";"";"";"N/A";"N/A";"N/A";"N/A";"N/A";"";"";"N/A";"N/A";"N/A";"N/A";"";"";"N/A";"";"N/A";"N/A";"N/A";"N/A";"N/A";"N/A";"N/A";"";"";"";"";"";"";"";"";"";"";"";"";"";"";"N/A";"N/A";"N/A";"N/A";"N/A";"N/A";"";"N/A";"N/A";"N/A";"N/A";"N/A";"N/A";"N/A";"N/A";"N/A";"N/A";"N/A";"N/A";"N/A";"N/A";"N/A";"N/A";"N/A";"N/A";"N/A";"N/A";"";"";"N/A";"N/A";"N/A";"N/A";"N/A";"N/A";"N/A";"N/A";"N/A";"N/A";"N/A";"N/A";"N/A";"N/A";"N/A";"N/A";"N/A";"N/A";"N/A";"N/A";"N/A";"N/A";"N/A";"N/A";"N/A";"N/A";"N/A";"N/A";"N/A";"0";"";"";"";"";"";"";"";"";"";"";"";"";"";"";"";"";"";"";"";"";"";"";"";"";"";"";"";"";"";"";"";"";"";"";"";"";"";"";"";"";"";""
"465";"2026-04-22 13:28:03";"5";"fr";"1767063752";"2026-04-22 13:19:21";"2026-04-22 13:28:03";"37";"Féminin";"92";"≥ Bac + 3";"8";"Non";"Non";"Non";"Non";"Non";"3";"6 - 4 - 4";"Oui";"Non";"Non";"Non";"";"Les brûlures - les chutes - les intoxications ";"Oui";"1";"Non";"Non";"Oui";"Non";"Non";"Non";"Non";"";"Par rayonnement d'une grande source de chaleur";"Liquide chaud";"Plus de 60%";"Accidentelles";"";"Les 0-4 ans";"Les 0-4 ans";"Autant chez les filles/femmes que les garçons/hommes";"La cuisine";"";"Une chute d’eau bouillante ";"Oui, et la brûlure est grave";"37°C";"Non";"Non";"Non";"Non";"Non";"Oui";"Le poignet (côté paume de la main)";"Non";"Non";"Non";"Non";"Oui";"Oui";"Non";"Non";"Non";"Non";"Oui";"Non";"Non";"Non";"Non";"Non";"Non";"Non";"Non";"Non";"";"0";"Non";"Oui";"Oui";"Non";"Non";"Non";"Oui";"Oui";"Non";"Non";"Non";"Non";"Non";"Non";"Oui";"Non";"Non";"Non";"Non";"Non";"Oui";"Non";"Oui";"Non";"Non";"Non";"Oui";"Non";"Oui";"519.98";"132.06";"";"";"";"";"";"";"";"";"";"";"";"";"";"";"206.92";"";"";"";"";"";"";"";"";"";"";"";"";"";"";"";"";"45.87";"";"128.75";"";"";"";"";"";"6.38";""
"466";"";"0";"fr";"1996946996";"2026-04-22 14:27:58";"2026-04-22 14:29:51";"";"N/A";"";"";"";"N/A";"N/A";"N/A";"N/A";"N/A";"";"";"Non";"Non";"Non";"Non";"";"";"N/A";"";"N/A";"N/A";"N/A";"N/A";"N/A";"N/A";"N/A";"";"";"";"";"";"";"";"";"";"";"";"";"";"";"N/A";"N/A";"N/A";"N/A";"N/A";"N/A";"";"N/A";"N/A";"N/A";"N/A";"N/A";"N/A";"N/A";"N/A";"N/A";"N/A";"N/A";"N/A";"N/A";"N/A";"N/A";"N/A";"N/A";"N/A";"N/A";"N/A";"";"";"N/A";"N/A";"N/A";"N/A";"N/A";"N/A";"N/A";"N/A";"N/A";"N/A";"N/A";"N/A";"N/A";"N/A";"N/A";"N/A";"N/A";"N/A";"N/A";"N/A";"N/A";"N/A";"N/A";"N/A";"N/A";"N/A";"N/A";"N/A";"N/A";"113.94";"113.94";"";"";"";"";"";"";"";"";"";"";"";"";"";"";"";"";"";"";"";"";"";"";"";"";"";"";"";"";"";"";"";"";"";"";"";"";"";"";"";"";""
"467";"2026-04-22 21:31:36";"5";"fr";"1432516739";"2026-04-22 21:20:17";"2026-04-22 21:31:36";"42";"Féminin";"83";"≥ Bac + 3";"7";"Non";"Non";"Non";"Non";"Non";"3";"12 - 8 - 3 ans";"Oui";"Non";"Non";"Non";"";"Brûlure
Chute
Étouffement";"Non";"4";"Non";"Non";"Non";"Oui";"Non";"Non";"Non";"";"Thermique";"Liquide chaud";"Plus de 60%";"Accidentelles";"";"Les 0-4 ans";"";"Autant chez les filles/femmes que les garçons/hommes";"La cuisine";"";"Casserole chaude
Four";"Oui, et la brûlure est superficielle";"33°C";"Non";"Non";"Oui";"Oui";"Non";"Oui";"Le poignet (côté paume de la main)";"Oui";"Non";"Non";"Non";"Oui";"Oui";"Non";"Non";"Non";"Non";"Non";"Non";"Non";"Non";"Non";"Non";"Non";"Oui";"Non";"Non";"";"3";"Non";"Non";"Oui";"Non";"Non";"Non";"Oui";"Oui";"Oui";"Non";"Non";"Non";"Non";"Non";"Non";"Non";"Non";"Oui";"Non";"Non";"Oui";"Non";"Oui";"Oui";"Non";"Non";"Oui";"Oui";"Oui";"680.07";"129.82";"";"";"";"";"";"";"";"";"";"";"";"";"";"";"239.01";"";"";"";"";"";"";"";"";"";"";"";"";"";"";"";"";"68.97";"";"222.96";"";"";"";"";"";"19.31";""
"468";"";"";"fr";"720638834";"2026-04-23 07:38:18";"2026-04-23 07:38:18";"";"N/A";"";"";"";"N/A";"N/A";"N/A";"N/A";"N/A";"";"";"N/A";"N/A";"N/A";"N/A";"";"";"N/A";"";"N/A";"N/A";"N/A";"N/A";"N/A";"N/A";"N/A";"";"";"";"";"";"";"";"";"";"";"";"";"";"";"N/A";"N/A";"N/A";"N/A";"N/A";"N/A";"";"N/A";"N/A";"N/A";"N/A";"N/A";"N/A";"N/A";"N/A";"N/A";"N/A";"N/A";"N/A";"N/A";"N/A";"N/A";"N/A";"N/A";"N/A";"N/A";"N/A";"";"";"N/A";"N/A";"N/A";"N/A";"N/A";"N/A";"N/A";"N/A";"N/A";"N/A";"N/A";"N/A";"N/A";"N/A";"N/A";"N/A";"N/A";"N/A";"N/A";"N/A";"N/A";"N/A";"N/A";"N/A";"N/A";"N/A";"N/A";"N/A";"N/A";"0";"";"";"";"";"";"";"";"";"";"";"";"";"";"";"";"";"";"";"";"";"";"";"";"";"";"";"";"";"";"";"";"";"";"";"";"";"";"";"";"";"";""
"469";"2026-04-23 16:58:54";"5";"fr";"2005791786";"2026-04-23 16:35:37";"2026-04-23 16:58:54";"44";"Masculin";"38";"≥ Bac + 3";"5";"Non";"Non";"Non";"Non";"Non";"4";"1- 3 -6 -9";"Oui";"Non";"Non";"Non";"";"Les priduits domestiques comme savon, produits pour la lessive, lavabo, douche,...";"Non";"3";"Oui";"Non";"Non";"Oui";"Non";"Non";"Non";"";"Thermique";"Liquide chaud";"Plus de 60%";"Accidentelles";"";"Les 0-4 ans";"Les 0-4 ans";"Autant chez les filles/femmes que les garçons/hommes";"La cuisine";"";"En etant trop pres de la cuisiniere ou des liquides chaudes au micro-onde...";"Oui, et la brûlure est superficielle";"37°C";"Oui";"Non";"Oui";"Oui";"Non";"Non";"Le poignet (côté paume de la main)";"Oui";"Non";"Oui";"Oui";"Oui";"Oui";"Oui";"Non";"Oui";"Non";"Non";"Oui";"Non";"Non";"Non";"Non";"Non";"Oui";"Non";"Non";"";"4";"Non";"Oui";"Oui";"Non";"Non";"Non";"Oui";"Non";"Oui";"Non";"Oui";"Non";"Non";"Oui";"Oui";"Non";"Non";"Non";"Non";"Oui";"Oui";"Non";"Oui";"Oui";"Non";"Non";"Oui";"Non";"N/A";"1398.01";"305.26";"";"";"";"";"";"";"";"";"";"";"";"";"";"";"535.05";"";"";"";"";"";"";"";"";"";"";"";"";"";"";"";"";"270.91";"";"259.18";"";"";"";"";"";"27.61";""
"470";"";"0";"fr";"746188848";"2026-04-23 20:03:42";"2026-04-23 20:05:27";"";"N/A";"";"";"";"N/A";"Non";"N/A";"N/A";"N/A";"";"";"Non";"Non";"Non";"Non";"";"";"N/A";"";"N/A";"N/A";"N/A";"N/A";"N/A";"N/A";"N/A";"";"";"";"";"";"";"";"";"";"";"";"";"";"";"N/A";"N/A";"N/A";"N/A";"N/A";"N/A";"";"N/A";"N/A";"N/A";"N/A";"N/A";"N/A";"N/A";"N/A";"N/A";"N/A";"N/A";"N/A";"N/A";"N/A";"N/A";"N/A";"N/A";"N/A";"N/A";"N/A";"";"";"N/A";"N/A";"N/A";"N/A";"N/A";"N/A";"N/A";"N/A";"N/A";"N/A";"N/A";"N/A";"N/A";"N/A";"N/A";"N/A";"N/A";"N/A";"N/A";"N/A";"N/A";"N/A";"N/A";"N/A";"N/A";"N/A";"N/A";"N/A";"N/A";"104.56";"104.56";"";"";"";"";"";"";"";"";"";"";"";"";"";"";"";"";"";"";"";"";"";"";"";"";"";"";"";"";"";"";"";"";"";"";"";"";"";"";"";"";""
"471";"2026-04-23 20:22:25";"5";"fr";"1475457394";"2026-04-23 20:15:01";"2026-04-23 20:22:25";"28";"Féminin";"78";"≥ Bac + 3";"9";"Non";"Oui";"Non";"Non";"Non";"3";"5 ans - 3 ans - 1 an";"Oui";"Non";"Non";"Non";"";"Brûlures, empoisonnements, chutes ";"Non";"4";"Non";"Non";"Non";"Non";"Non";"Non";"Non";"Entourage, Réseaux sociaux ";"Thermique";"Liquide chaud";"Plus de 60%";"Accidentelles";"";"Les 0-4 ans";"Les 0-4 ans";"Chez les garçons/hommes";"La cuisine";"";"Liquide chaud, brûlures chimiques";"Oui, et la brûlure est grave";"37°C";"Oui";"Oui";"Oui";"Oui";"Non";"Oui";"Le poignet (côté paume de la main)";"Oui";"Non";"Oui";"Oui";"Oui";"Oui";"Oui";"Non";"Oui";"Non";"Oui";"Oui";"Oui";"Non";"Oui";"Oui";"Non";"Non";"Oui";"Non";"";"3";"Non";"Non";"Non";"Oui";"Non";"Non";"Oui";"Non";"Non";"Oui";"Non";"Non";"Non";"Oui";"Oui";"Non";"Non";"Non";"Non";"Non";"Oui";"Non";"Oui";"Oui";"Oui";"Non";"Oui";"Non";"Oui";"444.78";"92.47";"";"";"";"";"";"";"";"";"";"";"";"";"";"";"180.96";"";"";"";"";"";"";"";"";"";"";"";"";"";"";"";"";"47.67";"";"118.84";"";"";"";"";"";"4.84";""
"472";"2026-04-23 20:49:02";"5";"fr";"878172562";"2026-04-23 20:32:02";"2026-04-23 20:49:02";"30";"Féminin";"78";"≥ Bac + 3";"8";"Non";"Non";"Non";"Oui";"Oui";"2";"4 ans - 2 ans ";"Non";"Oui";"Non";"Non";"";"Brûlure 
Produits toxiques/ménagers 
Noyade 
Chute 
Étouffement ";"Non";"4";"Non";"Non";"Non";"Oui";"Non";"Non";"Non";"";"Thermique";"Liquide chaud";"Environ 40%";"Accidentelles";"";"Les 0-4 ans";"Les 0-4 ans";"Autant chez les filles/femmes que les garçons/hommes";"La cuisine";"";"Eau chaude de la douche 
Eau chaud de bouilloire 
Plaque 
Four 
Cheminée ";"Oui, et la brûlure est superficielle";"37°C";"Oui";"Non";"Oui";"Oui";"Non";"Oui";"Le poignet (côté paume de la main)";"Oui";"Non";"Non";"Non";"Non";"Oui";"Oui";"Non";"Oui";"Non";"Non";"Oui";"Non";"Oui";"Oui";"Oui";"Non";"Non";"Non";"Non";"";"3";"Non";"Oui";"Non";"Oui";"Oui";"Non";"Oui";"Oui";"Non";"Oui";"Non";"Non";"Non";"Oui";"Oui";"Non";"Non";"Oui";"Non";"Non";"Oui";"Non";"Oui";"Oui";"Oui";"Non";"Oui";"Non";"Non";"1020.16";"270.94";"";"";"";"";"";"";"";"";"";"";"";"";"";"";"375.22";"";"";"";"";"";"";"";"";"";"";"";"";"";"";"";"";"61.52";"";"301.33";"";"";"";"";"";"11.15";""
"473";"";"0";"fr";"1386485940";"2026-04-23 20:57:17";"2026-04-23 20:58:10";"";"N/A";"";"";"";"N/A";"N/A";"N/A";"N/A";"N/A";"";"";"Non";"Non";"Non";"Non";"";"";"N/A";"";"N/A";"N/A";"N/A";"N/A";"N/A";"N/A";"N/A";"";"";"";"";"";"";"";"";"";"";"";"";"";"";"N/A";"N/A";"N/A";"N/A";"N/A";"N/A";"";"N/A";"N/A";"N/A";"N/A";"N/A";"N/A";"N/A";"N/A";"N/A";"N/A";"N/A";"N/A";"N/A";"N/A";"N/A";"N/A";"N/A";"N/A";"N/A";"N/A";"";"";"N/A";"N/A";"N/A";"N/A";"N/A";"N/A";"N/A";"N/A";"N/A";"N/A";"N/A";"N/A";"N/A";"N/A";"N/A";"N/A";"N/A";"N/A";"N/A";"N/A";"N/A";"N/A";"N/A";"N/A";"N/A";"N/A";"N/A";"N/A";"N/A";"51.83";"51.83";"";"";"";"";"";"";"";"";"";"";"";"";"";"";"";"";"";"";"";"";"";"";"";"";"";"";"";"";"";"";"";"";"";"";"";"";"";"";"";"";""
"474";"2026-04-23 21:09:39";"5";"fr";"397182586";"2026-04-23 20:57:40";"2026-04-23 21:09:39";"25";"Féminin";"34";"Baccalauréat - Bac +2";"4";"Oui";"Non";"Non";"Non";"Oui";"1";"10 mois";"Non";"Oui";"Non";"Non";"";"Tomber de la table à langer, noyade, étouffement ";"Non";"2";"Non";"Non";"Non";"Non";"Non";"Non";"Non";"Mes connaissances ";"Par rayonnement d'une grande source de chaleur";"Liquide chaud";"Environ 40%";"Accidentelles";"";"Les 5-14 ans";"Les 0-4 ans";"Autant chez les filles/femmes que les garçons/hommes";"La cuisine";"";"Poêle casserole bouilloire ";"Oui, et la brûlure est grave";"37°C";"Oui";"Non";"Oui";"Oui";"Non";"Oui";"Le poignet (côté paume de la main)";"Oui";"Non";"Oui";"Oui";"Oui";"Non";"Oui";"Non";"Oui";"Non";"Oui";"Oui";"Non";"Oui";"Oui";"Oui";"Oui";"Oui";"Oui";"Non";"";"4";"Non";"Oui";"Oui";"Non";"Non";"Non";"Oui";"Oui";"Non";"Oui";"Non";"Non";"Non";"Non";"Oui";"Non";"Non";"Non";"Non";"Oui";"Oui";"Non";"Oui";"Oui";"Oui";"Non";"Oui";"Oui";"Non";"719.79";"171.26";"";"";"";"";"";"";"";"";"";"";"";"";"";"";"255.34";"";"";"";"";"";"";"";"";"";"";"";"";"";"";"";"";"86.6";"";"200.13";"";"";"";"";"";"6.46";""
"475";"";"";"fr";"384349182";"2026-04-23 20:58:45";"2026-04-23 20:58:45";"";"N/A";"";"";"";"N/A";"N/A";"N/A";"N/A";"N/A";"";"";"N/A";"N/A";"N/A";"N/A";"";"";"N/A";"";"N/A";"N/A";"N/A";"N/A";"N/A";"N/A";"N/A";"";"";"";"";"";"";"";"";"";"";"";"";"";"";"N/A";"N/A";"N/A";"N/A";"N/A";"N/A";"";"N/A";"N/A";"N/A";"N/A";"N/A";"N/A";"N/A";"N/A";"N/A";"N/A";"N/A";"N/A";"N/A";"N/A";"N/A";"N/A";"N/A";"N/A";"N/A";"N/A";"";"";"N/A";"N/A";"N/A";"N/A";"N/A";"N/A";"N/A";"N/A";"N/A";"N/A";"N/A";"N/A";"N/A";"N/A";"N/A";"N/A";"N/A";"N/A";"N/A";"N/A";"N/A";"N/A";"N/A";"N/A";"N/A";"N/A";"N/A";"N/A";"N/A";"0";"";"";"";"";"";"";"";"";"";"";"";"";"";"";"";"";"";"";"";"";"";"";"";"";"";"";"";"";"";"";"";"";"";"";"";"";"";"";"";"";"";""
"476";"";"";"fr";"1111934538";"2026-04-23 21:02:28";"2026-04-23 21:02:28";"";"N/A";"";"";"";"N/A";"N/A";"N/A";"N/A";"N/A";"";"";"N/A";"N/A";"N/A";"N/A";"";"";"N/A";"";"N/A";"N/A";"N/A";"N/A";"N/A";"N/A";"N/A";"";"";"";"";"";"";"";"";"";"";"";"";"";"";"N/A";"N/A";"N/A";"N/A";"N/A";"N/A";"";"N/A";"N/A";"N/A";"N/A";"N/A";"N/A";"N/A";"N/A";"N/A";"N/A";"N/A";"N/A";"N/A";"N/A";"N/A";"N/A";"N/A";"N/A";"N/A";"N/A";"";"";"N/A";"N/A";"N/A";"N/A";"N/A";"N/A";"N/A";"N/A";"N/A";"N/A";"N/A";"N/A";"N/A";"N/A";"N/A";"N/A";"N/A";"N/A";"N/A";"N/A";"N/A";"N/A";"N/A";"N/A";"N/A";"N/A";"N/A";"N/A";"N/A";"0";"";"";"";"";"";"";"";"";"";"";"";"";"";"";"";"";"";"";"";"";"";"";"";"";"";"";"";"";"";"";"";"";"";"";"";"";"";"";"";"";"";""
"477";"";"3";"fr";"2070605273";"2026-04-23 21:02:44";"2026-04-23 21:13:39";"35";"Féminin";"78";"≥ Bac + 3";"8";"Non";"Non";"Non";"Non";"Non";"2";"15 mois, 5 ans";"Non";"Oui";"Non";"Oui";"";"Chute trauma, intoxication, étouffement";"Non";"4";"Non";"Non";"Non";"Oui";"Non";"Non";"Non";"";"Thermique";"Liquide chaud";"Plus de 60%";"Accidentelles";"";"";"Les 0-4 ans";"Autant chez les filles/femmes que les garçons/hommes";"La cuisine";"";"Eau bouillante en cuisine, fer à repasser, produits ménagers ";"Oui, et la brûlure est superficielle";"37°C";"Oui";"Non";"Oui";"Oui";"Non";"Oui";"Le poignet (côté paume de la main)";"Oui";"Non";"Oui";"Non";"Oui";"Oui";"Oui";"Non";"Oui";"Oui";"Non";"Oui";"Non";"Oui";"Oui";"Oui";"Oui";"Oui";"Oui";"Non";"";"";"N/A";"N/A";"N/A";"N/A";"N/A";"N/A";"N/A";"N/A";"N/A";"N/A";"N/A";"N/A";"N/A";"N/A";"N/A";"N/A";"N/A";"N/A";"N/A";"N/A";"N/A";"N/A";"N/A";"N/A";"N/A";"N/A";"N/A";"N/A";"N/A";"655.88";"231.4";"";"";"";"";"";"";"";"";"";"";"";"";"";"";"367.02";"";"";"";"";"";"";"";"";"";"";"";"";"";"";"";"";"57.46";"";"";"";"";"";"";"";"";""
"478";"2026-04-23 21:17:41";"5";"fr";"876920379";"2026-04-23 21:03:55";"2026-04-23 21:17:41";"32";"Féminin";"80";"≥ Bac + 3";"7";"Non";"Non";"Non";"Non";"Non";"3";"6 mois - 4 ans - 6 ans";"Oui";"Non";"Non";"Non";"";"Coupure couteau 
Brûlure ";"Non";"4";"Non";"Non";"Non";"Oui";"Non";"Non";"Non";"Réseaux sociaux ";"Thermique";"Liquide chaud";"Plus de 60%";"Accidentelles";"";"Les 5-14 ans";"Les 5-14 ans";"Autant chez les filles/femmes que les garçons/hommes";"La cuisine";"";"Casserole chaude 
Cheminée/insert ";"Oui, et la brûlure est superficielle";"37°C";"Oui";"Non";"Oui";"Oui";"Non";"Oui";"Le poignet (côté paume de la main)";"Oui";"Non";"Oui";"Non";"Oui";"Oui";"Oui";"Non";"Non";"Non";"Non";"Oui";"Oui";"Non";"Oui";"Non";"Non";"Oui";"Non";"Non";"";"4";"Non";"Oui";"Oui";"Non";"Non";"Non";"Non";"Non";"Non";"Oui";"Non";"Non";"Non";"Non";"Oui";"Non";"Non";"Non";"Non";"Non";"Oui";"Non";"Oui";"Oui";"Non";"Non";"Oui";"Non";"N/A";"827.83";"162.58";"";"";"";"";"";"";"";"";"";"";"";"";"";"";"295.58";"";"";"";"";"";"";"";"";"";"";"";"";"";"";"";"";"90.76";"";"262.77";"";"";"";"";"";"16.14";""
"479";"2026-04-23 21:16:14";"5";"fr";"1741146374";"2026-04-23 21:07:32";"2026-04-23 21:16:14";"28";"Féminin";"78";"≥ Bac + 3";"7";"Non";"Non";"Non";"Non";"Non";"2";"11 mois - 3 ans";"Oui";"Non";"Non";"Non";"";"Incendie, électrocution, chutes";"Non";"2";"Oui";"Non";"Non";"Non";"Non";"Non";"Non";"";"Electrique";"Liquide chaud";"Plus de 60%";"Accidentelles";"";"Les 0-4 ans";"Les 0-4 ans";"Autant chez les filles/femmes que les garçons/hommes";"La cuisine";"";"Renverser un liquide chaud (soupe), eau chaude ouverte accidentellement sur un robinet, toucher le four ou les plaques";"Oui, et la brûlure est superficielle";"37°C";"Non";"Non";"Oui";"Oui";"Non";"Oui";"Le poignet (côté paume de la main)";"Non";"Non";"Non";"Non";"Non";"Non";"Oui";"Non";"Oui";"Non";"Oui";"Oui";"Oui";"Oui";"Non";"Non";"Oui";"Oui";"Non";"Non";"";"2";"Non";"Oui";"Non";"Oui";"Non";"Non";"Oui";"Oui";"Non";"Oui";"Non";"Non";"Non";"Non";"Oui";"Non";"Non";"Non";"Non";"Non";"Oui";"Non";"Oui";"Oui";"Non";"Non";"Oui";"Oui";"Oui";"523.52";"85.67";"";"";"";"";"";"";"";"";"";"";"";"";"";"";"176.59";"";"";"";"";"";"";"";"";"";"";"";"";"";"";"";"";"58.6";"";"195.11";"";"";"";"";"";"7.55";""
"480";"2026-04-23 21:18:53";"5";"fr";"838544680";"2026-04-23 21:09:31";"2026-04-23 21:18:53";"25";"Féminin";"25";"≥ Bac + 3";"7";"Non";"Non";"Non";"Non";"Non";"1";"1 an";"Oui";"Oui";"Non";"Non";"";"Renverser de l’eau bouillante sur soi
Tomber d’une table à langer
Avaler des produits toxiques ou des petits objets
S’étouffer ";"Non";"2";"Oui";"Non";"Non";"Oui";"Non";"Non";"Non";"";"Par frottement";"Liquide chaud";"Environ 40%";"Accidentelles";"";"Les 5-14 ans";"Les 0-4 ans";"Chez les garçons/hommes";"La cuisine";"";"Eau
Plaques de cuisson ";"Oui, et la brûlure est grave";"37°C";"Non";"Non";"Oui";"Oui";"Non";"Oui";"Le poignet (côté paume de la main)";"Oui";"Non";"Oui";"Non";"Oui";"Oui";"Oui";"Non";"Oui";"Oui";"Non";"Oui";"Oui";"Oui";"Oui";"Oui";"Oui";"Oui";"Oui";"Non";"";"3";"Non";"Non";"Oui";"Non";"Non";"Non";"Oui";"Oui";"Non";"Non";"Non";"Non";"Non";"Non";"Oui";"Non";"Oui";"Non";"Non";"Non";"Oui";"Non";"Oui";"Non";"Non";"Non";"Oui";"Oui";"Oui";"562.2";"173.24";"";"";"";"";"";"";"";"";"";"";"";"";"";"";"155";"";"";"";"";"";"";"";"";"";"";"";"";"";"";"";"";"76.05";"";"148.6";"";"";"";"";"";"9.31";""
"481";"2026-04-23 21:33:13";"5";"fr";"362332096";"2026-04-23 21:18:59";"2026-04-23 21:33:13";"59";"Féminin";"78";"≥ Bac + 3";"8";"Non";"Non";"Non";"Non";"Non";"0";"1et 2ans";"Oui";"Non";"Non";"Oui";"";"Eau bouillante
Prises";"Non";"1";"Non";"Non";"Non";"Oui";"Non";"Non";"Non";"";"Electrique";"Liquide chaud";"Moins de 10%";"Accidentelles";"";"Les 5-14 ans";"Les 0-4 ans";"Chez les filles/femmes";"La cuisine";"";"Bouilloire ou tasse contenat de l'eau bouillante qui se renverse";"";"37°C";"Oui";"Oui";"Oui";"Non";"Non";"Non";"Le coude";"Oui";"Non";"Oui";"Non";"Oui";"Non";"Oui";"Non";"Non";"Non";"Non";"Non";"Non";"Non";"Non";"Oui";"Non";"Oui";"Non";"Non";"";"3";"Non";"Non";"Oui";"Non";"Oui";"Non";"Oui";"Non";"Non";"Oui";"Non";"Non";"Oui";"Non";"Oui";"Non";"Oui";"Oui";"Non";"Non";"Oui";"Non";"Non";"Oui";"Non";"Non";"Non";"Non";"N/A";"845.15";"267.81";"";"";"";"";"";"";"";"";"";"";"";"";"";"";"284.03";"";"";"";"";"";"";"";"";"";"";"";"";"";"";"";"";"80.6";"";"208.66";"";"";"";"";"";"4.05";""
"482";"";"";"fr";"133111783";"2026-04-23 21:27:16";"2026-04-23 21:27:16";"";"N/A";"";"";"";"N/A";"N/A";"N/A";"N/A";"N/A";"";"";"N/A";"N/A";"N/A";"N/A";"";"";"N/A";"";"N/A";"N/A";"N/A";"N/A";"N/A";"N/A";"N/A";"";"";"";"";"";"";"";"";"";"";"";"";"";"";"N/A";"N/A";"N/A";"N/A";"N/A";"N/A";"";"N/A";"N/A";"N/A";"N/A";"N/A";"N/A";"N/A";"N/A";"N/A";"N/A";"N/A";"N/A";"N/A";"N/A";"N/A";"N/A";"N/A";"N/A";"N/A";"N/A";"";"";"N/A";"N/A";"N/A";"N/A";"N/A";"N/A";"N/A";"N/A";"N/A";"N/A";"N/A";"N/A";"N/A";"N/A";"N/A";"N/A";"N/A";"N/A";"N/A";"N/A";"N/A";"N/A";"N/A";"N/A";"N/A";"N/A";"N/A";"N/A";"N/A";"0";"";"";"";"";"";"";"";"";"";"";"";"";"";"";"";"";"";"";"";"";"";"";"";"";"";"";"";"";"";"";"";"";"";"";"";"";"";"";"";"";"";""
"483";"";"";"fr";"1682786268";"2026-04-23 21:46:31";"2026-04-23 21:46:31";"";"N/A";"";"";"";"N/A";"N/A";"N/A";"N/A";"N/A";"";"";"N/A";"N/A";"N/A";"N/A";"";"";"N/A";"";"N/A";"N/A";"N/A";"N/A";"N/A";"N/A";"N/A";"";"";"";"";"";"";"";"";"";"";"";"";"";"";"N/A";"N/A";"N/A";"N/A";"N/A";"N/A";"";"N/A";"N/A";"N/A";"N/A";"N/A";"N/A";"N/A";"N/A";"N/A";"N/A";"N/A";"N/A";"N/A";"N/A";"N/A";"N/A";"N/A";"N/A";"N/A";"N/A";"";"";"N/A";"N/A";"N/A";"N/A";"N/A";"N/A";"N/A";"N/A";"N/A";"N/A";"N/A";"N/A";"N/A";"N/A";"N/A";"N/A";"N/A";"N/A";"N/A";"N/A";"N/A";"N/A";"N/A";"N/A";"N/A";"N/A";"N/A";"N/A";"N/A";"0";"";"";"";"";"";"";"";"";"";"";"";"";"";"";"";"";"";"";"";"";"";"";"";"";"";"";"";"";"";"";"";"";"";"";"";"";"";"";"";"";"";""
"484";"2026-04-23 21:57:17";"5";"fr";"1081085358";"2026-04-23 21:49:09";"2026-04-23 21:57:17";"29";"Masculin";"80";"≥ Bac + 3";"7";"Non";"Non";"Non";"Non";"Non";"1";"9 mois";"Oui";"Non";"Non";"Non";"";"Enfant secoue 
Chute ";"Non";"2";"Non";"Non";"Non";"Non";"Non";"Non";"Non";"Culture G";"Thermique";"Flamme/feu";"Environ 40%";"Accidentelles";"";"Les 0-4 ans";"Les 0-4 ans";"Autant chez les filles/femmes que les garçons/hommes";"La cuisine";"";"Cuisine et inattention des parents";"Oui, et la brûlure est grave";"37°C";"Non";"Non";"Oui";"Oui";"Non";"Oui";"Le poignet (côté paume de la main)";"Oui";"Non";"Oui";"Non";"Non";"Oui";"Oui";"Non";"Oui";"Non";"Non";"Non";"Non";"Oui";"Non";"Non";"Non";"Non";"Oui";"Non";"";"2";"Non";"Oui";"Oui";"Non";"Non";"Non";"Oui";"Oui";"Non";"Oui";"Non";"Non";"Non";"Non";"Oui";"Non";"Oui";"Non";"Non";"Non";"Oui";"Non";"Oui";"Oui";"Non";"Non";"Oui";"Oui";"N/A";"488.69";"96.47";"";"";"";"";"";"";"";"";"";"";"";"";"";"";"155.4";"";"";"";"";"";"";"";"";"";"";"";"";"";"";"";"";"57.18";"";"172.23";"";"";"";"";"";"7.41";""
"485";"2026-04-23 22:05:21";"5";"fr";"1799033901";"2026-04-23 21:50:58";"2026-04-23 22:05:21";"27";"Masculin";"79";"≥ Bac + 3";"6";"Non";"Non";"Non";"Non";"Non";"2";"6 ans et 1 mois";"Oui";"Non";"Non";"Non";"";"Petites chutes et égratignures ";"Non";"4";"Non";"Non";"Non";"Oui";"Non";"Non";"Non";"";"Thermique";"Liquide chaud";"Plus de 60%";"Accidentelles";"";"Les 0-4 ans";"Les 0-4 ans";"Autant chez les filles/femmes que les garçons/hommes";"La cuisine";"";"Manque de surveillance en cuisine ";"Oui, et la brûlure est grave";"37°C";"Non";"Non";"Non";"Oui";"Non";"Non";"Le dos de la main";"Oui";"Non";"Oui";"Non";"Oui";"Non";"Non";"Oui";"Non";"Non";"Non";"Non";"Non";"Oui";"Non";"Non";"Non";"Oui";"Oui";"Non";"";"4";"Non";"Oui";"Oui";"Non";"Oui";"Non";"Oui";"Non";"Oui";"Oui";"Non";"Non";"Non";"Non";"Oui";"Non";"Non";"Oui";"Non";"Oui";"Oui";"Non";"Oui";"Oui";"Non";"Non";"Oui";"Oui";"Non";"864.89";"115.17";"";"";"";"";"";"";"";"";"";"";"";"";"";"";"349.66";"";"";"";"";"";"";"";"";"";"";"";"";"";"";"";"";"140.56";"";"253.01";"";"";"";"";"";"6.49";""
"486";"2026-04-23 22:01:45";"5";"fr";"1976805200";"2026-04-23 21:51:49";"2026-04-23 22:01:45";"30";"Féminin";"75";"≥ Bac + 3";"8";"Non";"Oui";"Non";"Oui";"Non";"1";"1";"Oui";"Non";"Non";"Non";"";"Brûlures, chute traumatisante sur environnement coupant/ tranchant ";"Non";"5";"Non";"Non";"Non";"Non";"Non";"Non";"Non";"Je suis médecin ";"Thermique";"Liquide chaud";"Plus de 60%";"Accidentelles";"";"Les 0-4 ans";"Les 0-4 ans";"Chez les garçons/hommes";"La cuisine";"";"Café chaud , eau chaude , four";"Oui, et la brûlure est grave";"37°C";"Oui";"Non";"Oui";"Oui";"Non";"Oui";"La paume de la main";"Oui";"Oui";"Oui";"Oui";"Oui";"Oui";"Oui";"Non";"Oui";"Oui";"Oui";"Oui";"Oui";"Oui";"Non";"Oui";"Oui";"Oui";"Oui";"Non";"";"5";"Non";"Oui";"Non";"Oui";"Oui";"Non";"Oui";"Oui";"Non";"Oui";"Non";"Oui";"Non";"Oui";"Oui";"Non";"Oui";"Non";"Non";"Oui";"Oui";"Non";"Oui";"Oui";"Oui";"Non";"Oui";"Oui";"Non";"597.15";"285.64";"";"";"";"";"";"";"";"";"";"";"";"";"";"";"135.42";"";"";"";"";"";"";"";"";"";"";"";"";"";"";"";"";"54.36";"";"114.19";"";"";"";"";"";"7.54";""
"487";"2026-04-23 22:04:34";"5";"fr";"2057512508";"2026-04-23 21:52:30";"2026-04-23 22:04:34";"66";"Féminin";"78";"≥ Bac + 3";"7";"Non";"Non";"Non";"Non";"Non";"1";"18 mois (petite fille)";"Oui";"Non";"Non";"Non";"";"Chutes";"Non";"5";"Non";"Non";"Non";"Non";"Non";"Non";"Non";"Ma belle fille est médecin généraliste ";"Par rayonnement d'une grande source de chaleur";"Liquide chaud";"Moins de 10%";"Accidentelles";"";"Les 0-4 ans";"Les 0-4 ans";"Autant chez les filles/femmes que les garçons/hommes";"La cuisine";"";"Eau chaude, cuisinière ";"";"33°C";"Non";"Oui";"Non";"Oui";"Non";"Oui";"Le dos de la main";"Oui";"Non";"Oui";"Non";"Oui";"Oui";"Oui";"Oui";"Oui";"Non";"Non";"Oui";"Non";"Oui";"Oui";"Oui";"Oui";"Oui";"Oui";"Non";"";"5";"Non";"Oui";"Oui";"Non";"Oui";"Oui";"Non";"Oui";"Oui";"Non";"Non";"Non";"Oui";"Oui";"Non";"Non";"Non";"Non";"Non";"Oui";"Oui";"Non";"Non";"Non";"Oui";"Non";"Oui";"Oui";"N/A";"724.37";"163.79";"";"";"";"";"";"";"";"";"";"";"";"";"";"";"288";"";"";"";"";"";"";"";"";"";"";"";"";"";"";"";"";"69.09";"";"188.39";"";"";"";"";"";"15.1";""
"488";"2026-04-23 22:07:00";"5";"fr";"213929660";"2026-04-23 21:56:57";"2026-04-23 22:07:00";"32";"Féminin";"5";"≥ Bac + 3";"7";"Non";"Non";"Non";"Non";"Non";"1";"3";"Oui";"Non";"Non";"Non";"";"Chutes";"Non";"3";"Oui";"Non";"Oui";"Non";"Non";"Non";"Non";"";"Thermique";"Liquide chaud";"Plus de 60%";"Accidentelles";"";"Les 5-14 ans";"Les 5-14 ans";"Autant chez les filles/femmes que les garçons/hommes";"La cuisine";"";"En jouant dans la cuisine quand je prépare à manger ou en s'approchant trop du poêle ";"Oui, et la brûlure est grave";"37°C";"Non";"Non";"Oui";"Oui";"Non";"Non";"La bouche";"Oui";"Non";"Oui";"Non";"Oui";"Non";"Oui";"Oui";"Oui";"Non";"Oui";"Oui";"Non";"Oui";"Non";"Oui";"Oui";"Oui";"Oui";"Non";"";"1";"Non";"Oui";"Oui";"Non";"Oui";"Non";"Non";"Oui";"Oui";"Non";"Non";"Non";"Non";"Non";"Oui";"Non";"Non";"Non";"Non";"Non";"Oui";"Non";"Non";"Non";"Non";"Non";"Non";"Oui";"N/A";"603.3";"133.96";"";"";"";"";"";"";"";"";"";"";"";"";"";"";"222.4";"";"";"";"";"";"";"";"";"";"";"";"";"";"";"";"";"79.85";"";"156.35";"";"";"";"";"";"10.74";""
"489";"";"0";"fr";"1549571588";"2026-04-23 22:02:14";"2026-04-23 22:03:17";"";"N/A";"";"";"";"N/A";"N/A";"N/A";"N/A";"N/A";"";"";"Non";"Non";"Non";"Non";"";"";"N/A";"";"N/A";"N/A";"N/A";"N/A";"N/A";"N/A";"N/A";"";"";"";"";"";"";"";"";"";"";"";"";"";"";"N/A";"N/A";"N/A";"N/A";"N/A";"N/A";"";"N/A";"N/A";"N/A";"N/A";"N/A";"N/A";"N/A";"N/A";"N/A";"N/A";"N/A";"N/A";"N/A";"N/A";"N/A";"N/A";"N/A";"N/A";"N/A";"N/A";"";"";"N/A";"N/A";"N/A";"N/A";"N/A";"N/A";"N/A";"N/A";"N/A";"N/A";"N/A";"N/A";"N/A";"N/A";"N/A";"N/A";"N/A";"N/A";"N/A";"N/A";"N/A";"N/A";"N/A";"N/A";"N/A";"N/A";"N/A";"N/A";"N/A";"63.11";"63.11";"";"";"";"";"";"";"";"";"";"";"";"";"";"";"";"";"";"";"";"";"";"";"";"";"";"";"";"";"";"";"";"";"";"";"";"";"";"";"";"";""
"490";"2026-04-23 22:32:07";"5";"fr";"1597387157";"2026-04-23 22:17:15";"2026-04-23 22:32:07";"35";"Masculin";"78";"≥ Bac + 3";"8";"Non";"Non";"Non";"Non";"Non";"4";"6 ans - 4 ans - 3 ans - 20 mois";"Non";"Oui";"Non";"Non";"";"Noyade bain, électrocution, chutes, coupures avec ustensiles cuisine ou outils, étouffement avec draps, brûlures, produits ménagers ingérés, médicaments ingérés, chutes d’objets sur lui, coupures bris de glace, oreilles abîmés par son mis trop fort, consommation d’alcool ou autres aliments dangereux en sur-dosage pour des enfants, étouffement petit objets";"Non";"4";"Non";"Non";"Non";"Oui";"Non";"Non";"Non";"";"Thermique";"Liquide chaud";"Plus de 60%";"Accidentelles";"";"Les 0-4 ans";"Les 0-4 ans";"Chez les garçons/hommes";"La cuisine";"";"Bouilloires, thes, cafés, eau chaude sur gaziniere, radiateurs, plaques de cuisson, plats chauds (contenus et contenants), eau très chaude du robinet.";"Oui, et la brûlure est superficielle";"37°C";"Oui";"Non";"Oui";"Oui";"Non";"Oui";"Le poignet (côté dos de la main)";"Oui";"Non";"Oui";"Non";"Oui";"Oui";"Oui";"Non";"Oui";"Oui";"Oui";"Oui";"Oui";"Oui";"Oui";"Oui";"Non";"Oui";"Oui";"Non";"";"4";"Non";"Non";"Oui";"Non";"Non";"Non";"Non";"Oui";"Non";"Oui";"Non";"Non";"Non";"Non";"Non";"Non";"Non";"Non";"Non";"Non";"Oui";"Non";"Non";"Oui";"Non";"Non";"Oui";"Non";"Non";"893.18";"322.77";"";"";"";"";"";"";"";"";"";"";"";"";"";"";"253.68";"";"";"";"";"";"";"";"";"";"";"";"";"";"";"";"";"89.83";"";"222.2";"";"";"";"";"";"4.7";""
"491";"2026-04-23 22:48:29";"5";"fr";"90957576";"2026-04-23 22:34:03";"2026-04-23 22:48:29";"31";"Féminin";"69";"≥ Bac + 3";"5";"Non";"Non";"Non";"Non";"Non";"3";"4 ans - 2 ans - 1 mois";"Oui";"Non";"Non";"Non";"";"Produits toxiques, outils/couteaux";"Non";"1";"Non";"Non";"Oui";"Non";"Non";"Non";"Non";"";"Thermique";"Liquide chaud";"Environ 40%";"Accidentelles";"";"Les 5-14 ans";"Les 0-4 ans";"Chez les garçons/hommes";"La cuisine";"";"Eau bouillante, four, plaques de cuisson";"Oui, et la brûlure est grave";"37°C";"Non";"Non";"Oui";"Oui";"Non";"Oui";"La paume de la main";"Non";"Non";"Oui";"Non";"Oui";"Oui";"Non";"Non";"Non";"Non";"Non";"Non";"Non";"Non";"Non";"Non";"Non";"Non";"Non";"Non";"";"2";"Non";"Oui";"Oui";"Non";"Non";"Non";"Oui";"Oui";"Non";"Oui";"Non";"Non";"Non";"Oui";"Oui";"Non";"Non";"Non";"Non";"Non";"Oui";"Non";"Oui";"Non";"Non";"Non";"Non";"Oui";"Non";"868.24";"303.53";"";"";"";"";"";"";"";"";"";"";"";"";"";"";"281.29";"";"";"";"";"";"";"";"";"";"";"";"";"";"";"";"";"92.55";"";"183.21";"";"";"";"";"";"7.66";""
"492";"";"";"fr";"380147542";"2026-04-23 22:41:30";"2026-04-23 22:41:30";"";"N/A";"";"";"";"N/A";"N/A";"N/A";"N/A";"N/A";"";"";"N/A";"N/A";"N/A";"N/A";"";"";"N/A";"";"N/A";"N/A";"N/A";"N/A";"N/A";"N/A";"N/A";"";"";"";"";"";"";"";"";"";"";"";"";"";"";"N/A";"N/A";"N/A";"N/A";"N/A";"N/A";"";"N/A";"N/A";"N/A";"N/A";"N/A";"N/A";"N/A";"N/A";"N/A";"N/A";"N/A";"N/A";"N/A";"N/A";"N/A";"N/A";"N/A";"N/A";"N/A";"N/A";"";"";"N/A";"N/A";"N/A";"N/A";"N/A";"N/A";"N/A";"N/A";"N/A";"N/A";"N/A";"N/A";"N/A";"N/A";"N/A";"N/A";"N/A";"N/A";"N/A";"N/A";"N/A";"N/A";"N/A";"N/A";"N/A";"N/A";"N/A";"N/A";"N/A";"0";"";"";"";"";"";"";"";"";"";"";"";"";"";"";"";"";"";"";"";"";"";"";"";"";"";"";"";"";"";"";"";"";"";"";"";"";"";"";"";"";"";""
"493";"2026-04-24 00:17:33";"5";"fr";"1888685119";"2026-04-23 23:50:39";"2026-04-24 00:17:33";"32";"Masculin";"38";"Inférieur au baccalauréat";"5";"Non";"Oui";"Non";"Non";"Non";"2";"4 ans - 6 ans";"Oui";"Non";"Non";"Non";"Orthoptistes ";"Piscine, chute dans l'escalier, doigt dans la porte, prise électrique, produit ménager, médicaments, objet coupant ect..";"Non";"3";"Non";"Non";"Non";"Non";"Non";"Non";"Non";"Google ";"Par rayonnement d'une grande source de chaleur";"Solide chaud";"Plus de 60%";"Accidentelles";"";"Les 0-4 ans";"Les 0-4 ans";"Chez les filles/femmes";"La cuisine";"";"Eau bouillante, cuisinière, casserole, poêle à bois, barbecue ";"Oui, et la brûlure est superficielle";"";"Non";"Non";"Oui";"Oui";"Non";"Non";"La bouche";"Oui";"Non";"Non";"Non";"Oui";"Non";"Oui";"Non";"Oui";"Non";"Non";"Non";"Oui";"Oui";"Non";"Non";"Non";"Non";"Non";"Non";"";"3";"Non";"Oui";"Oui";"Non";"Oui";"Non";"Oui";"Oui";"Non";"Non";"Non";"Non";"Non";"Non";"Non";"Non";"Oui";"Non";"Non";"Non";"Non";"Non";"Oui";"Oui";"Oui";"Non";"Oui";"Non";"Non";"1573.89";"397.85";"";"";"";"";"";"";"";"";"";"";"";"";"";"";"650.38";"";"";"";"";"";"";"";"";"";"";"";"";"";"";"";"";"142.59";"";"375.39";"";"";"";"";"";"7.68";""
"494";"2026-04-24 01:35:03";"5";"fr";"1793799297";"2026-04-24 01:22:54";"2026-04-24 01:35:03";"30";"Féminin";"92";"≥ Bac + 3";"7";"Non";"Non";"Non";"Non";"Non";"2";"2 ans - 2 semaines";"Oui";"Non";"Non";"Non";"";"Eau bouillante, plaques brulantes
Chute depuis un point haut
Intoxication avec produits ménagers 
Etouffement avec petits objets ou morceaux de nourriture";"Non";"4";"Non";"Non";"Non";"Oui";"Non";"Non";"Non";"";"Thermique";"Liquide chaud";"Environ 40%";"Accidentelles";"";"Les 0-4 ans";"Les 0-4 ans";"Autant chez les filles/femmes que les garçons/hommes";"La cuisine";"";"Installation trop proche des plaques chauffantes
Bouilloire qui se renverse 
Plat trop chaud qui se renverse";"Oui, et la brûlure est grave";"37°C";"Non";"Non";"Oui";"Oui";"Non";"Oui";"Le dos de la main";"Oui";"Non";"Oui";"Non";"Oui";"Non";"Oui";"Non";"Non";"Non";"Non";"Oui";"Non";"Oui";"Non";"Oui";"Oui";"Oui";"Oui";"Non";"";"3";"Non";"Non";"Non";"Oui";"Non";"Non";"Oui";"Non";"Non";"Oui";"Non";"Non";"Non";"Oui";"Oui";"Non";"Oui";"Oui";"Oui";"Non";"Oui";"Non";"Oui";"Oui";"Oui";"Non";"Oui";"Oui";"Oui";"731.41";"275.27";"";"";"";"";"";"";"";"";"";"";"";"";"";"";"219.75";"";"";"";"";"";"";"";"";"";"";"";"";"";"";"";"";"60.33";"";"168.53";"";"";"";"";"";"7.53";""
"495";"2026-04-24 07:36:01";"5";"fr";"1041365704";"2026-04-24 07:17:00";"2026-04-24 07:36:01";"35";"Masculin";"92";"≥ Bac + 3";"7";"Non";"Non";"Non";"Non";"Non";"1";"16 mois";"Oui";"Non";"Non";"Non";"";"Brûlures en lien avec la cuisine (casserole, café…)
Chutes / blessures (table à langer, jeux, portes…) 
Noyade ( bain, piscine )
Étouffement (petit objet avalé )
Intoxication (produit ménager, boîte médicaments …)
";"Non";"4";"Non";"Non";"Non";"Non";"Non";"Non";"Non";"Famille ";"Thermique";"Liquide chaud";"Plus de 60%";"Accidentelles";"";"Les 0-4 ans";"Les 0-4 ans";"Autant chez les filles/femmes que les garçons/hommes";"La cuisine";"";"Boissons chaudes (thé cafe) 
Liquides de cuissons 
Flamme 
Douche";"Oui, et la brûlure est grave";"37°C";"Non";"Non";"Oui";"Oui";"Non";"Oui";"Le poignet (côté paume de la main)";"Oui";"Non";"Oui";"Non";"Oui";"Oui";"Oui";"Non";"Oui";"Oui";"Oui";"Oui";"Oui";"Oui";"Oui";"Oui";"Oui";"Oui";"Oui";"Non";"";"4";"Non";"Oui";"Non";"Oui";"Non";"Non";"Oui";"Oui";"Non";"Oui";"Non";"Non";"Non";"Oui";"Oui";"Non";"Non";"Non";"Non";"Oui";"Oui";"Non";"Oui";"Oui";"Non";"Non";"Non";"Oui";"Oui";"1129.46";"556.38";"";"";"";"";"";"";"";"";"";"";"";"";"";"";"371.05";"";"";"";"";"";"";"";"";"";"";"";"";"";"";"";"";"76.03";"";"116.8";"";"";"";"";"";"9.2";""
"496";"2026-04-24 07:50:01";"5";"fr";"1654688195";"2026-04-24 07:39:24";"2026-04-24 07:50:01";"42";"Féminin";"78";"≥ Bac + 3";"8";"Non";"Non";"Non";"Non";"Non";"6";"2 ans -10 ans - 12 ans - 15 ans - 17 ans - 18 ans";"Non";"Oui";"Non";"Non";"";"Escalier, four, gaz, cuisine (bol de lait chaud, café…)";"Non";"4";"Non";"Non";"Non";"Oui";"Non";"Non";"Non";"";"Thermique";"Liquide chaud";"Plus de 60%";"Accidentelles";"";"Les 0-4 ans";"Les 0-4 ans";"Autant chez les filles/femmes que les garçons/hommes";"La cuisine";"";"Manque de surveillance ";"Oui, et la brûlure est superficielle";"37°C";"Oui";"Non";"Oui";"Oui";"Non";"Oui";"Le coude";"Oui";"Non";"Oui";"Non";"Oui";"Oui";"Oui";"Oui";"Oui";"Non";"Non";"Oui";"Non";"Oui";"Non";"Oui";"Non";"Oui";"Oui";"Non";"";"1";"Non";"Oui";"Oui";"Non";"Non";"Oui";"Non";"Non";"Oui";"Non";"Non";"Non";"Non";"Non";"Oui";"Non";"Non";"Oui";"Non";"Non";"Oui";"Non";"Oui";"Oui";"Non";"Non";"Oui";"Non";"Oui";"637.15";"187.71";"";"";"";"";"";"";"";"";"";"";"";"";"";"";"199.11";"";"";"";"";"";"";"";"";"";"";"";"";"";"";"";"";"53.76";"";"188.3";"";"";"";"";"";"8.27";""
"497";"";"";"fr";"84819049";"2026-04-24 07:39:30";"2026-04-24 07:39:30";"";"N/A";"";"";"";"N/A";"N/A";"N/A";"N/A";"N/A";"";"";"N/A";"N/A";"N/A";"N/A";"";"";"N/A";"";"N/A";"N/A";"N/A";"N/A";"N/A";"N/A";"N/A";"";"";"";"";"";"";"";"";"";"";"";"";"";"";"N/A";"N/A";"N/A";"N/A";"N/A";"N/A";"";"N/A";"N/A";"N/A";"N/A";"N/A";"N/A";"N/A";"N/A";"N/A";"N/A";"N/A";"N/A";"N/A";"N/A";"N/A";"N/A";"N/A";"N/A";"N/A";"N/A";"";"";"N/A";"N/A";"N/A";"N/A";"N/A";"N/A";"N/A";"N/A";"N/A";"N/A";"N/A";"N/A";"N/A";"N/A";"N/A";"N/A";"N/A";"N/A";"N/A";"N/A";"N/A";"N/A";"N/A";"N/A";"N/A";"N/A";"N/A";"N/A";"N/A";"0";"";"";"";"";"";"";"";"";"";"";"";"";"";"";"";"";"";"";"";"";"";"";"";"";"";"";"";"";"";"";"";"";"";"";"";"";"";"";"";"";"";""
"498";"";"";"fr";"852413117";"2026-04-24 08:03:06";"2026-04-24 08:03:06";"";"N/A";"";"";"";"N/A";"N/A";"N/A";"N/A";"N/A";"";"";"N/A";"N/A";"N/A";"N/A";"";"";"N/A";"";"N/A";"N/A";"N/A";"N/A";"N/A";"N/A";"N/A";"";"";"";"";"";"";"";"";"";"";"";"";"";"";"N/A";"N/A";"N/A";"N/A";"N/A";"N/A";"";"N/A";"N/A";"N/A";"N/A";"N/A";"N/A";"N/A";"N/A";"N/A";"N/A";"N/A";"N/A";"N/A";"N/A";"N/A";"N/A";"N/A";"N/A";"N/A";"N/A";"";"";"N/A";"N/A";"N/A";"N/A";"N/A";"N/A";"N/A";"N/A";"N/A";"N/A";"N/A";"N/A";"N/A";"N/A";"N/A";"N/A";"N/A";"N/A";"N/A";"N/A";"N/A";"N/A";"N/A";"N/A";"N/A";"N/A";"N/A";"N/A";"N/A";"0";"";"";"";"";"";"";"";"";"";"";"";"";"";"";"";"";"";"";"";"";"";"";"";"";"";"";"";"";"";"";"";"";"";"";"";"";"";"";"";"";"";""
"499";"2026-04-24 08:17:19";"5";"fr";"1736929309";"2026-04-24 08:07:35";"2026-04-24 08:17:19";"32";"Féminin";"38";"Baccalauréat - Bac +2";"5";"Non";"Non";"Non";"Oui";"Non";"2";"4 ans- 14mois";"Oui";"Non";"Non";"Non";"";"Appareils électriques ";"Non";"0";"Oui";"Non";"Oui";"Non";"Non";"Non";"Non";"";"Electrique";"Liquide chaud";"Environ 40%";"Accidentelles";"";"Les 0-4 ans";"Les 0-4 ans";"Chez les filles/femmes";"La cuisine";"";"Avec une bouilloire ou casserole ";"Oui, et la brûlure est grave";"37°C";"Non";"Non";"Non";"Oui";"Non";"Non";"Le poignet (côté paume de la main)";"Oui";"Non";"Oui";"Non";"Non";"Oui";"Oui";"Non";"Oui";"Oui";"Non";"Oui";"Oui";"Non";"Oui";"Oui";"Oui";"Oui";"Oui";"Non";"";"1";"Non";"Non";"Non";"Oui";"Non";"Non";"Oui";"Non";"Non";"Oui";"Non";"Non";"Non";"Non";"Oui";"Non";"Non";"Oui";"Non";"Non";"Oui";"Non";"Non";"Oui";"Non";"Non";"Oui";"Oui";"Oui";"586.23";"138.77";"";"";"";"";"";"";"";"";"";"";"";"";"";"";"201.69";"";"";"";"";"";"";"";"";"";"";"";"";"";"";"";"";"67.99";"";"172.54";"";"";"";"";"";"5.24";""
"500";"";"";"fr";"1660011091";"2026-04-24 08:21:11";"2026-04-24 08:21:11";"";"N/A";"";"";"";"N/A";"N/A";"N/A";"N/A";"N/A";"";"";"N/A";"N/A";"N/A";"N/A";"";"";"N/A";"";"N/A";"N/A";"N/A";"N/A";"N/A";"N/A";"N/A";"";"";"";"";"";"";"";"";"";"";"";"";"";"";"N/A";"N/A";"N/A";"N/A";"N/A";"N/A";"";"N/A";"N/A";"N/A";"N/A";"N/A";"N/A";"N/A";"N/A";"N/A";"N/A";"N/A";"N/A";"N/A";"N/A";"N/A";"N/A";"N/A";"N/A";"N/A";"N/A";"";"";"N/A";"N/A";"N/A";"N/A";"N/A";"N/A";"N/A";"N/A";"N/A";"N/A";"N/A";"N/A";"N/A";"N/A";"N/A";"N/A";"N/A";"N/A";"N/A";"N/A";"N/A";"N/A";"N/A";"N/A";"N/A";"N/A";"N/A";"N/A";"N/A";"0";"";"";"";"";"";"";"";"";"";"";"";"";"";"";"";"";"";"";"";"";"";"";"";"";"";"";"";"";"";"";"";"";"";"";"";"";"";"";"";"";"";""
"501";"2026-04-24 08:34:13";"5";"fr";"339878558";"2026-04-24 08:23:08";"2026-04-24 08:34:13";"32";"Féminin";"92";"≥ Bac + 3";"7";"Non";"Non";"Non";"Non";"Non";"2";"<1   2";"Non";"Oui";"Non";"Non";"";"Brûlures ";"Non";"2";"Non";"Non";"Non";"Non";"Non";"Non";"Non";"Internet ";"Thermique";"Liquide chaud";"Plus de 60%";"Accidentelles";"";"Les 0-4 ans";"Les 0-4 ans";"Autant chez les filles/femmes que les garçons/hommes";"La cuisine";"";"Casserole sir plaque ";"Oui, et la brûlure est superficielle";"37°C";"Non";"Non";"Oui";"Oui";"Non";"Oui";"Le poignet (côté paume de la main)";"Oui";"Non";"Oui";"Non";"Oui";"Oui";"Oui";"Non";"Oui";"Non";"Oui";"Oui";"Oui";"Non";"Non";"Oui";"Oui";"Oui";"Oui";"Non";"";"3";"Non";"Oui";"Oui";"Non";"Oui";"Oui";"Oui";"Oui";"Non";"Oui";"Non";"Non";"Oui";"Oui";"Oui";"Non";"Non";"Oui";"Oui";"Oui";"Oui";"Non";"Oui";"Oui";"Oui";"Non";"Oui";"Oui";"Oui";"666.12";"109.28";"";"";"";"";"";"";"";"";"";"";"";"";"";"";"225.52";"";"";"";"";"";"";"";"";"";"";"";"";"";"";"";"";"94.61";"";"227.97";"";"";"";"";"";"8.74";""
"502";"2026-04-24 08:59:04";"5";"fr";"2130908864";"2026-04-24 08:49:37";"2026-04-24 08:59:04";"31";"Féminin";"76";"≥ Bac + 3";"7";"Non";"Oui";"Non";"Non";"Non";"3";"3 ans, 2 ans, <1 an";"Non";"Oui";"Non";"Non";"";"Chutes
Étouffement
Prises électriques
Doigts coincés dans les portes 
Brûlures en aidant à la cuisine ";"Non";"3";"Non";"Non";"Non";"Non";"Non";"Non";"Non";"Le bon sens";"Par rayonnement d'une grande source de chaleur";"Liquide chaud";"Environ 40%";"Accidentelles";"";"Les 0-4 ans";"Les 0-4 ans";"Autant chez les filles/femmes que les garçons/hommes";"La salle de bain";"";"Erreur de température du lait 
Eau du bain ";"Oui, et la brûlure est grave";"37°C";"Oui";"Non";"Oui";"Oui";"Non";"Non";"Le dos de la main";"Oui";"Non";"Non";"Non";"Non";"Non";"Oui";"Non";"Non";"Non";"Non";"Oui";"Non";"Non";"Non";"Non";"Non";"Oui";"Non";"Non";"";"2";"Non";"Non";"Non";"Oui";"Oui";"Oui";"Non";"Non";"Oui";"Non";"Non";"Non";"Oui";"Non";"Oui";"Non";"Non";"Non";"Non";"Non";"Oui";"Non";"Non";"Oui";"Oui";"Non";"Oui";"Non";"Non";"565.99";"211.57";"";"";"";"";"";"";"";"";"";"";"";"";"";"";"205.21";"";"";"";"";"";"";"";"";"";"";"";"";"";"";"";"";"42.01";"";"101.62";"";"";"";"";"";"5.58";""
"503";"2026-04-24 09:24:23";"5";"fr";"262806189";"2026-04-24 08:51:32";"2026-04-24 09:24:23";"37";"Féminin";"31";"≥ Bac + 3";"7";"Non";"Non";"Non";"Non";"Non";"2";"4 ans - 1 an";"Oui";"Non";"Non";"Non";"";"Chutes (escalier, table à langer..); électricité (pour les logements qui ne sont pas aux normes ; noyade (bain, piscine) - brûlure (casserole d'eau à portée, poêle cheminée) - outils (bricolage et jardin)";"Non";"5";"Oui";"Oui";"Non";"Non";"Non";"Non";"Non";"";"Thermique";"Liquide chaud";"Plus de 60%";"Accidentelles";"";"Les 0-4 ans";"Les 0-4 ans";"Autant chez les filles/femmes que les garçons/hommes";"La cuisine";"";"Casserole 
Appareil à raclette 
Four
Cheminée ou poêle 

";"Oui, et la brûlure est superficielle";"37°C";"Oui";"Non";"Oui";"Oui";"Non";"Oui";"Le poignet (côté paume de la main)";"Oui";"Non";"Oui";"Non";"Oui";"Oui";"Oui";"Oui";"Oui";"Oui";"Non";"Oui";"Non";"Oui";"Oui";"Oui";"Oui";"Oui";"Oui";"Non";"";"4";"Non";"Non";"Non";"Oui";"Oui";"Non";"Oui";"Oui";"Non";"Oui";"Non";"Non";"Non";"Oui";"Oui";"Non";"Non";"Non";"Non";"Non";"Oui";"Non";"Oui";"Oui";"Non";"Non";"Oui";"Non";"Oui";"1973.08";"615.38";"";"";"";"";"";"";"";"";"";"";"";"";"";"";"488.75";"";"";"";"";"";"";"";"";"";"";"";"";"";"";"";"";"196.84";"";"651.51";"";"";"";"";"";"20.6";""
"504";"2026-04-24 09:04:53";"5";"fr";"388946349";"2026-04-24 08:55:46";"2026-04-24 09:04:53";"32";"Féminin";"78";"≥ Bac + 3";"7";"Non";"Non";"Non";"Non";"Non";"4";"9 ans, 6 Ans, 3 ans, 1 mois ";"Non";"Non";"Non";"Non";"Pneumo pediatre";"Chutes, ingestion de produits, noyade (?), étouffement, brûlures …";"Non";"2";"Non";"Non";"Oui";"Non";"Non";"Non";"Non";"Famille, sensibilisation sur internet notamment instagram et chap gpt";"Thermique";"Solide chaud";"Environ 40%";"Accidentelles";"";"Les 0-4 ans";"Les 5-14 ans";"Chez les garçons/hommes";"La cuisine";"";"Inattention ou manque de surveillance";"Oui, et la brûlure est superficielle";"37°C";"Oui";"Oui";"Oui";"Oui";"Non";"Oui";"Le poignet (côté paume de la main)";"Non";"Oui";"Oui";"Non";"Oui";"Oui";"Oui";"Non";"Oui";"Non";"Non";"Non";"Oui";"Oui";"Oui";"Oui";"Oui";"Oui";"Oui";"Non";"";"3";"Non";"Oui";"Non";"Oui";"Oui";"Non";"Oui";"Oui";"Non";"Oui";"Non";"Non";"Oui";"Oui";"Oui";"Non";"Non";"Non";"Non";"Oui";"Oui";"Non";"Oui";"Oui";"Oui";"Non";"Oui";"Non";"Oui";"547.15";"139.46";"";"";"";"";"";"";"";"";"";"";"";"";"";"";"202.92";"";"";"";"";"";"";"";"";"";"";"";"";"";"";"";"";"65.01";"";"133.99";"";"";"";"";"";"5.77";""
"505";"2026-04-24 12:12:28";"5";"fr";"1218159924";"2026-04-24 09:40:43";"2026-04-24 12:12:28";"42";"Masculin";"31";"≥ Bac + 3";"7";"Non";"Non";"Non";"Non";"Non";"2";"4 ans - 3 ans";"Oui";"Non";"Non";"Non";"";"Étouffement (jouet, bouchons, fausse route), coupure (ciseaux, couteaux).";"Non";"3";"Oui";"Non";"Oui";"Non";"Non";"Non";"Non";"";"Thermique";"Liquide chaud";"Plus de 60%";"Accidentelles";"";"Les 0-4 ans";"Les 0-4 ans";"Autant chez les filles/femmes que les garçons/hommes";"La cuisine";"";"Les plats chaud";"Oui, et la brûlure est superficielle";"37°C";"Non";"Non";"Non";"Oui";"Non";"Non";"La paume de la main";"Oui";"Non";"Oui";"Non";"Oui";"Oui";"Non";"Non";"Oui";"Non";"Non";"Non";"Non";"Non";"Non";"Oui";"Oui";"Oui";"Oui";"Non";"";"4";"Non";"Oui";"Oui";"Non";"Non";"Non";"Oui";"Oui";"Oui";"Non";"Non";"Non";"Non";"Non";"Oui";"Non";"Non";"Oui";"Non";"Non";"Oui";"Non";"Oui";"Oui";"Non";"Non";"Oui";"Oui";"N/A";"9106.82";"338.26";"";"";"";"";"";"";"";"";"";"";"";"";"";"";"866.43";"";"";"";"";"";"";"";"";"";"";"";"";"";"";"";"";"7716.17";"";"176.18";"";"";"";"";"";"9.78";""
"506";"";"";"fr";"1010152562";"2026-04-24 09:46:51";"2026-04-24 09:46:51";"";"N/A";"";"";"";"N/A";"N/A";"N/A";"N/A";"N/A";"";"";"N/A";"N/A";"N/A";"N/A";"";"";"N/A";"";"N/A";"N/A";"N/A";"N/A";"N/A";"N/A";"N/A";"";"";"";"";"";"";"";"";"";"";"";"";"";"";"N/A";"N/A";"N/A";"N/A";"N/A";"N/A";"";"N/A";"N/A";"N/A";"N/A";"N/A";"N/A";"N/A";"N/A";"N/A";"N/A";"N/A";"N/A";"N/A";"N/A";"N/A";"N/A";"N/A";"N/A";"N/A";"N/A";"";"";"N/A";"N/A";"N/A";"N/A";"N/A";"N/A";"N/A";"N/A";"N/A";"N/A";"N/A";"N/A";"N/A";"N/A";"N/A";"N/A";"N/A";"N/A";"N/A";"N/A";"N/A";"N/A";"N/A";"N/A";"N/A";"N/A";"N/A";"N/A";"N/A";"0";"";"";"";"";"";"";"";"";"";"";"";"";"";"";"";"";"";"";"";"";"";"";"";"";"";"";"";"";"";"";"";"";"";"";"";"";"";"";"";"";"";""
"507";"2026-04-24 10:32:40";"5";"fr";"44112062";"2026-04-24 10:08:14";"2026-04-24 10:32:40";"42";"Féminin";"31";"≥ Bac + 3";"7";"Non";"Non";"Non";"Non";"Non";"2";"5 ans - 3 ans ";"Oui";"Non";"Non";"Non";"";"Plantes toxiques, chute dans les escaliers, noyade dans le bain, chute d'objets sur la tête, brûlures plaques de cuisson, électrocution prises électriques, étouffement en mangeant";"Non";"4";"Non";"Non";"Non";"Oui";"Non";"Non";"Non";"";"Par frottement";"Solide chaud";"Plus de 60%";"Accidentelles";"";"Les 5-14 ans";"Les 0-4 ans";"Autant chez les filles/femmes que les garçons/hommes";"La cuisine";"";"Plaque de cuisson/four, plats chaud, nourriture chaude, thé/café renversé, bain trop chaud, fer à repasser, radiateur trop chaud, chute ";"Oui, et la brûlure est grave";"37°C";"Oui";"Non";"Oui";"Oui";"Non";"Oui";"Le poignet (côté paume de la main)";"Oui";"Non";"Oui";"Non";"Oui";"Oui";"Oui";"Oui";"Oui";"Oui";"Oui";"Oui";"Oui";"Oui";"Oui";"Oui";"Non";"Oui";"Oui";"Non";"";"3";"Non";"Oui";"Oui";"Non";"Non";"Non";"Oui";"Non";"Non";"Oui";"Non";"Non";"Non";"Oui";"Oui";"Non";"Non";"Oui";"Non";"Non";"Oui";"Non";"Oui";"Oui";"Non";"Non";"Oui";"Non";"Oui";"1466.89";"423.75";"";"";"";"";"";"";"";"";"";"";"";"";"";"";"458.76";"";"";"";"";"";"";"";"";"";"";"";"";"";"";"";"";"119.15";"";"442.71";"";"";"";"";"";"22.52";""
"508";"2026-04-24 11:20:57";"5";"fr";"438769327";"2026-04-24 11:01:47";"2026-04-24 11:20:57";"30";"Féminin";"78";"≥ Bac + 3";"7";"Non";"Non";"Non";"Oui";"Non";"1";"1 mois";"Non";"Oui";"Non";"Non";"";"Brûlures, chutes, ingestion de produits toxiques, traumatisme crânien";"Non";"5";"Non";"Non";"Non";"Non";"Non";"Non";"Non";"Je suis médecin généraliste ";"Thermique";"Liquide chaud";"Plus de 60%";"Accidentelles";"";"Les 0-4 ans";"Les 0-4 ans";"Autant chez les filles/femmes que les garçons/hommes";"La cuisine";"";"Eau bouillante, liquide chaud, cheminée, four";"Oui, et la brûlure est grave";"37°C";"Oui";"Non";"Oui";"Oui";"Non";"Oui";"Le poignet (côté paume de la main)";"Oui";"Non";"Oui";"Non";"Oui";"Non";"Non";"Oui";"Oui";"Non";"Oui";"Oui";"Non";"Non";"Non";"Oui";"Non";"Oui";"Oui";"Non";"";"4";"Non";"Oui";"Non";"Oui";"Oui";"Non";"Oui";"Oui";"Non";"Oui";"Non";"Non";"Non";"Oui";"Oui";"Non";"Non";"Oui";"Non";"Non";"Oui";"Non";"Oui";"Oui";"Non";"Non";"Oui";"Oui";"Non";"1150.6";"174.11";"";"";"";"";"";"";"";"";"";"";"";"";"";"";"362.02";"";"";"";"";"";"";"";"";"";"";"";"";"";"";"";"";"107.49";"";"499.44";"";"";"";"";"";"7.54";""
"509";"";"";"fr";"1352932451";"2026-04-24 13:29:52";"2026-04-24 13:29:52";"";"N/A";"";"";"";"N/A";"N/A";"N/A";"N/A";"N/A";"";"";"N/A";"N/A";"N/A";"N/A";"";"";"N/A";"";"N/A";"N/A";"N/A";"N/A";"N/A";"N/A";"N/A";"";"";"";"";"";"";"";"";"";"";"";"";"";"";"N/A";"N/A";"N/A";"N/A";"N/A";"N/A";"";"N/A";"N/A";"N/A";"N/A";"N/A";"N/A";"N/A";"N/A";"N/A";"N/A";"N/A";"N/A";"N/A";"N/A";"N/A";"N/A";"N/A";"N/A";"N/A";"N/A";"";"";"N/A";"N/A";"N/A";"N/A";"N/A";"N/A";"N/A";"N/A";"N/A";"N/A";"N/A";"N/A";"N/A";"N/A";"N/A";"N/A";"N/A";"N/A";"N/A";"N/A";"N/A";"N/A";"N/A";"N/A";"N/A";"N/A";"N/A";"N/A";"N/A";"0";"";"";"";"";"";"";"";"";"";"";"";"";"";"";"";"";"";"";"";"";"";"";"";"";"";"";"";"";"";"";"";"";"";"";"";"";"";"";"";"";"";""
"510";"";"";"fr";"179452392";"2026-04-24 13:30:22";"2026-04-24 13:30:22";"";"N/A";"";"";"";"N/A";"N/A";"N/A";"N/A";"N/A";"";"";"N/A";"N/A";"N/A";"N/A";"";"";"N/A";"";"N/A";"N/A";"N/A";"N/A";"N/A";"N/A";"N/A";"";"";"";"";"";"";"";"";"";"";"";"";"";"";"N/A";"N/A";"N/A";"N/A";"N/A";"N/A";"";"N/A";"N/A";"N/A";"N/A";"N/A";"N/A";"N/A";"N/A";"N/A";"N/A";"N/A";"N/A";"N/A";"N/A";"N/A";"N/A";"N/A";"N/A";"N/A";"N/A";"";"";"N/A";"N/A";"N/A";"N/A";"N/A";"N/A";"N/A";"N/A";"N/A";"N/A";"N/A";"N/A";"N/A";"N/A";"N/A";"N/A";"N/A";"N/A";"N/A";"N/A";"N/A";"N/A";"N/A";"N/A";"N/A";"N/A";"N/A";"N/A";"N/A";"0";"";"";"";"";"";"";"";"";"";"";"";"";"";"";"";"";"";"";"";"";"";"";"";"";"";"";"";"";"";"";"";"";"";"";"";"";"";"";"";"";"";""
"511";"2026-04-24 14:16:36";"5";"fr";"1992343664";"2026-04-24 13:40:00";"2026-04-24 14:16:36";"33";"Masculin";"35";"≥ Bac + 3";"7";"Non";"Non";"Non";"Non";"Non";"3";"2 ans - 1 an - 1 an";"Oui";"Non";"Non";"Non";"";"Chutes, petits objets qu’ils mettent dans la bouche, escalier.";"Non";"3";"Non";"Non";"Oui";"Oui";"Non";"Non";"Non";"";"Thermique";"Liquide chaud";"Moins de 10%";"Accidentelles";"";"Les 5-14 ans";"Les 5-14 ans";"Chez les garçons/hommes";"La cuisine";"";"Bougie, tasse de café/thé à porter de l’enfant, poêle à bois.";"Oui, et la brûlure est grave";"39°C";"Non";"Oui";"Non";"Non";"Non";"Non";"La bouche";"Oui";"Non";"Non";"Non";"Non";"Oui";"Oui";"Non";"Oui";"Oui";"Non";"Oui";"Oui";"Non";"Oui";"Oui";"Oui";"Oui";"Non";"Non";"";"5";"Non";"Oui";"Oui";"Non";"Oui";"Non";"Oui";"Oui";"Non";"Oui";"Non";"Non";"Oui";"Non";"Oui";"Non";"Non";"Non";"Non";"Non";"Oui";"Non";"Oui";"Non";"Non";"Non";"Oui";"Non";"Non";"2196.31";"208.12";"";"";"";"";"";"";"";"";"";"";"";"";"";"";"298.17";"";"";"";"";"";"";"";"";"";"";"";"";"";"";"";"";"1118.54";"";"554.85";"";"";"";"";"";"16.63";""
"512";"2026-04-24 15:03:17";"5";"fr";"479999546";"2026-04-24 14:35:39";"2026-04-24 15:03:17";"36";"Masculin";"38";"Baccalauréat - Bac +2";"4";"Non";"Non";"Non";"Non";"Non";"2";"1 an - 4 ans";"Oui";"Non";"Non";"Non";"";"chute escalier, canapé, chaises, vélo.";"Non";"1";"Non";"Non";"Non";"Non";"Non";"Non";"Non";"personne";"Par frottement";"Liquide chaud";"Plus de 60%";"Accidentelles";"";"Les 0-4 ans";"Les 0-4 ans";"Autant chez les filles/femmes que les garçons/hommes";"La cuisine";"";"boisson (café ...), nourriture, poêle, bain, douche ...";"Oui, et la brûlure est superficielle";"35°C";"Non";"Non";"Oui";"Oui";"Non";"Oui";"Le dos de la main";"Oui";"Non";"Oui";"Non";"Oui";"Oui";"Oui";"Non";"Non";"Non";"Non";"Oui";"Non";"Oui";"Oui";"Oui";"Oui";"Oui";"Oui";"Non";"";"2";"Non";"Oui";"Oui";"Non";"Oui";"Non";"Non";"Oui";"Oui";"Non";"Non";"Non";"Non";"Non";"Non";"Non";"Non";"Non";"Non";"Oui";"Oui";"Non";"Oui";"Non";"Non";"Non";"Oui";"Non";"N/A";"1657.33";"204.66";"";"";"";"";"";"";"";"";"";"";"";"";"";"";"797.08";"";"";"";"";"";"";"";"";"";"";"";"";"";"";"";"";"90.77";"";"550.47";"";"";"";"";"";"14.35";""
"513";"";"0";"fr";"1193305319";"2026-04-24 14:58:16";"2026-04-24 14:58:46";"";"N/A";"";"";"";"N/A";"N/A";"N/A";"N/A";"N/A";"";"";"Non";"Non";"Non";"Non";"";"";"N/A";"";"N/A";"N/A";"N/A";"N/A";"N/A";"N/A";"N/A";"";"";"";"";"";"";"";"";"";"";"";"";"";"";"N/A";"N/A";"N/A";"N/A";"N/A";"N/A";"";"N/A";"N/A";"N/A";"N/A";"N/A";"N/A";"N/A";"N/A";"N/A";"N/A";"N/A";"N/A";"N/A";"N/A";"N/A";"N/A";"N/A";"N/A";"N/A";"N/A";"";"";"N/A";"N/A";"N/A";"N/A";"N/A";"N/A";"N/A";"N/A";"N/A";"N/A";"N/A";"N/A";"N/A";"N/A";"N/A";"N/A";"N/A";"N/A";"N/A";"N/A";"N/A";"N/A";"N/A";"N/A";"N/A";"N/A";"N/A";"N/A";"N/A";"30.55";"30.55";"";"";"";"";"";"";"";"";"";"";"";"";"";"";"";"";"";"";"";"";"";"";"";"";"";"";"";"";"";"";"";"";"";"";"";"";"";"";"";"";""
"514";"2026-04-24 15:21:29";"5";"fr";"1561945592";"2026-04-24 15:12:18";"2026-04-24 15:21:29";"28";"Féminin";"78";"≥ Bac + 3";"8";"Non";"Non";"Non";"Non";"Non";"1";"3 mois";"Non";"Oui";"Non";"Non";"";"Doigts dans les prises électriques, eau bouillante avec la casserole, tomber de certaines hauteurs (lit…)";"Non";"1";"Oui";"Non";"Non";"Non";"Non";"Non";"Non";"";"Thermique";"Liquide chaud";"Environ 40%";"Accidentelles";"";"Les 0-4 ans";"Les 0-4 ans";"Autant chez les filles/femmes que les garçons/hommes";"La cuisine";"";"En grimpant sur une chaise ";"Oui, et la brûlure est grave";"37°C";"Non";"Non";"Oui";"Oui";"Non";"Oui";"Le dos de la main";"Oui";"Non";"Oui";"Non";"Non";"Non";"Non";"Oui";"Oui";"Oui";"Oui";"Oui";"Oui";"Non";"Oui";"Oui";"Oui";"Oui";"Oui";"Non";"";"2";"Non";"Oui";"Non";"Oui";"Oui";"Non";"Oui";"Oui";"Non";"Oui";"Non";"Non";"Oui";"Oui";"Oui";"Non";"Oui";"Oui";"Non";"Oui";"Oui";"Non";"Oui";"Oui";"Oui";"Non";"Oui";"Oui";"Oui";"552.27";"112.35";"";"";"";"";"";"";"";"";"";"";"";"";"";"";"240.19";"";"";"";"";"";"";"";"";"";"";"";"";"";"";"";"";"83.57";"";"110.31";"";"";"";"";"";"5.85";""
"515";"";"3";"fr";"315506";"2026-04-24 15:54:00";"2026-04-24 16:00:13";"29";"Masculin";"38";"Baccalauréat - Bac +2";"5";"Oui";"Non";"Non";"Non";"Non";"2";"5 mois - 5 ans";"Oui";"Non";"Non";"Non";"";"Produits toxique a portée de main
Casseroles sur le feu non surveillée
Poêle a bois ou cheminée non sécurisée
Meuble non accrochés
Objets dangereux a portée de main";"Non";"5";"Oui";"Non";"Non";"Oui";"Non";"Non";"Non";"";"Thermique";"Liquide chaud";"Plus de 60%";"Accidentelles";"";"Les 0-4 ans";"Les 0-4 ans";"Autant chez les filles/femmes que les garçons/hommes";"La cuisine";"";"Casseroles d'eau chaude, bouilloire, café ou soupe chaude, température du bain non maîtrisée ";"Oui, et la brûlure est grave";"37°C";"Non";"Non";"Oui";"Oui";"Non";"Non";"Le dos de la main";"Oui";"Non";"Oui";"Non";"Oui";"Oui";"Oui";"Non";"Oui";"Non";"Non";"Non";"Oui";"Oui";"Non";"Non";"Oui";"Oui";"Oui";"Non";"";"";"N/A";"N/A";"N/A";"N/A";"N/A";"N/A";"N/A";"N/A";"N/A";"N/A";"N/A";"N/A";"N/A";"N/A";"N/A";"N/A";"N/A";"N/A";"N/A";"N/A";"N/A";"N/A";"N/A";"N/A";"N/A";"N/A";"N/A";"N/A";"N/A";"373.06";"148.58";"";"";"";"";"";"";"";"";"";"";"";"";"";"";"170.4";"";"";"";"";"";"";"";"";"";"";"";"";"";"";"";"";"54.08";"";"";"";"";"";"";"";"";""
"516";"";"";"fr";"758311385";"2026-04-24 16:16:10";"2026-04-24 16:16:10";"";"N/A";"";"";"";"N/A";"N/A";"N/A";"N/A";"N/A";"";"";"N/A";"N/A";"N/A";"N/A";"";"";"N/A";"";"N/A";"N/A";"N/A";"N/A";"N/A";"N/A";"N/A";"";"";"";"";"";"";"";"";"";"";"";"";"";"";"N/A";"N/A";"N/A";"N/A";"N/A";"N/A";"";"N/A";"N/A";"N/A";"N/A";"N/A";"N/A";"N/A";"N/A";"N/A";"N/A";"N/A";"N/A";"N/A";"N/A";"N/A";"N/A";"N/A";"N/A";"N/A";"N/A";"";"";"N/A";"N/A";"N/A";"N/A";"N/A";"N/A";"N/A";"N/A";"N/A";"N/A";"N/A";"N/A";"N/A";"N/A";"N/A";"N/A";"N/A";"N/A";"N/A";"N/A";"N/A";"N/A";"N/A";"N/A";"N/A";"N/A";"N/A";"N/A";"N/A";"0";"";"";"";"";"";"";"";"";"";"";"";"";"";"";"";"";"";"";"";"";"";"";"";"";"";"";"";"";"";"";"";"";"";"";"";"";"";"";"";"";"";""
"517";"2026-04-24 18:24:24";"5";"fr";"1514702776";"2026-04-24 18:12:22";"2026-04-24 18:24:24";"43";"Féminin";"78";"≥ Bac + 3";"10";"Non";"Non";"Non";"Non";"Non";"4";"12 ans -11 ans- 8 ans- 13 mois";"Oui";"Non";"Non";"Non";"";"Brûlure
Noyade
Objets contendants
Chute diverses
Étouffement 
Avaler des objets trop petits";"Non";"3";"Oui";"Non";"Oui";"Oui";"Non";"Non";"Non";"";"Thermique";"Liquide chaud";"Plus de 60%";"Accidentelles";"";"Les 0-4 ans";"Les 0-4 ans";"Autant chez les filles/femmes que les garçons/hommes";"La cuisine";"";"Eau bouillante
Fer à repasser
Prise electrique";"Oui, et la brûlure est grave";"37°C";"Non";"Non";"Oui";"Oui";"Non";"Oui";"Le poignet (côté dos de la main)";"Oui";"Non";"Oui";"Non";"Oui";"Oui";"Oui";"Non";"Oui";"Oui";"Non";"Non";"Non";"Non";"Non";"Non";"Oui";"Non";"Oui";"Non";"";"3";"Oui";"Oui";"Non";"Non";"Non";"Non";"Non";"Oui";"Oui";"Non";"Non";"Non";"Non";"Oui";"Oui";"Non";"Non";"Non";"Non";"Non";"Oui";"Non";"Oui";"Oui";"Non";"Non";"Oui";"Non";"Oui";"723.65";"172.65";"";"";"";"";"";"";"";"";"";"";"";"";"";"";"220.49";"";"";"";"";"";"";"";"";"";"";"";"";"";"";"";"";"64.6";"";"253.25";"";"";"";"";"";"12.66";""
"518";"";"";"fr";"1365515560";"2026-04-25 08:01:37";"2026-04-25 08:01:37";"";"N/A";"";"";"";"N/A";"N/A";"N/A";"N/A";"N/A";"";"";"N/A";"N/A";"N/A";"N/A";"";"";"N/A";"";"N/A";"N/A";"N/A";"N/A";"N/A";"N/A";"N/A";"";"";"";"";"";"";"";"";"";"";"";"";"";"";"N/A";"N/A";"N/A";"N/A";"N/A";"N/A";"";"N/A";"N/A";"N/A";"N/A";"N/A";"N/A";"N/A";"N/A";"N/A";"N/A";"N/A";"N/A";"N/A";"N/A";"N/A";"N/A";"N/A";"N/A";"N/A";"N/A";"";"";"N/A";"N/A";"N/A";"N/A";"N/A";"N/A";"N/A";"N/A";"N/A";"N/A";"N/A";"N/A";"N/A";"N/A";"N/A";"N/A";"N/A";"N/A";"N/A";"N/A";"N/A";"N/A";"N/A";"N/A";"N/A";"N/A";"N/A";"N/A";"N/A";"0";"";"";"";"";"";"";"";"";"";"";"";"";"";"";"";"";"";"";"";"";"";"";"";"";"";"";"";"";"";"";"";"";"";"";"";"";"";"";"";"";"";""
"519";"2026-04-25 09:33:55";"5";"fr";"1107318006";"2026-04-25 09:22:40";"2026-04-25 09:33:55";"36";"Féminin";"78";"≥ Bac + 3";"7";"Non";"Non";"Non";"Non";"Non";"1";"5 mois";"Non";"Oui";"Non";"Non";"";"Chute, brûlure, coupure, empoissonnement";"Non";"3";"Non";"Non";"Non";"Oui";"Non";"Non";"Non";"";"Chimique";"Liquide chaud";"Plus de 60%";"Accidentelles";"";"Les 0-4 ans";"Les 0-4 ans";"Autant chez les filles/femmes que les garçons/hommes";"La cuisine";"";"En attrapant des objets de type tasse chaude, ";"Oui, et la brûlure est superficielle";"37°C";"Non";"Non";"Oui";"Oui";"Non";"Oui";"Le poignet (côté paume de la main)";"Oui";"Non";"Oui";"Non";"Oui";"Non";"Oui";"Oui";"Non";"Non";"Oui";"Oui";"Oui";"Oui";"Oui";"Oui";"Oui";"Oui";"Oui";"Non";"";"4";"Non";"Oui";"Non";"Oui";"Non";"Non";"Oui";"Oui";"Non";"Oui";"Non";"Non";"Non";"Oui";"Oui";"Non";"Oui";"Oui";"Non";"Non";"Oui";"Non";"Oui";"Oui";"Oui";"Non";"Non";"Non";"Oui";"676.29";"116.74";"";"";"";"";"";"";"";"";"";"";"";"";"";"";"234.61";"";"";"";"";"";"";"";"";"";"";"";"";"";"";"";"";"70.52";"";"246.63";"";"";"";"";"";"7.79";""
"520";"2026-04-25 09:43:26";"5";"fr";"236856834";"2026-04-25 09:35:40";"2026-04-25 09:43:26";"37";"Féminin";"78";"≥ Bac + 3";"7";"Non";"Non";"Non";"Non";"Non";"3";"6 ans - 4 ans - 1 an";"Oui";"Oui";"Non";"Non";"";"Brûlures
Chutes (fenêtres)
Noyade 
Étranglement ";"Non";"3";"Non";"Non";"Oui";"Non";"Non";"Non";"Non";"";"Thermique";"Liquide chaud";"Plus de 60%";"Accidentelles";"";"Les 5-14 ans";"Les 5-14 ans";"Autant chez les filles/femmes que les garçons/hommes";"La cuisine";"";"Dans la cuisine. ";"Oui, et la brûlure est grave";"37°C";"Non";"Non";"Non";"Oui";"Non";"Non";"La bouche";"Oui";"Non";"Oui";"Non";"Oui";"Non";"Oui";"Oui";"Oui";"Oui";"Oui";"Oui";"Oui";"Oui";"Oui";"Oui";"Non";"Oui";"Oui";"Non";"";"3";"Non";"Non";"Oui";"Non";"Non";"Non";"Non";"Oui";"Oui";"Non";"Non";"Non";"Non";"Non";"Non";"Non";"Non";"Non";"Non";"Non";"Oui";"Non";"Oui";"Oui";"Oui";"Non";"Oui";"Non";"Oui";"462.71";"140.63";"";"";"";"";"";"";"";"";"";"";"";"";"";"";"163.31";"";"";"";"";"";"";"";"";"";"";"";"";"";"";"";"";"46.81";"";"107.04";"";"";"";"";"";"4.92";""
"521";"";"1";"fr";"213379279";"2026-04-25 11:25:52";"2026-04-25 11:32:34";"3";"Féminin";"94";"Inférieur au baccalauréat";"7";"Non";"Non";"Non";"Oui";"Non";"2";"-12 3 ";"Oui";"Oui";"Non";"Non";"";"Électrocution, brûlures, étouffement ";"Non";"4";"Non";"Non";"Non";"Oui";"Non";"Non";"Non";"";"Chimique";"Flamme/feu";"Moins de 10%";"Accidentelles";"";"Les 0-4 ans";"Les 0-4 ans";"Autant chez les filles/femmes que les garçons/hommes";"La cuisine";"";"";"";"";"Non";"Non";"Non";"Non";"Non";"Non";"";"N/A";"N/A";"N/A";"N/A";"N/A";"N/A";"N/A";"N/A";"N/A";"N/A";"N/A";"N/A";"N/A";"N/A";"N/A";"N/A";"N/A";"N/A";"N/A";"N/A";"";"";"N/A";"N/A";"N/A";"N/A";"N/A";"N/A";"N/A";"N/A";"N/A";"N/A";"N/A";"N/A";"N/A";"N/A";"N/A";"N/A";"N/A";"N/A";"N/A";"N/A";"N/A";"N/A";"N/A";"N/A";"N/A";"N/A";"N/A";"N/A";"N/A";"402.24";"227.09";"";"";"";"";"";"";"";"";"";"";"";"";"";"";"175.15";"";"";"";"";"";"";"";"";"";"";"";"";"";"";"";"";"";"";"";"";"";"";"";"";"";""
"522";"2026-04-25 12:14:11";"5";"fr";"1367381734";"2026-04-25 12:04:16";"2026-04-25 12:14:11";"28";"Féminin";"94";"≥ Bac + 3";"5";"Non";"Non";"Non";"Non";"Non";"1";"1 an";"Oui";"Oui";"Non";"Non";"";"Chutes 
Escaliers 
Nourriture ";"Non";"1";"Oui";"Non";"Non";"Non";"Non";"Non";"Non";"";"Thermique";"Liquide chaud";"Environ 40%";"Accidentelles";"";"Les 0-4 ans";"Les 0-4 ans";"Autant chez les filles/femmes que les garçons/hommes";"La cuisine";"";"Une tasse qui traîne 
Bougie allumée
Bougie anniversaire ";"Oui, et la brûlure est grave";"35°C";"Non";"Oui";"Oui";"Oui";"Non";"Oui";"Le poignet (côté paume de la main)";"Oui";"Non";"Oui";"Non";"Non";"Oui";"Oui";"Non";"Non";"Oui";"Oui";"Oui";"Oui";"Oui";"Non";"Oui";"Oui";"Oui";"Oui";"Non";"";"2";"Non";"Oui";"Oui";"Non";"Oui";"Non";"Oui";"Oui";"Oui";"Non";"Non";"Non";"Oui";"Non";"Oui";"Non";"Oui";"Non";"Non";"Non";"Oui";"Non";"Oui";"Oui";"Oui";"Non";"Oui";"Oui";"Oui";"595.87";"120.47";"";"";"";"";"";"";"";"";"";"";"";"";"";"";"172.53";"";"";"";"";"";"";"";"";"";"";"";"";"";"";"";"";"103.71";"";"194.94";"";"";"";"";"";"4.22";""
"523";"";"1";"fr";"1082847983";"2026-04-25 12:59:47";"2026-04-25 13:02:34";"36";"Féminin";"78";"≥ Bac + 3";"10";"Non";"Non";"Non";"Oui";"Oui";"2";"2 ans - 6 mois";"Non";"Oui";"Non";"Non";"";"Brûlures
Chutes
Intoxication 
Étouffements noyade
Électrocutions
";"N/A";"";"N/A";"N/A";"N/A";"N/A";"N/A";"N/A";"N/A";"";"";"";"";"";"";"";"";"";"";"";"";"";"";"N/A";"N/A";"N/A";"N/A";"N/A";"N/A";"";"N/A";"N/A";"N/A";"N/A";"N/A";"N/A";"N/A";"N/A";"N/A";"N/A";"N/A";"N/A";"N/A";"N/A";"N/A";"N/A";"N/A";"N/A";"N/A";"N/A";"";"";"N/A";"N/A";"N/A";"N/A";"N/A";"N/A";"N/A";"N/A";"N/A";"N/A";"N/A";"N/A";"N/A";"N/A";"N/A";"N/A";"N/A";"N/A";"N/A";"N/A";"N/A";"N/A";"N/A";"N/A";"N/A";"N/A";"N/A";"N/A";"N/A";"166.23";"166.23";"";"";"";"";"";"";"";"";"";"";"";"";"";"";"";"";"";"";"";"";"";"";"";"";"";"";"";"";"";"";"";"";"";"";"";"";"";"";"";"";""
"524";"2026-04-25 13:27:49";"5";"fr";"1879489106";"2026-04-25 13:05:54";"2026-04-25 13:27:49";"32";"Masculin";"78";"≥ Bac + 3";"8";"Non";"Non";"Non";"Non";"Non";"1";"10 mois";"Non";"Oui";"Non";"Non";"";"Chute, électricité, produits chimiques ménagers";"Non";"2";"Non";"Non";"Non";"Oui";"Non";"Non";"Non";"";"Chimique";"Liquide chaud";"Plus de 60%";"Accidentelles";"";"Les 0-4 ans";"Les 0-4 ans";"Autant chez les filles/femmes que les garçons/hommes";"La cuisine";"";"Produit chimique ";"Oui, et la brûlure est superficielle";"35°C";"Non";"Non";"Oui";"Non";"Non";"Oui";"Le dos de la main";"Oui";"Non";"Oui";"Non";"Oui";"Non";"Oui";"Oui";"Oui";"Non";"Non";"Oui";"Non";"Oui";"Non";"Non";"Oui";"Oui";"Oui";"Non";"";"3";"Non";"Non";"Oui";"Non";"Oui";"Non";"Oui";"Non";"Oui";"Non";"Non";"Non";"Oui";"Oui";"Oui";"Non";"Non";"Oui";"Non";"Non";"Oui";"Non";"Oui";"Non";"Non";"Non";"Oui";"Non";"Oui";"1317.62";"128.23";"";"";"";"";"";"";"";"";"";"";"";"";"";"";"158.8";"";"";"";"";"";"";"";"";"";"";"";"";"";"";"";"";"78.5";"";"944.68";"";"";"";"";"";"7.41";""
"525";"";"";"fr";"1041217560";"2026-04-25 13:34:26";"2026-04-25 13:34:26";"";"N/A";"";"";"";"N/A";"N/A";"N/A";"N/A";"N/A";"";"";"N/A";"N/A";"N/A";"N/A";"";"";"N/A";"";"N/A";"N/A";"N/A";"N/A";"N/A";"N/A";"N/A";"";"";"";"";"";"";"";"";"";"";"";"";"";"";"N/A";"N/A";"N/A";"N/A";"N/A";"N/A";"";"N/A";"N/A";"N/A";"N/A";"N/A";"N/A";"N/A";"N/A";"N/A";"N/A";"N/A";"N/A";"N/A";"N/A";"N/A";"N/A";"N/A";"N/A";"N/A";"N/A";"";"";"N/A";"N/A";"N/A";"N/A";"N/A";"N/A";"N/A";"N/A";"N/A";"N/A";"N/A";"N/A";"N/A";"N/A";"N/A";"N/A";"N/A";"N/A";"N/A";"N/A";"N/A";"N/A";"N/A";"N/A";"N/A";"N/A";"N/A";"N/A";"N/A";"0";"";"";"";"";"";"";"";"";"";"";"";"";"";"";"";"";"";"";"";"";"";"";"";"";"";"";"";"";"";"";"";"";"";"";"";"";"";"";"";"";"";""
"526";"2026-04-25 14:21:07";"5";"fr";"1849050113";"2026-04-25 14:09:23";"2026-04-25 14:21:07";"29";"Féminin";"69";"≥ Bac + 3";"9";"Non";"Non";"Non";"Non";"Non";"1";"9 mois ";"Non";"Oui";"Non";"Non";"";"Chute/se cogne - Brûlure - aliment coincé ";"Non";"1";"Non";"Non";"Non";"Non";"Non";"Non";"Non";"On dit et « bon sens »";"Thermique";"Liquide chaud";"Plus de 60%";"Liées à de la maltraitance";"";"Les 0-4 ans";"";"Chez les garçons/hommes";"La cuisine";"";"Eau bouillante - soupe bouillante - poêle (si on en a un)";"Oui, et la brûlure est superficielle";"37°C";"Non";"Non";"Oui";"Oui";"Non";"Oui";"La bouche";"Oui";"Non";"Oui";"Non";"Non";"Non";"Oui";"Non";"Oui";"Oui";"Non";"Oui";"Oui";"Oui";"Oui";"Oui";"Non";"Oui";"Oui";"Non";"";"3";"Non";"Oui";"Non";"Oui";"Oui";"Non";"Oui";"Non";"Non";"Oui";"Non";"Non";"Non";"Non";"Oui";"Non";"Non";"Oui";"Non";"Non";"Oui";"Non";"Oui";"Oui";"Oui";"Non";"Oui";"Oui";"Oui";"705.3";"161.61";"";"";"";"";"";"";"";"";"";"";"";"";"";"";"249.1";"";"";"";"";"";"";"";"";"";"";"";"";"";"";"";"";"85.28";"";"202.68";"";"";"";"";"";"6.63";""
"527";"";"2";"fr";"1363742123";"2026-04-25 14:29:41";"2026-04-25 14:34:28";"39";"Féminin";"92";"Baccalauréat - Bac +2";"8";"Non";"Non";"Non";"Non";"Non";"4";"6 ans 5 ans 2 ans 6 mois ";"Non";"Oui";"Non";"Non";"";"Escalier, porte, brûlure";"Non";"2";"Non";"Non";"Non";"Non";"Non";"Non";"Non";"Le bouche à oreille ";"Thermique";"Liquide chaud";"Moins de 10%";"Accidentelles";"";"Les 0-4 ans";"Les 0-4 ans";"Autant chez les filles/femmes que les garçons/hommes";"La cuisine";"";"Inatention ";"Oui, et la brûlure est grave";"37°C";"Non";"Non";"Oui";"Oui";"Non";"Oui";"Le poignet (côté paume de la main)";"N/A";"N/A";"N/A";"N/A";"N/A";"N/A";"N/A";"N/A";"N/A";"N/A";"N/A";"N/A";"N/A";"N/A";"N/A";"N/A";"N/A";"N/A";"N/A";"N/A";"";"";"N/A";"N/A";"N/A";"N/A";"N/A";"N/A";"N/A";"N/A";"N/A";"N/A";"N/A";"N/A";"N/A";"N/A";"N/A";"N/A";"N/A";"N/A";"N/A";"N/A";"N/A";"N/A";"N/A";"N/A";"N/A";"N/A";"N/A";"N/A";"N/A";"287.15";"106.02";"";"";"";"";"";"";"";"";"";"";"";"";"";"";"181.13";"";"";"";"";"";"";"";"";"";"";"";"";"";"";"";"";"";"";"";"";"";"";"";"";"";""
"528";"2026-04-25 18:59:20";"5";"fr";"455687100";"2026-04-25 18:45:49";"2026-04-25 18:59:20";"28";"Féminin";"94";"≥ Bac + 3";"6";"Non";"Oui";"Non";"Oui";"Non";"2";"6 mois - 2 ans ";"Oui";"Non";"Non";"Non";"";"Chute , brûlure , intoxication , étouffement , noyade , électrocution ";"Non";"4";"Non";"Non";"Non";"Non";"Non";"Non";"Non";"Réseaux  sociaux ";"Thermique";"Liquide chaud";"Plus de 60%";"Accidentelles";"";"Les 5-14 ans";"Les 0-4 ans";"Autant chez les filles/femmes que les garçons/hommes";"La cuisine";"";"Plat chaud , four , cheminée ";"Oui, et la brûlure est grave";"37°C";"Non";"Non";"Oui";"Oui";"Non";"Oui";"Le poignet (côté paume de la main)";"Oui";"Non";"Non";"Non";"Non";"Oui";"Oui";"Oui";"Oui";"Non";"Non";"Non";"Non";"Non";"Non";"Oui";"Oui";"Oui";"Oui";"Non";"";"3";"Non";"Oui";"Oui";"Non";"Oui";"Non";"Oui";"Oui";"Non";"Oui";"Non";"Non";"Non";"Oui";"Oui";"Non";"Non";"Non";"Oui";"Non";"Oui";"Non";"Non";"Oui";"Non";"Non";"Oui";"Non";"Oui";"812.77";"230.07";"";"";"";"";"";"";"";"";"";"";"";"";"";"";"296.17";"";"";"";"";"";"";"";"";"";"";"";"";"";"";"";"";"62.73";"";"215.13";"";"";"";"";"";"8.67";""
"529";"2026-04-25 20:12:23";"5";"fr";"808760660";"2026-04-25 19:38:31";"2026-04-25 20:12:23";"37";"Masculin";"78";"≥ Bac + 3";"7";"Non";"Oui";"Non";"Non";"Non";"3";"4ans-2ans-7mois";"Oui";"Non";"Non";"Non";"";"chutes.";"Non";"5";"Non";"Non";"Oui";"Oui";"Non";"Non";"Non";"";"Thermique";"Liquide chaud";"Plus de 60%";"Accidentelles";"";"Les 0-4 ans";"Les 0-4 ans";"Autant chez les filles/femmes que les garçons/hommes";"La cuisine";"";"les appareils de cuisson ";"Oui, et la brûlure est grave";"37°C";"Oui";"Non";"Oui";"Oui";"Non";"Oui";"Le poignet (côté paume de la main)";"Oui";"Non";"Oui";"Oui";"Oui";"Oui";"Oui";"Oui";"Oui";"Oui";"Oui";"Oui";"Oui";"Oui";"Oui";"Oui";"Oui";"Oui";"Oui";"Non";"";"5";"Non";"Oui";"Non";"Oui";"Non";"Non";"Oui";"Oui";"Non";"Oui";"Non";"Non";"Non";"Oui";"Oui";"Non";"Non";"Non";"Non";"Oui";"Oui";"Non";"Oui";"Oui";"Oui";"Non";"Oui";"Oui";"Oui";"2032.96";"555.81";"";"";"";"";"";"";"";"";"";"";"";"";"";"";"905.21";"";"";"";"";"";"";"";"";"";"";"";"";"";"";"";"";"167.72";"";"387.63";"";"";"";"";"";"16.59";""
"530";"2026-04-26 14:14:16";"5";"fr";"1743000412";"2026-04-26 14:00:13";"2026-04-26 14:14:16";"34";"Masculin";"78";"≥ Bac + 3";"8";"Non";"Non";"Non";"Non";"Non";"3";"2 ans 4 ans 6 ans";"Oui";"Non";"Non";"Non";"";"Chutes, coupures, piqures";"Non";"3";"Non";"Non";"Non";"Non";"Non";"Non";"Non";"Habitudes ";"Thermique";"Solide chaud";"Environ 40%";"Accidentelles";"";"Les 0-4 ans";"Les 0-4 ans";"Chez les garçons/hommes";"La cuisine";"";"Casseroles, recipients chauds, eau chaude, bouilloire, prises électriques";"Oui, et la brûlure est superficielle";"";"Oui";"Non";"Oui";"Oui";"Non";"Oui";"Le dos de la main";"Oui";"Non";"Oui";"Non";"Oui";"Non";"Oui";"Non";"Non";"Oui";"Oui";"Oui";"Non";"Oui";"Non";"Non";"Non";"Oui";"Non";"Non";"";"2";"Non";"Oui";"Oui";"Non";"Non";"Non";"Oui";"Non";"Non";"Oui";"Non";"Non";"Non";"Non";"Oui";"Non";"Oui";"Non";"Non";"Non";"Oui";"Non";"Oui";"Oui";"Non";"Non";"Oui";"Non";"Non";"844.4";"120.82";"";"";"";"";"";"";"";"";"";"";"";"";"";"";"373.06";"";"";"";"";"";"";"";"";"";"";"";"";"";"";"";"";"125.4";"";"215.26";"";"";"";"";"";"9.86";""
"531";"2026-04-26 14:10:24";"5";"fr";"1319497181";"2026-04-26 14:01:19";"2026-04-26 14:10:24";"27";"Féminin";"94";"≥ Bac + 3";"7";"Non";"Non";"Non";"Oui";"Non";"1";"1 An";"Non";"Oui";"Non";"Non";"";"Chute 
Prise de produits dangereux 
Brûlure 
Coupure 
";"Non";"4";"Non";"Non";"Non";"Oui";"Non";"Non";"Non";"Métier ";"Chimique";"Liquide chaud";"Environ 40%";"Accidentelles";"";"Les 0-4 ans";"Les 0-4 ans";"Autant chez les filles/femmes que les garçons/hommes";"La cuisine";"";"Renverser une casserole chaude 
Avaler ou renverser des produits nocifs
Appareil chauffant (lisseur …) ";"Oui, et la brûlure est superficielle";"37°C";"Non";"Non";"Oui";"Oui";"Non";"Non";"Le poignet (côté paume de la main)";"Oui";"Non";"Oui";"Oui";"Oui";"Non";"Oui";"Non";"Oui";"Oui";"Oui";"Oui";"Oui";"Oui";"Non";"Oui";"Oui";"Oui";"Oui";"Non";"";"3";"Non";"Non";"Non";"Oui";"Non";"Non";"Oui";"Non";"Non";"Oui";"Non";"Non";"Non";"Oui";"Oui";"Non";"Non";"Oui";"Non";"Oui";"Oui";"Non";"Oui";"Oui";"Oui";"Non";"Oui";"Oui";"Oui";"546.83";"140.64";"";"";"";"";"";"";"";"";"";"";"";"";"";"";"226.02";"";"";"";"";"";"";"";"";"";"";"";"";"";"";"";"";"55.7";"";"119.58";"";"";"";"";"";"4.89";""
"532";"";"1";"fr";"2009092835";"2026-04-27 11:31:45";"2026-04-27 11:33:30";"34";"Féminin";"37";"≥ Bac + 3";"7";"Non";"Non";"Non";"Non";"Non";"1";"5 mois";"Oui";"Non";"Non";"Non";"";"Tomber du lit 
Elle est cascadeuse ";"N/A";"";"N/A";"N/A";"N/A";"N/A";"N/A";"N/A";"N/A";"";"";"";"";"";"";"";"";"";"";"";"";"";"";"N/A";"N/A";"N/A";"N/A";"N/A";"N/A";"";"N/A";"N/A";"N/A";"N/A";"N/A";"N/A";"N/A";"N/A";"N/A";"N/A";"N/A";"N/A";"N/A";"N/A";"N/A";"N/A";"N/A";"N/A";"N/A";"N/A";"";"";"N/A";"N/A";"N/A";"N/A";"N/A";"N/A";"N/A";"N/A";"N/A";"N/A";"N/A";"N/A";"N/A";"N/A";"N/A";"N/A";"N/A";"N/A";"N/A";"N/A";"N/A";"N/A";"N/A";"N/A";"N/A";"N/A";"N/A";"N/A";"N/A";"105.05";"105.05";"";"";"";"";"";"";"";"";"";"";"";"";"";"";"";"";"";"";"";"";"";"";"";"";"";"";"";"";"";"";"";"";"";"";"";"";"";"";"";"";""
"533";"2026-04-28 09:20:45";"5";"fr";"1420094647";"2026-04-28 08:51:49";"2026-04-28 09:20:45";"28";"Féminin";"56";"≥ Bac + 3";"8";"Non";"Non";"Non";"Oui";"Oui";"1";"2 mois ";"Oui";"Non";"Non";"Non";"";"Chutes - brûlures - intoxication aux produits ménagers - noyade - blessures avec objets coupants - étouffement ";"Non";"5";"Oui";"Non";"Non";"Oui";"Non";"Non";"Non";"";"Thermique";"Liquide chaud";"Plus de 60%";"Accidentelles";"";"Les 0-4 ans";"Les 0-4 ans";"Autant chez les filles/femmes que les garçons/hommes";"La cuisine";"";"Fer à repasser - liquides chauds - poële ou cheminée - ";"Oui, et la brûlure est grave";"37°C";"Oui";"Non";"Oui";"Oui";"Non";"Oui";"Le poignet (côté paume de la main)";"Oui";"Non";"Oui";"Non";"Oui";"Non";"Non";"Non";"Non";"Non";"Oui";"Oui";"Non";"Oui";"Non";"Non";"Non";"Oui";"Oui";"Non";"";"3";"Non";"Non";"Oui";"Non";"Non";"Non";"Non";"Oui";"Non";"Oui";"Non";"Non";"Non";"Non";"Non";"Non";"Non";"Non";"Non";"Non";"Oui";"Non";"Oui";"Oui";"Non";"Non";"Oui";"Oui";"Oui";"1737.32";"793.56";"";"";"";"";"";"";"";"";"";"";"";"";"";"";"534.44";"";"";"";"";"";"";"";"";"";"";"";"";"";"";"";"";"80.06";"";"321.9";"";"";"";"";"";"7.36";""
"534";"2026-04-28 14:10:43";"5";"fr";"412755443";"2026-04-28 13:51:41";"2026-04-28 14:10:43";"38";"Féminin";"78";"≥ Bac + 3";"10";"Non";"Non";"Non";"Non";"Non";"4";"10 ans - 7 ans - 4 ans - 1 an";"Non";"Oui";"Non";"Non";"";"Brûlure, chute, empoisonnement produits ménagers ou toxiques, étouffement, noyade en cas de piscine, ingérences produits dangereux";"Non";"4";"Oui";"Non";"Oui";"Oui";"Non";"Non";"Non";"Internet";"Par rayonnement d'une grande source de chaleur";"Liquide chaud";"Plus de 60%";"Accidentelles";"";"Les 0-4 ans";"Les 0-4 ans";"Autant chez les filles/femmes que les garçons/hommes";"La cuisine";"";"Eau bouillante";"Oui, et la brûlure est grave";"37°C";"Non";"Non";"Non";"Oui";"Non";"Non";"Le poignet (côté paume de la main)";"Oui";"Non";"Oui";"Non";"Oui";"Oui";"Oui";"Non";"Oui";"Oui";"Oui";"Oui";"Oui";"Oui";"Oui";"Oui";"Oui";"Oui";"Non";"Non";"";"4";"Non";"Oui";"Oui";"Non";"Non";"Non";"Non";"Oui";"Oui";"Non";"Non";"Non";"Non";"Oui";"Non";"Non";"Non";"Non";"Non";"Non";"Oui";"Non";"Oui";"Oui";"Oui";"Non";"Oui";"Non";"Oui";"1143.42";"436.28";"";"";"";"";"";"";"";"";"";"";"";"";"";"";"329.56";"";"";"";"";"";"";"";"";"";"";"";"";"";"";"";"";"66.97";"";"296.87";"";"";"";"";"";"13.74";""
"535";"2026-04-28 18:15:21";"5";"fr";"532216753";"2026-04-28 17:50:54";"2026-04-28 18:15:21";"34";"Féminin";"38";"Baccalauréat - Bac +2";"6";"Non";"Non";"Oui";"Non";"Non";"2";"5 ans - 2 ans et demi";"Oui";"Non";"Non";"Non";"";"Brûlures, coupures, noyade.";"Non";"3";"Oui";"Non";"Non";"Oui";"Non";"Non";"Non";"";"Thermique";"Liquide chaud";"Environ 40%";"Accidentelles";"";"Les 0-4 ans";"Les 0-4 ans";"Autant chez les filles/femmes que les garçons/hommes";"La cuisine";"";"En touchant les casseroles / poêles, bouilloires électriques, par projection d’huile de friture,…";"Oui, et la brûlure est superficielle";"37°C";"Non";"Non";"Oui";"Oui";"Non";"Oui";"Le poignet (côté paume de la main)";"Oui";"Non";"Oui";"Oui";"Oui";"Oui";"Oui";"Oui";"Oui";"Oui";"Oui";"Oui";"Oui";"Oui";"Oui";"Oui";"Oui";"Oui";"Oui";"Non";"";"5";"Non";"Non";"Non";"Oui";"Non";"Non";"Oui";"Oui";"Non";"Oui";"Non";"Non";"Non";"Non";"Oui";"Non";"Non";"Oui";"Non";"Non";"Oui";"Non";"Oui";"Oui";"Non";"Non";"Oui";"Oui";"Oui";"1466.41";"972.68";"";"";"";"";"";"";"";"";"";"";"";"";"";"";"211.68";"";"";"";"";"";"";"";"";"";"";"";"";"";"";"";"";"84.12";"";"190.05";"";"";"";"";"";"7.88";""
"536";"2026-04-28 18:47:12";"5";"fr";"1412726835";"2026-04-28 18:37:25";"2026-04-28 18:47:12";"35";"Féminin";"78";"≥ Bac + 3";"6";"Non";"Non";"Non";"Non";"Non";"2";"5 ans - 18 mois";"Oui";"Non";"Non";"Non";"";"Électrique - étouffement - intoxication - noyade ";"Non";"3";"Non";"Non";"Non";"Oui";"Non";"Non";"Non";"";"Par rayonnement d'une grande source de chaleur";"Liquide chaud";"Environ 40%";"Accidentelles";"";"Les 0-4 ans";"Les 0-4 ans";"Chez les garçons/hommes";"La cuisine";"";"Eau bouillante ";"Oui, et la brûlure est superficielle";"37°C";"Non";"Non";"Oui";"Oui";"Non";"Oui";"La paume de la main";"Oui";"Non";"Oui";"Oui";"Oui";"Oui";"Oui";"Oui";"Non";"Oui";"Oui";"Oui";"Oui";"Oui";"Oui";"Oui";"Oui";"Oui";"Oui";"Non";"";"2";"Non";"Oui";"Oui";"Non";"Non";"Non";"Oui";"Oui";"Oui";"Non";"Non";"Non";"Oui";"Non";"Oui";"Non";"Non";"Oui";"Non";"Non";"Oui";"Non";"Oui";"Oui";"Oui";"Non";"Oui";"Oui";"Oui";"587.98";"115.3";"";"";"";"";"";"";"";"";"";"";"";"";"";"";"109.64";"";"";"";"";"";"";"";"";"";"";"";"";"";"";"";"";"85.4";"";"270.2";"";"";"";"";"";"7.44";""
"537";"";"1";"fr";"1138724419";"2026-04-29 02:08:24";"2026-04-29 02:17:26";"33";"Féminin";"40";"≥ Bac + 3";"7";"Non";"Non";"Non";"Non";"Non";"2";"1 an - 3 ans ";"Oui";"Non";"Non";"Non";"";"Trébuchements, chutes";"N/A";"";"N/A";"N/A";"N/A";"N/A";"N/A";"N/A";"N/A";"";"";"";"";"";"";"";"";"";"";"";"";"";"";"N/A";"N/A";"N/A";"N/A";"N/A";"N/A";"";"N/A";"N/A";"N/A";"N/A";"N/A";"N/A";"N/A";"N/A";"N/A";"N/A";"N/A";"N/A";"N/A";"N/A";"N/A";"N/A";"N/A";"N/A";"N/A";"N/A";"";"";"N/A";"N/A";"N/A";"N/A";"N/A";"N/A";"N/A";"N/A";"N/A";"N/A";"N/A";"N/A";"N/A";"N/A";"N/A";"N/A";"N/A";"N/A";"N/A";"N/A";"N/A";"N/A";"N/A";"N/A";"N/A";"N/A";"N/A";"N/A";"N/A";"542.78";"542.78";"";"";"";"";"";"";"";"";"";"";"";"";"";"";"";"";"";"";"";"";"";"";"";"";"";"";"";"";"";"";"";"";"";"";"";"";"";"";"";"";""
"538";"2026-04-29 02:41:04";"5";"fr";"1560431482";"2026-04-29 02:23:27";"2026-04-29 02:41:04";"33";"Féminin";"40";"≥ Bac + 3";"7";"Non";"Non";"Non";"Non";"Non";"2";"1 an - 3 ans ";"Oui";"Non";"Non";"Non";"";"Trébuchements, chutes";"Non";"3";"Non";"Non";"Oui";"Non";"Non";"Non";"Non";"";"Par rayonnement d'une grande source de chaleur";"Liquide chaud";"Plus de 60%";"Accidentelles";"";"Les 0-4 ans";"Les 0-4 ans";"Chez les garçons/hommes";"La cuisine";"";"Assez grands en taille pour toucher aux plaques et au four. Plat brûlant, the ou café renversés";"Oui, et la brûlure est grave";"33°C";"Non";"Non";"Oui";"Oui";"Non";"Oui";"Le poignet (côté paume de la main)";"Oui";"Non";"Oui";"Non";"Oui";"Non";"Oui";"Non";"Non";"Non";"Non";"Oui";"Non";"Non";"Non";"Non";"Non";"Non";"Oui";"Non";"Pas de biberons, fer à repasser ni cigarettes chez nous. Apprentissage des dangers dès le plus jeune âge ou blocage des accès aux éléments trop à risques.";"4";"Non";"Oui";"Oui";"Non";"Oui";"Oui";"Oui";"Oui";"Non";"Oui";"Non";"Non";"Non";"Oui";"Oui";"Non";"Non";"Non";"Non";"Oui";"Oui";"Non";"Oui";"Oui";"Non";"Non";"Oui";"Oui";"Oui";"1059.43";"77.48";"";"";"";"";"";"";"";"";"";"";"";"";"";"";"442.76";"";"";"";"";"";"";"";"";"";"";"";"";"";"";"";"";"262";"";"251.65";"";"";"";"";"";"25.54";""
"539";"2026-04-29 11:16:30";"5";"fr";"1514054203";"2026-04-29 11:10:20";"2026-04-29 11:16:30";"30";"Masculin";"69";"≥ Bac + 3";"7";"Non";"Non";"Non";"Non";"Non";"1";"6 mois";"Non";"Oui";"Non";"Non";"";"Chute, brûlure, électrisation, noyade";"Non";"4";"Non";"Non";"Non";"Oui";"Non";"Non";"Non";"";"Par rayonnement d'une grande source de chaleur";"Flamme/feu";"Environ 40%";"Accidentelles";"";"Les 0-4 ans";"Les 0-4 ans";"Autant chez les filles/femmes que les garçons/hommes";"La cuisine";"";"Produits ménagers, gaz";"Oui, et la brûlure est grave";"37°C";"Non";"Non";"Oui";"Oui";"Non";"Non";"Le poignet (côté paume de la main)";"Oui";"Non";"Oui";"Non";"Oui";"Oui";"Oui";"Non";"Oui";"Non";"Non";"Oui";"Non";"Oui";"Non";"Non";"Non";"Oui";"Non";"Non";"";"4";"Non";"Oui";"Oui";"Non";"Non";"Non";"Oui";"Oui";"Non";"Oui";"Non";"Non";"Non";"Non";"Oui";"Non";"Non";"Oui";"Non";"Oui";"Oui";"Non";"Oui";"Non";"Non";"Non";"Oui";"Non";"Oui";"369.72";"90.1";"";"";"";"";"";"";"";"";"";"";"";"";"";"";"107.39";"";"";"";"";"";"";"";"";"";"";"";"";"";"";"";"";"55.8";"";"109.3";"";"";"";"";"";"7.13";""
"540";"2026-04-29 12:54:16";"5";"fr";"975310059";"2026-04-29 12:39:47";"2026-04-29 12:54:16";"34";"Féminin";"38";"Baccalauréat - Bac +2";"6";"Non";"Oui";"Non";"Non";"Non";"1";"2 ans";"Oui";"Oui";"Non";"Non";"";"Prises électrique, cuisine (four/plaque/ect), chute de la chaise ou canapé, étouffement, escaliers ...";"Non";"2";"Oui";"Non";"Non";"Non";"Non";"Non";"Non";"Internet que je regarde régulièrement pour ne pas oublier ";"Thermique";"Liquide chaud";"Plus de 60%";"Accidentelles";"";"Les 0-4 ans";"Les 0-4 ans";"Autant chez les filles/femmes que les garçons/hommes";"La cuisine";"";"Ustensiles chaud, manche ustensiles dépassant les plaques de cuisson, le four, bougie allumée, ";"Oui, et la brûlure est superficielle";"37°C";"Non";"Non";"Oui";"Oui";"Non";"Oui";"Le poignet (côté paume de la main)";"Oui";"Non";"Oui";"Non";"Oui";"Oui";"Oui";"Non";"Oui";"Non";"Oui";"Oui";"Oui";"Oui";"Oui";"Oui";"Oui";"Oui";"Oui";"Non";"";"3";"Non";"Non";"Non";"Oui";"Non";"Non";"Oui";"Oui";"Non";"Oui";"Non";"Non";"Non";"Non";"Oui";"Non";"Non";"Oui";"Non";"Non";"Oui";"Non";"Oui";"Oui";"Non";"Non";"Oui";"Oui";"Oui";"869.11";"184.83";"";"";"";"";"";"";"";"";"";"";"";"";"";"";"302.09";"";"";"";"";"";"";"";"";"";"";"";"";"";"";"";"";"63.34";"";"310.73";"";"";"";"";"";"8.12";""
"541";"";"";"fr";"2033698311";"2026-04-30 09:29:39";"2026-04-30 09:29:39";"";"N/A";"";"";"";"N/A";"N/A";"N/A";"N/A";"N/A";"";"";"N/A";"N/A";"N/A";"N/A";"";"";"N/A";"";"N/A";"N/A";"N/A";"N/A";"N/A";"N/A";"N/A";"";"";"";"";"";"";"";"";"";"";"";"";"";"";"N/A";"N/A";"N/A";"N/A";"N/A";"N/A";"";"N/A";"N/A";"N/A";"N/A";"N/A";"N/A";"N/A";"N/A";"N/A";"N/A";"N/A";"N/A";"N/A";"N/A";"N/A";"N/A";"N/A";"N/A";"N/A";"N/A";"";"";"N/A";"N/A";"N/A";"N/A";"N/A";"N/A";"N/A";"N/A";"N/A";"N/A";"N/A";"N/A";"N/A";"N/A";"N/A";"N/A";"N/A";"N/A";"N/A";"N/A";"N/A";"N/A";"N/A";"N/A";"N/A";"N/A";"N/A";"N/A";"N/A";"0";"";"";"";"";"";"";"";"";"";"";"";"";"";"";"";"";"";"";"";"";"";"";"";"";"";"";"";"";"";"";"";"";"";"";"";"";"";"";"";"";"";""
"543";"2026-04-30 15:53:05";"5";"fr";"675256578";"2026-04-30 15:25:41";"2026-04-30 15:53:05";"34";"Masculin";"38";"≥ Bac + 3";"5";"Non";"Non";"Non";"Non";"Non";"3";"4 ans-6 mois-6 mois";"Non";"Oui";"Non";"Non";"";"Intoxication au produit ménager
Brûlures
Chute";"Non";"3";"Oui";"Non";"Oui";"Oui";"Non";"Non";"Non";"";"Thermique";"Liquide chaud";"Plus de 60%";"Accidentelles";"";"Les 5-14 ans";"Les 0-4 ans";"Autant chez les filles/femmes que les garçons/hommes";"La cuisine";"";"Casserole
Fer a repasser ";"Oui, et la brûlure est grave";"37°C";"Non";"Non";"Non";"Oui";"Non";"Non";"Le dos de la main";"Oui";"Non";"Oui";"Non";"Oui";"Oui";"Oui";"Oui";"Oui";"Oui";"Non";"Oui";"Oui";"Oui";"Oui";"Oui";"Oui";"Oui";"Oui";"Non";"";"3";"Non";"Oui";"Non";"Oui";"Non";"Non";"Oui";"Oui";"Non";"Oui";"Non";"Non";"Non";"Non";"Oui";"Non";"Non";"Non";"Non";"Non";"Oui";"Non";"Oui";"Non";"Non";"Non";"Oui";"Non";"Oui";"1644.15";"158.71";"";"";"";"";"";"";"";"";"";"";"";"";"";"";"143.61";"";"";"";"";"";"";"";"";"";"";"";"";"";"";"";"";"1160.96";"";"167.76";"";"";"";"";"";"13.11";""
"544";"";"";"fr";"135477723";"2026-04-30 18:59:13";"2026-04-30 18:59:13";"";"N/A";"";"";"";"N/A";"N/A";"N/A";"N/A";"N/A";"";"";"N/A";"N/A";"N/A";"N/A";"";"";"N/A";"";"N/A";"N/A";"N/A";"N/A";"N/A";"N/A";"N/A";"";"";"";"";"";"";"";"";"";"";"";"";"";"";"N/A";"N/A";"N/A";"N/A";"N/A";"N/A";"";"N/A";"N/A";"N/A";"N/A";"N/A";"N/A";"N/A";"N/A";"N/A";"N/A";"N/A";"N/A";"N/A";"N/A";"N/A";"N/A";"N/A";"N/A";"N/A";"N/A";"";"";"N/A";"N/A";"N/A";"N/A";"N/A";"N/A";"N/A";"N/A";"N/A";"N/A";"N/A";"N/A";"N/A";"N/A";"N/A";"N/A";"N/A";"N/A";"N/A";"N/A";"N/A";"N/A";"N/A";"N/A";"N/A";"N/A";"N/A";"N/A";"N/A";"0";"";"";"";"";"";"";"";"";"";"";"";"";"";"";"";"";"";"";"";"";"";"";"";"";"";"";"";"";"";"";"";"";"";"";"";"";"";"";"";"";"";""
"545";"";"";"fr";"203892567";"2026-05-02 16:39:56";"2026-05-02 16:39:56";"";"N/A";"";"";"";"N/A";"N/A";"N/A";"N/A";"N/A";"";"";"N/A";"N/A";"N/A";"N/A";"";"";"N/A";"";"N/A";"N/A";"N/A";"N/A";"N/A";"N/A";"N/A";"";"";"";"";"";"";"";"";"";"";"";"";"";"";"N/A";"N/A";"N/A";"N/A";"N/A";"N/A";"";"N/A";"N/A";"N/A";"N/A";"N/A";"N/A";"N/A";"N/A";"N/A";"N/A";"N/A";"N/A";"N/A";"N/A";"N/A";"N/A";"N/A";"N/A";"N/A";"N/A";"";"";"N/A";"N/A";"N/A";"N/A";"N/A";"N/A";"N/A";"N/A";"N/A";"N/A";"N/A";"N/A";"N/A";"N/A";"N/A";"N/A";"N/A";"N/A";"N/A";"N/A";"N/A";"N/A";"N/A";"N/A";"N/A";"N/A";"N/A";"N/A";"N/A";"0";"";"";"";"";"";"";"";"";"";"";"";"";"";"";"";"";"";"";"";"";"";"";"";"";"";"";"";"";"";"";"";"";"";"";"";"";"";"";"";"";"";""
"546";"2026-05-03 08:54:36";"5";"fr";"26054232";"2026-05-03 08:33:39";"2026-05-03 08:54:36";"27";"Féminin";"77";"≥ Bac + 3";"6";"Non";"Non";"Non";"Non";"Non";"3";"4 ans - 2 ans - 2 mois";"Oui";"Oui";"Non";"Non";"";"Brûlure, chute, chute d’objet, fermeture portes, utilisation outils de bricolage ou jardinage, étouffement, éclats de verre, coupures avec ustensiles cuisine, noyade bain ";"Oui";"5";"Non";"Non";"Non";"Non";"Non";"Non";"Non";"Famille";"Par rayonnement d'une grande source de chaleur";"Liquide chaud";"Plus de 60%";"Accidentelles";"";"Les 0-4 ans";"Les 5-14 ans";"Autant chez les filles/femmes que les garçons/hommes";"La cuisine";"";"Eau de cuisson, eau de bouilloire , coup de soleil, soupe ou café thé renversé, toucher d’une casserole, toucher des plaques de cuisson, eau de bain trop chaude, aliments trop chauds, feu de cheminée ou poêle à bois, barbecue, glissade le long d’une corde ";"Oui, et la brûlure est grave";"39°C";"Non";"Non";"Oui";"Oui";"Non";"Oui";"Le poignet (côté paume de la main)";"Oui";"Non";"Oui";"Non";"Oui";"Oui";"Oui";"Non";"Non";"Non";"Oui";"Non";"Non";"Oui";"Oui";"Oui";"Non";"Oui";"Oui";"Non";"J’éloigne mes enfants lorsque je cuisine, je reste proche d’eux lorsqu’ils sont sur une structure de jeux";"3";"Non";"Non";"Oui";"Non";"Oui";"Oui";"Oui";"Non";"Oui";"Non";"Non";"Non";"Oui";"Non";"Oui";"Non";"Non";"Oui";"Oui";"Non";"Oui";"Non";"Oui";"Oui";"Non";"Non";"Oui";"Non";"Oui";"1259.99";"383.18";"";"";"";"";"";"";"";"";"";"";"";"";"";"";"457.56";"";"";"";"";"";"";"";"";"";"";"";"";"";"";"";"";"224.78";"";"188.57";"";"";"";"";"";"5.9";""
"547";"";"";"fr";"846983514";"2026-05-04 15:34:48";"2026-05-04 15:34:48";"";"N/A";"";"";"";"N/A";"N/A";"N/A";"N/A";"N/A";"";"";"N/A";"N/A";"N/A";"N/A";"";"";"N/A";"";"N/A";"N/A";"N/A";"N/A";"N/A";"N/A";"N/A";"";"";"";"";"";"";"";"";"";"";"";"";"";"";"N/A";"N/A";"N/A";"N/A";"N/A";"N/A";"";"N/A";"N/A";"N/A";"N/A";"N/A";"N/A";"N/A";"N/A";"N/A";"N/A";"N/A";"N/A";"N/A";"N/A";"N/A";"N/A";"N/A";"N/A";"N/A";"N/A";"";"";"N/A";"N/A";"N/A";"N/A";"N/A";"N/A";"N/A";"N/A";"N/A";"N/A";"N/A";"N/A";"N/A";"N/A";"N/A";"N/A";"N/A";"N/A";"N/A";"N/A";"N/A";"N/A";"N/A";"N/A";"N/A";"N/A";"N/A";"N/A";"N/A";"0";"";"";"";"";"";"";"";"";"";"";"";"";"";"";"";"";"";"";"";"";"";"";"";"";"";"";"";"";"";"";"";"";"";"";"";"";"";"";"";"";"";""
"548";"2026-05-04 16:55:20";"5";"fr";"602575651";"2026-05-04 16:40:03";"2026-05-04 16:55:20";"41";"Féminin";"92";"Baccalauréat - Bac +2";"5";"Oui";"Non";"Oui";"Non";"Non";"3";"16 ans - 12 ans - 10 ans";"Non";"Oui";"Non";"Non";"";"Chute, étouffement, noyade ( rare  ) ";"Non";"3";"Oui";"Non";"Non";"Non";"Non";"Non";"Non";"";"Par rayonnement d'une grande source de chaleur";"Flamme/feu";"Environ 40%";"Accidentelles";"";"Les 0-4 ans";"Les 0-4 ans";"Autant chez les filles/femmes que les garçons/hommes";"La cuisine";"";"Préparation du repas ";"Oui, et la brûlure est grave";"37°C";"Non";"Non";"Oui";"Oui";"Non";"Oui";"Le poignet (côté paume de la main)";"Oui";"Non";"Oui";"Oui";"Oui";"Non";"Oui";"Non";"Oui";"Oui";"Oui";"Oui";"Oui";"Oui";"Oui";"Oui";"Oui";"Oui";"Oui";"Non";"";"3";"Non";"Oui";"Non";"Oui";"Non";"Non";"Oui";"Oui";"Non";"Oui";"Non";"Non";"Oui";"Oui";"Oui";"Non";"Non";"Oui";"Non";"Non";"Oui";"Non";"Oui";"Oui";"Non";"Non";"Oui";"Non";"Non";"916.5";"271.35";"";"";"";"";"";"";"";"";"";"";"";"";"";"";"337.12";"";"";"";"";"";"";"";"";"";"";"";"";"";"";"";"";"77.85";"";"223.95";"";"";"";"";"";"6.23";""
"549";"";"";"fr";"1367915170";"2026-05-04 17:15:43";"2026-05-04 17:15:43";"";"N/A";"";"";"";"N/A";"N/A";"N/A";"N/A";"N/A";"";"";"N/A";"N/A";"N/A";"N/A";"";"";"N/A";"";"N/A";"N/A";"N/A";"N/A";"N/A";"N/A";"N/A";"";"";"";"";"";"";"";"";"";"";"";"";"";"";"N/A";"N/A";"N/A";"N/A";"N/A";"N/A";"";"N/A";"N/A";"N/A";"N/A";"N/A";"N/A";"N/A";"N/A";"N/A";"N/A";"N/A";"N/A";"N/A";"N/A";"N/A";"N/A";"N/A";"N/A";"N/A";"N/A";"";"";"N/A";"N/A";"N/A";"N/A";"N/A";"N/A";"N/A";"N/A";"N/A";"N/A";"N/A";"N/A";"N/A";"N/A";"N/A";"N/A";"N/A";"N/A";"N/A";"N/A";"N/A";"N/A";"N/A";"N/A";"N/A";"N/A";"N/A";"N/A";"N/A";"0";"";"";"";"";"";"";"";"";"";"";"";"";"";"";"";"";"";"";"";"";"";"";"";"";"";"";"";"";"";"";"";"";"";"";"";"";"";"";"";"";"";""
"550";"2026-05-04 17:37:34";"5";"fr";"1528405708";"2026-05-04 17:25:27";"2026-05-04 17:37:34";"28";"Masculin";"92";"≥ Bac + 3";"5";"Non";"Non";"Non";"Non";"Non";"1";"1";"Oui";"Non";"Non";"Non";"";"Brûlures, ingestion de produits chimiques, étouffement, noyade dans le bain, coincer les doigts, tomber dans les escaliers, électricité, ";"Non";"3";"Non";"Non";"Oui";"Oui";"Non";"Non";"Non";"";"Par rayonnement d'une grande source de chaleur";"Liquide chaud";"Plus de 60%";"Accidentelles";"";"Les 0-4 ans";"Les 0-4 ans";"Autant chez les filles/femmes que les garçons/hommes";"La cuisine";"";"Casserole, soleil, cheminée ";"Oui, et la brûlure est grave";"37°C";"Oui";"Oui";"Oui";"Oui";"Oui";"Oui";"Le poignet (côté paume de la main)";"Oui";"Oui";"Oui";"Non";"Oui";"Non";"Oui";"Oui";"Oui";"Non";"Oui";"Oui";"Oui";"Oui";"Oui";"Oui";"Oui";"Oui";"Oui";"Non";"";"3";"Non";"Oui";"Non";"Non";"Oui";"Non";"Oui";"Oui";"Oui";"Non";"Non";"Non";"Non";"Non";"Oui";"Non";"Non";"Non";"Non";"Non";"Oui";"Non";"Non";"Oui";"Oui";"Non";"Oui";"Oui";"N/A";"728";"206.77";"";"";"";"";"";"";"";"";"";"";"";"";"";"";"228.02";"";"";"";"";"";"";"";"";"";"";"";"";"";"";"";"";"81.27";"";"202.09";"";"";"";"";"";"9.85";""
"551";"2026-05-04 19:15:08";"5";"fr";"124356492";"2026-05-04 18:45:45";"2026-05-04 19:15:08";"44";"Masculin";"92";"Inférieur au baccalauréat";"8";"Non";"Non";"Oui";"Non";"Non";"3";"11 ans ,4 ans, 11 mois";"Oui";"Oui";"Non";"Non";"";"Glisser quand  le sol est  mouillé , ou tombe  du lit ";"Non";"3";"Oui";"Non";"Oui";"Oui";"Non";"Non";"Oui";"";"Thermique";"Liquide chaud";"Environ 40%";"Accidentelles";"";"Les 0-4 ans";"Les 0-4 ans";"Autant chez les filles/femmes que les garçons/hommes";"La salle de bain";"";"L'eau chaude ";"Oui, et la brûlure est grave";"37°C";"Oui";"Non";"Non";"Oui";"Non";"Oui";"Le dos de la main";"Oui";"Non";"Oui";"Non";"Oui";"Non";"Oui";"Non";"Non";"Non";"Oui";"Oui";"Oui";"Oui";"Non";"Non";"Non";"Oui";"Oui";"Non";"";"4";"Non";"Non";"Oui";"Oui";"Non";"Non";"Non";"Non";"Oui";"Oui";"Non";"Non";"Non";"Non";"Non";"Non";"Non";"Oui";"Non";"Non";"Non";"Non";"Oui";"Non";"Non";"Non";"Non";"Non";"Oui";"1764.09";"586.44";"";"";"";"";"";"";"";"";"";"";"";"";"";"";"683.32";"";"";"";"";"";"";"";"";"";"";"";"";"";"";"";"";"248.62";"";"234.41";"";"";"";"";"";"11.3";""
"552";"2026-05-04 19:44:31";"5";"fr";"556811882";"2026-05-04 19:19:12";"2026-05-04 19:44:31";"35";"Féminin";"92";"Baccalauréat - Bac +2";"3";"Oui";"Non";"Non";"Non";"Oui";"3";"11 mois, 4 ans, 11 ans";"Oui";"Non";"Non";"Oui";"";"Bris de verre, eau/huile chaude dans la cuisine, manipulation de couteaux, tomber du lit des parents, café/thé bouillant, avaller ou mettre dans le nez/oreille des petits jeux type légos. ";"Non";"3";"Non";"Non";"Non";"Oui";"Non";"Non";"Non";"";"Thermique";"Liquide chaud";"Plus de 60%";"Accidentelles";"";"Les 0-4 ans";"Les 0-4 ans";"Autant chez les filles/femmes que les garçons/hommes";"La cuisine";"";"Pendant le jeu libre, dans le salon par exemple. Une seconde d'inatention et il renverse un café ou un thé chaud sur lui en tirant sur la nappe.";"Oui, et la brûlure est grave";"37°C";"Oui";"Non";"Oui";"Oui";"Non";"Oui";"Le poignet (côté paume de la main)";"Oui";"Non";"Oui";"Oui";"Oui";"Non";"Oui";"Oui";"Oui";"Oui";"Oui";"Oui";"Oui";"Oui";"Oui";"Non";"Non";"Oui";"Oui";"Non";"";"4";"Non";"Non";"Non";"Oui";"Non";"Non";"Oui";"Non";"Non";"Oui";"Non";"Non";"Non";"Non";"Oui";"Non";"Non";"Oui";"Non";"Non";"Oui";"Non";"Oui";"Non";"Oui";"Non";"Oui";"Oui";"Oui";"1519.75";"469.56";"";"";"";"";"";"";"";"";"";"";"";"";"";"";"475.43";"";"";"";"";"";"";"";"";"";"";"";"";"";"";"";"";"160.92";"";"401.66";"";"";"";"";"";"12.18";""
"553";"2026-05-04 21:50:50";"5";"fr";"3559665";"2026-05-04 21:41:40";"2026-05-04 21:50:50";"64";"Féminin";"78";"≥ Bac + 3";"7";"Non";"Non";"Oui";"Non";"Non";"0";"37 ans, 35 ans, 31 ans";"Oui";"Oui";"Non";"Non";"";"Chute, brûlure ";"Non";"4";"Non";"Non";"Oui";"Non";"Non";"Non";"Non";"";"Thermique";"Flamme/feu";"Plus de 60%";"Accidentelles";"";"Les 5-14 ans";"Les 5-14 ans";"Autant chez les filles/femmes que les garçons/hommes";"La cuisine";"";"En faisant tomber une casserole qui est sur le feu";"Oui, et la brûlure est grave";"37°C";"Oui";"Oui";"Oui";"Oui";"Oui";"Oui";"Le poignet (côté paume de la main)";"Oui";"Non";"Oui";"Non";"Oui";"Non";"Oui";"Non";"Oui";"Non";"Non";"Oui";"Oui";"Oui";"Non";"Oui";"Non";"Non";"Oui";"Non";"";"2";"Non";"Oui";"Non";"Non";"Oui";"Non";"Oui";"Non";"Non";"Non";"Non";"Non";"Oui";"Non";"Non";"Non";"Non";"Non";"Non";"Non";"Oui";"Non";"Oui";"Non";"Non";"Non";"Non";"Non";"Non";"551.15";"168.28";"";"";"";"";"";"";"";"";"";"";"";"";"";"";"196.85";"";"";"";"";"";"";"";"";"";"";"";"";"";"";"";"";"59.16";"";"120.17";"";"";"";"";"";"6.69";""
"554";"2026-05-04 22:29:19";"5";"fr";"248857962";"2026-05-04 22:07:39";"2026-05-04 22:29:19";"42";"Féminin";"92";"Baccalauréat - Bac +2";"8";"Non";"Non";"Non";"Oui";"Oui";"4";"18 ans- 16 ans - 11 ans - 7 ans";"Oui";"Non";"Non";"Non";"";"Brûlure, chutes, intoxications, électrocutions ";"Non";"5";"Non";"Non";"Oui";"Oui";"Non";"Non";"Non";"";"Thermique";"Liquide chaud";"Environ 40%";"Accidentelles";"";"Les 5-14 ans";"Les 0-4 ans";"Chez les filles/femmes";"La cuisine";"";"Plaque de cuisson, liquide chaud, feux";"Oui, et la brûlure est grave";"37°C";"Oui";"Non";"Oui";"Oui";"Non";"Oui";"Le poignet (côté paume de la main)";"Oui";"Non";"Oui";"Non";"Oui";"Oui";"Oui";"Non";"Non";"Non";"Non";"Oui";"Non";"Non";"Non";"Non";"Oui";"Oui";"Oui";"Non";"";"4";"Non";"Oui";"Non";"Oui";"Oui";"Non";"Oui";"Oui";"Non";"Oui";"Non";"Non";"Non";"Oui";"Oui";"Non";"Non";"Oui";"Non";"Non";"Oui";"Non";"Oui";"Oui";"Oui";"Non";"Non";"Oui";"Oui";"1301.94";"392.39";"";"";"";"";"";"";"";"";"";"";"";"";"";"";"518.46";"";"";"";"";"";"";"";"";"";"";"";"";"";"";"";"";"82.05";"";"293.47";"";"";"";"";"";"15.57";""
"555";"2026-05-04 22:54:41";"5";"fr";"189114142";"2026-05-04 22:34:50";"2026-05-04 22:54:41";"42";"Féminin";"92";"≥ Bac + 3";"7";"Non";"Non";"Non";"Non";"Non";"3";"5 ans - 9 ans - 11 ans";"Non";"Oui";"Non";"Non";"";"Chute (canapé, escalade d’étagères, jeux), produits ménager (ingestion), brûlure (cuisine, bain)";"Non";"2";"Oui";"Non";"Non";"Oui";"Non";"Non";"Non";"";"Thermique";"Liquide chaud";"Environ 40%";"Accidentelles";"";"Les 0-4 ans";"Les 0-4 ans";"Chez les garçons/hommes";"La salle de bain";"";"Eau chaude
Liquide dans les Casseroles
Plaques chauffantes ";"Oui, et la brûlure est grave";"37°C";"Oui";"Non";"Oui";"Oui";"Non";"Oui";"Le poignet (côté paume de la main)";"Oui";"Non";"Oui";"Non";"Oui";"Oui";"Oui";"Non";"Non";"Non";"Non";"Non";"Non";"Oui";"Oui";"Oui";"Oui";"Oui";"Oui";"Non";"";"2";"Non";"Oui";"Oui";"Non";"Oui";"Non";"Oui";"Oui";"Non";"Oui";"Non";"Non";"Non";"Non";"Oui";"Non";"Non";"Oui";"Non";"Non";"Oui";"Non";"Oui";"Oui";"Non";"Non";"Oui";"Non";"Oui";"1192.03";"213.01";"";"";"";"";"";"";"";"";"";"";"";"";"";"";"471.97";"";"";"";"";"";"";"";"";"";"";"";"";"";"";"";"";"86.9";"";"394.64";"";"";"";"";"";"25.51";""
"556";"2026-05-05 14:32:03";"5";"fr";"1213318467";"2026-05-05 14:24:42";"2026-05-05 14:32:03";"40";"Masculin";"92";"≥ Bac + 3";"6";"Non";"Non";"Non";"Non";"Non";"2";"6 ans et 10 ans";"Non";"Oui";"Non";"Oui";"";"Chute 
Se cogner ";"Non";"3";"Oui";"Non";"Oui";"Non";"Oui";"Non";"Oui";"";"Thermique";"Solide chaud";"Plus de 60%";"Accidentelles";"";"Les 5-14 ans";"Les 0-4 ans";"Autant chez les filles/femmes que les garçons/hommes";"La cuisine";"";"Eau chaude 
Nourriture chaude
Four plaque électroménager de cuisson";"Oui, et la brûlure est superficielle";"35°C";"Non";"Non";"Oui";"Oui";"Non";"Non";"La bouche";"Oui";"Non";"Oui";"Non";"Oui";"Non";"Oui";"Non";"Non";"Non";"Oui";"Oui";"Oui";"Oui";"Oui";"Oui";"Non";"Oui";"Oui";"Non";"";"4";"Non";"Oui";"Oui";"Non";"Oui";"Oui";"Oui";"Non";"Non";"Oui";"Oui";"Non";"Oui";"Oui";"Oui";"Non";"Non";"Oui";"Non";"Non";"Oui";"Non";"Oui";"Non";"Oui";"Non";"Non";"Oui";"Non";"441.88";"102.42";"";"";"";"";"";"";"";"";"";"";"";"";"";"";"156.04";"";"";"";"";"";"";"";"";"";"";"";"";"";"";"";"";"56.17";"";"121.1";"";"";"";"";"";"6.15";""
"557";"";"1";"fr";"1523905892";"2026-05-05 18:44:51";"2026-05-05 18:46:32";"43";"Féminin";"38";"≥ Bac + 3";"9";"Non";"Non";"Non";"Non";"Non";"3";"10 9 et 4";"Oui";"Oui";"Non";"Non";"";"Chute
Brûlures
Produits toxiques";"N/A";"";"N/A";"N/A";"N/A";"N/A";"N/A";"N/A";"N/A";"";"";"";"";"";"";"";"";"";"";"";"";"";"";"N/A";"N/A";"N/A";"N/A";"N/A";"N/A";"";"N/A";"N/A";"N/A";"N/A";"N/A";"N/A";"N/A";"N/A";"N/A";"N/A";"N/A";"N/A";"N/A";"N/A";"N/A";"N/A";"N/A";"N/A";"N/A";"N/A";"";"";"N/A";"N/A";"N/A";"N/A";"N/A";"N/A";"N/A";"N/A";"N/A";"N/A";"N/A";"N/A";"N/A";"N/A";"N/A";"N/A";"N/A";"N/A";"N/A";"N/A";"N/A";"N/A";"N/A";"N/A";"N/A";"N/A";"N/A";"N/A";"N/A";"101.32";"101.32";"";"";"";"";"";"";"";"";"";"";"";"";"";"";"";"";"";"";"";"";"";"";"";"";"";"";"";"";"";"";"";"";"";"";"";"";"";"";"";"";""
"558";"2026-05-05 19:52:02";"5";"fr";"289169349";"2026-05-05 19:45:12";"2026-05-05 19:52:02";"36";"Féminin";"78";"≥ Bac + 3";"8";"Non";"Non";"Non";"Non";"Non";"3";"6 ans - 5 ans - 1 an";"Non";"Oui";"Non";"Non";"";"Chutes. Se cogner.";"Non";"4";"Non";"Non";"Oui";"Non";"Non";"Non";"Non";"";"Par rayonnement d'une grande source de chaleur";"Liquide chaud";"Moins de 10%";"Accidentelles";"";"";"";"Autant chez les filles/femmes que les garçons/hommes";"La cuisine";"";"Plaques de cuisson et four";"Oui, et la brûlure est superficielle";"39°C";"Non";"Non";"Non";"Oui";"Non";"Non";"Le poignet (côté paume de la main)";"Oui";"Oui";"Oui";"Oui";"Oui";"Non";"Oui";"Non";"Oui";"Non";"Non";"Oui";"Non";"Oui";"Oui";"Oui";"Non";"Oui";"Oui";"Non";"";"4";"Non";"Oui";"Oui";"Non";"Non";"Non";"Non";"Oui";"Oui";"Non";"Non";"Non";"Non";"Non";"Non";"Non";"Non";"Non";"Non";"Non";"Oui";"Non";"Oui";"Non";"Oui";"Non";"Oui";"Non";"Non";"410.77";"106.76";"";"";"";"";"";"";"";"";"";"";"";"";"";"";"138.44";"";"";"";"";"";"";"";"";"";"";"";"";"";"";"";"";"54.48";"";"106";"";"";"";"";"";"5.09";""
"559";"2026-05-05 22:13:45";"5";"fr";"1653017331";"2026-05-05 21:56:20";"2026-05-05 22:13:45";"41";"Féminin";"92";"≥ Bac + 3";"8";"Non";"Non";"Non";"Oui";"Non";"2";"9ans -12 ans";"Oui";"Non";"Non";"Non";"";"Coupure,  brûlures, chutes, traumatisme divers";"Non";"4";"Non";"Non";"Non";"Oui";"Non";"Non";"Non";"";"Thermique";"Liquide chaud";"Environ 40%";"Accidentelles";"";"Les 0-4 ans";"Les 0-4 ans";"Chez les garçons/hommes";"La cuisine";"";"Plaquette cuisson  four, eau bouillante, huile chaude, biberon, eau du bain, produits chimiques ";"Oui, et la brûlure est grave";"37°C";"Non";"Non";"Oui";"Oui";"Non";"Oui";"La bouche";"Oui";"Non";"Oui";"Non";"Oui";"Oui";"Oui";"Non";"Oui";"Non";"Non";"Oui";"Oui";"Oui";"Oui";"Oui";"Non";"Oui";"Oui";"Non";"";"4";"Non";"Oui";"Non";"Oui";"Oui";"Non";"Oui";"Oui";"Non";"Oui";"Non";"Non";"Non";"Non";"Oui";"Non";"Non";"Non";"Non";"Non";"Oui";"Non";"Oui";"Oui";"Oui";"Non";"Oui";"Non";"Non";"1046.23";"206";"";"";"";"";"";"";"";"";"";"";"";"";"";"";"457.48";"";"";"";"";"";"";"";"";"";"";"";"";"";"";"";"";"138.88";"";"226.68";"";"";"";"";"";"17.19";""
"560";"2026-05-06 10:42:21";"5";"fr";"1222549056";"2026-05-06 10:34:14";"2026-05-06 10:42:21";"23";"Féminin";"56";"Inférieur au baccalauréat";"4";"Non";"Oui";"Non";"Non";"Oui";"1";"2 mois ";"Oui";"Non";"Oui";"Non";"";"Risque étouffement 
Les chutes ";"Non";"3";"Oui";"Non";"Oui";"Oui";"Non";"Non";"Oui";"";"Par frottement";"Solide chaud";"Moins de 10%";"Accidentelles";"";"";"";"Autant chez les filles/femmes que les garçons/hommes";"La cuisine";"";"Par les bougies ";"Oui, et la brûlure est grave";"37°C";"Non";"Non";"Oui";"Non";"Non";"Non";"Le dos de la main";"Oui";"Non";"Oui";"Oui";"Oui";"Oui";"Oui";"Oui";"Oui";"Non";"Non";"Oui";"Oui";"Oui";"Oui";"Oui";"Oui";"Oui";"Oui";"Non";"";"5";"Non";"Oui";"Non";"Non";"Oui";"Oui";"Oui";"Oui";"Non";"Non";"Non";"Non";"Oui";"Non";"Oui";"Non";"Non";"Non";"Non";"Non";"Oui";"Non";"Oui";"Oui";"Non";"Non";"Oui";"Oui";"Non";"488.11";"133.65";"";"";"";"";"";"";"";"";"";"";"";"";"";"";"152.74";"";"";"";"";"";"";"";"";"";"";"";"";"";"";"";"";"62.68";"";"131.61";"";"";"";"";"";"7.43";""
"561";"2026-05-07 08:28:21";"5";"fr";"2081938582";"2026-05-07 08:17:41";"2026-05-07 08:28:21";"30";"Féminin";"38";"≥ Bac + 3";"6";"Oui";"Non";"Non";"Non";"Oui";"2";"3 mois - 4 ans";"Oui";"Non";"Non";"Non";"";"Risques de chutes, de brûlure, d'étouffement, d'empoisonnement";"Non";"5";"Non";"Non";"Non";"Oui";"Non";"Non";"Non";"";"Thermique";"Liquide chaud";"Plus de 60%";"Accidentelles";"";"Les 0-4 ans";"Les 0-4 ans";"Autant chez les filles/femmes que les garçons/hommes";"La cuisine";"";"Interaction avec des casseroles chaudes, avec du thé/café, avec le fer à repasser, avec une cheminée.";"Oui, et la brûlure est superficielle";"35°C";"Non";"Non";"Oui";"Oui";"Non";"Oui";"Le poignet (côté paume de la main)";"Oui";"Non";"Oui";"Non";"Oui";"Non";"Oui";"Oui";"Non";"Oui";"Oui";"Oui";"Oui";"Non";"Oui";"Non";"Oui";"Oui";"Oui";"Non";"";"4";"Non";"Non";"Non";"Oui";"Oui";"Non";"Oui";"Non";"Non";"Oui";"Non";"Non";"Non";"Non";"Oui";"Non";"Non";"Oui";"Non";"Non";"Oui";"Non";"Oui";"Oui";"Oui";"Non";"Oui";"Oui";"Oui";"639.68";"179.72";"";"";"";"";"";"";"";"";"";"";"";"";"";"";"239.33";"";"";"";"";"";"";"";"";"";"";"";"";"";"";"";"";"72.8";"";"140.11";"";"";"";"";"";"7.72";""
"562";"2026-05-07 08:41:12";"5";"fr";"943305569";"2026-05-07 08:31:23";"2026-05-07 08:41:12";"31";"Masculin";"38";"≥ Bac + 3";"7";"Non";"Non";"Non";"Non";"Non";"2";"2 mois - 4 ans";"Oui";"Non";"Non";"Non";"";"Plein";"Non";"4";"Oui";"Non";"Oui";"Oui";"Non";"Non";"Non";"Education personnelle";"Thermique";"Solide chaud";"Plus de 60%";"Accidentelles";"";"Les 5-14 ans";"Les 0-4 ans";"Autant chez les filles/femmes que les garçons/hommes";"Autre";"Toutes";"Pleins";"Oui, et la brûlure est grave";"37°C";"Oui";"Non";"Oui";"Oui";"Non";"Oui";"Le poignet (côté paume de la main)";"Oui";"Non";"Oui";"Non";"Oui";"Oui";"Oui";"Oui";"Non";"Oui";"Non";"Oui";"Oui";"Oui";"Oui";"Non";"Oui";"Oui";"Oui";"Non";"";"4";"Non";"Oui";"Oui";"Non";"Non";"Non";"Oui";"Oui";"Oui";"Non";"Non";"Non";"Non";"Oui";"Oui";"Non";"Non";"Non";"Non";"Non";"Oui";"Non";"Oui";"Oui";"Oui";"Non";"Oui";"Oui";"N/A";"589.28";"126.74";"";"";"";"";"";"";"";"";"";"";"";"";"";"";"198.3";"";"";"";"";"";"";"";"";"";"";"";"";"";"";"";"";"77.44";"";"180.27";"";"";"";"";"";"6.53";""
"563";"2026-05-07 14:44:01";"5";"fr";"1862333549";"2026-05-07 14:23:29";"2026-05-07 14:44:01";"35";"Masculin";"92";"≥ Bac + 3";"6";"Non";"Non";"Non";"Non";"Non";"2";"10 mois - 2ans";"Non";"Oui";"Non";"Non";"";"Blessures lors du chutes. Pincement doigts dans des portes. Avaler des petits objets, étouffement avec nourriture coupé pas assez petite. ";"Non";"2";"Oui";"Non";"Non";"Non";"Non";"Non";"Non";"";"Thermique";"Liquide chaud";"Plus de 60%";"Accidentelles";"";"Les 0-4 ans";"Les 0-4 ans";"Autant chez les filles/femmes que les garçons/hommes";"La cuisine";"";"Toucher les plats sortants du four. 
Toucher la bouilloire, une poêle chaude.
Manger quelque chose de trop chaux
Toucher une ampoule chaude
Toucher le robinet dans la baignoire ";"Oui, et la brûlure est superficielle";"37°C";"Oui";"Non";"Oui";"Oui";"Non";"Oui";"La bouche";"Oui";"Non";"Oui";"Non";"Oui";"Oui";"Oui";"Non";"Oui";"Non";"Non";"Oui";"Oui";"Non";"Oui";"Oui";"Oui";"Oui";"Non";"Non";"";"3";"Non";"Oui";"Oui";"Non";"Oui";"Non";"Oui";"Oui";"Non";"Oui";"Non";"Non";"Non";"Non";"Oui";"Non";"Oui";"Non";"Non";"Non";"Oui";"Non";"Oui";"Oui";"Oui";"Non";"Oui";"Non";"Oui";"1232.95";"326.31";"";"";"";"";"";"";"";"";"";"";"";"";"";"";"523.14";"";"";"";"";"";"";"";"";"";"";"";"";"";"";"";"";"99.08";"";"275.85";"";"";"";"";"";"8.57";""

